feature,total,top_task,top_ratio,task1_name,task1_count,task1_ratio,task2_name,task2_count,task2_ratio,task3_name,task3_count,task3_ratio,task4_name,task4_count,task4_ratio,task5_name,task5_count,task5_ratio
0,404,chinese_zodiac,0.7029702970297029,chinese_zodiac,284,0.7029702970297029,hellaswag,32.0,0.07920792079207921,mmlu-philosophy,19.0,0.04702970297029703,mbpp,10.0,0.024752475247524754,mmlu-machine-learning,7.0,0.017326732673267328
1,1373,hellaswag,0.36125273124544793,hellaswag,496,0.36125273124544793,mmlu-professional-law,268.0,0.19519300801165332,mmlu-high-school-government-and-politics,40.0,0.029133284777858703,mmlu-professional-psychology,36.0,0.026219956300072834,mmlu-logical-fallacies,32.0,0.023306627822286964
4,946,hellaswag,0.22938689217758984,hellaswag,217,0.22938689217758984,mmlu-professional-law,144.0,0.1522198731501057,mmlu-high-school-microeconomics,115.0,0.12156448202959831,mmlu-high-school-macroeconomics,60.0,0.06342494714587738,mmlu-nutrition,55.0,0.05813953488372093
5,1,hellaswag,1.0,hellaswag,1,1.0,,,,,,,,,,,,
6,173,chinese_zodiac,0.32947976878612717,chinese_zodiac,57,0.32947976878612717,mmlu-high-school-world-history,19.0,0.10982658959537572,hellaswag,18.0,0.10404624277456648,mmlu-elementary-mathematics,8.0,0.046242774566473986,mmlu-high-school-mathematics,8.0,0.046242774566473986
7,130,hellaswag,0.36153846153846153,hellaswag,47,0.36153846153846153,mmlu-professional-law,24.0,0.18461538461538463,consensus_summary,10.0,0.07692307692307693,mmlu-high-school-macroeconomics,5.0,0.038461538461538464,mmlu-elementary-mathematics,4.0,0.03076923076923077
10,1486,arc-challenge,0.1641991924629879,arc-challenge,244,0.1641991924629879,mmlu-high-school-psychology,202.0,0.13593539703903096,hellaswag,159.0,0.10699865410497982,mmlu-professional-psychology,130.0,0.08748317631224764,mmlu-philosophy,77.0,0.051816958277254375
11,3,hellaswag,0.6666666666666666,hellaswag,2,0.6666666666666666,mmlu-professional-law,1.0,0.3333333333333333,,,,,,,,,
12,1,mtbench,1.0,mtbench,1,1.0,,,,,,,,,,,,
13,68,hellaswag,0.39705882352941174,hellaswag,27,0.39705882352941174,arc-challenge,16.0,0.23529411764705882,mmlu-nutrition,4.0,0.058823529411764705,mbpp,3.0,0.04411764705882353,mmlu-high-school-world-history,3.0,0.04411764705882353
15,388,hellaswag,0.5438144329896907,hellaswag,211,0.5438144329896907,mmlu-professional-law,56.0,0.14432989690721648,bias_detection,36.0,0.09278350515463918,mmlu-professional-accounting,15.0,0.03865979381443299,mmlu-international-law,9.0,0.023195876288659795
16,2,hellaswag,1.0,hellaswag,2,1.0,,,,,,,,,,,,
17,80,hellaswag,0.75,hellaswag,60,0.75,mmlu-miscellaneous,5.0,0.0625,mmlu-professional-law,4.0,0.05,mmlu-international-law,3.0,0.0375,arc-challenge,2.0,0.025
19,2859,hellaswag,0.4281217208814271,hellaswag,1224,0.4281217208814271,mmlu-professional-law,183.0,0.06400839454354669,arc-challenge,149.0,0.05211612451906261,mmlu-high-school-macroeconomics,147.0,0.05141657922350472,winogrande,105.0,0.03672612801678909
20,1418,hellaswag,0.8794076163610719,hellaswag,1247,0.8794076163610719,winogrande,55.0,0.038787023977433006,mmlu-miscellaneous,25.0,0.01763046544428773,arc-challenge,21.0,0.014809590973201692,mmlu-high-school-psychology,9.0,0.006346967559943582
22,549,hellaswag,0.39162112932604737,hellaswag,215,0.39162112932604737,mmlu-security-studies,22.0,0.04007285974499089,arc-challenge,21.0,0.03825136612021858,winogrande,21.0,0.03825136612021858,mmlu-high-school-statistics,18.0,0.03278688524590164
23,90,hellaswag,0.12222222222222222,hellaswag,11,0.12222222222222222,arc-challenge,8.0,0.08888888888888889,mmlu-computer-security,8.0,0.08888888888888889,mbpp,7.0,0.07777777777777778,mmlu-college-chemistry,6.0,0.06666666666666667
24,243,hellaswag,0.5349794238683128,hellaswag,130,0.5349794238683128,winogrande,38.0,0.15637860082304528,mbpp,21.0,0.08641975308641975,mmlu-miscellaneous,14.0,0.05761316872427984,chinese_modern_poem_identification,7.0,0.02880658436213992
25,1,hellaswag,1.0,hellaswag,1,1.0,,,,,,,,,,,,
27,966,hellaswag,0.386128364389234,hellaswag,373,0.386128364389234,winogrande,174.0,0.18012422360248448,arc-challenge,37.0,0.038302277432712216,mmlu-high-school-us-history,35.0,0.036231884057971016,mmlu-sociology,24.0,0.024844720496894408
29,1228,hellaswag,0.26384364820846906,hellaswag,324,0.26384364820846906,mmlu-professional-law,257.0,0.20928338762214985,mmlu-security-studies,95.0,0.07736156351791532,mmlu-moral-disputes,47.0,0.038273615635179156,mmlu-high-school-us-history,44.0,0.035830618892508145
30,3,mbpp,0.3333333333333333,mbpp,1,0.3333333333333333,mmlu-abstract-algebra,1.0,0.3333333333333333,mmlu-high-school-mathematics,1.0,0.3333333333333333,,,,,,
31,985,hellaswag,0.27614213197969545,hellaswag,272,0.27614213197969545,mmlu-high-school-macroeconomics,85.0,0.08629441624365482,abstract2title,84.0,0.08527918781725888,mmlu-security-studies,62.0,0.06294416243654823,mmlu-us-foreign-policy,54.0,0.05482233502538071
32,1546,hellaswag,0.11513583441138421,hellaswag,178,0.11513583441138421,abstract2title,164.0,0.10608020698576973,mmlu-nutrition,84.0,0.054333764553686936,mmlu-professional-law,79.0,0.05109961190168176,winogrande,73.0,0.04721862871927555
33,26,mmlu-public-relations,0.23076923076923078,mmlu-public-relations,6,0.23076923076923078,hellaswag,5.0,0.19230769230769232,mmlu-management,2.0,0.07692307692307693,mmlu-marketing,2.0,0.07692307692307693,mmlu-professional-psychology,2.0,0.07692307692307693
34,20,hellaswag,0.3,hellaswag,6,0.3,mmlu-college-mathematics,2.0,0.1,mmlu-miscellaneous,2.0,0.1,mmlu-professional-law,2.0,0.1,consensus_summary,1.0,0.05
37,1,consensus_summary,1.0,consensus_summary,1,1.0,,,,,,,,,,,,
39,1211,hellaswag,0.41701073492981006,hellaswag,505,0.41701073492981006,mmlu-virology,73.0,0.06028075970272502,mmlu-high-school-macroeconomics,48.0,0.03963666391412056,consensus_summary,39.0,0.03220478943022296,mmlu-professional-medicine,38.0,0.03137902559867878
40,5999,grade-school-math,0.993498916486081,grade-school-math,5960,0.993498916486081,mmlu-high-school-world-history,8.0,0.0013335555925987664,mmlu-miscellaneous,6.0,0.0010001666944490749,hellaswag,5.0,0.000833472245374229,mmlu-high-school-us-history,5.0,0.000833472245374229
41,9,bias_detection,0.3333333333333333,bias_detection,3,0.3333333333333333,mmlu-high-school-geography,2.0,0.2222222222222222,consensus_summary,1.0,0.1111111111111111,mmlu-prehistory,1.0,0.1111111111111111,mmlu-security-studies,1.0,0.1111111111111111
42,766,hellaswag,0.6671018276762402,hellaswag,511,0.6671018276762402,abstract2title,108.0,0.1409921671018277,winogrande,25.0,0.03263707571801567,mmlu-professional-medicine,17.0,0.022193211488250653,mmlu-virology,16.0,0.020887728459530026
43,86,mmlu-high-school-chemistry,0.16279069767441862,mmlu-high-school-chemistry,14,0.16279069767441862,mmlu-college-chemistry,9.0,0.10465116279069768,mmlu-high-school-mathematics,9.0,0.10465116279069768,mmlu-astronomy,6.0,0.06976744186046512,mbpp,5.0,0.05813953488372093
44,10,mmlu-high-school-us-history,0.5,mmlu-high-school-us-history,5,0.5,mmlu-high-school-european-history,3.0,0.3,mmlu-high-school-world-history,1.0,0.1,mmlu-sociology,1.0,0.1,,,
46,36,hellaswag,0.8333333333333334,hellaswag,30,0.8333333333333334,mmlu-prehistory,2.0,0.05555555555555555,mmlu-professional-law,2.0,0.05555555555555555,mmlu-clinical-knowledge,1.0,0.027777777777777776,mmlu-college-computer-science,1.0,0.027777777777777776
47,510,arc-challenge,0.12941176470588237,arc-challenge,66,0.12941176470588237,mmlu-abstract-algebra,43.0,0.08431372549019608,mmlu-electrical-engineering,41.0,0.0803921568627451,mmlu-high-school-chemistry,37.0,0.07254901960784314,mmlu-elementary-mathematics,35.0,0.06862745098039216
48,133,consensus_summary,0.3533834586466165,consensus_summary,47,0.3533834586466165,hellaswag,11.0,0.08270676691729323,arc-challenge,8.0,0.06015037593984962,mmlu-high-school-chemistry,8.0,0.06015037593984962,mmlu-moral-disputes,6.0,0.045112781954887216
49,986,mmlu-moral-scenarios,0.6643002028397565,mmlu-moral-scenarios,655,0.6643002028397565,mmlu-philosophy,106.0,0.1075050709939148,mmlu-moral-disputes,65.0,0.06592292089249494,mmlu-logical-fallacies,20.0,0.02028397565922921,mmlu-professional-psychology,20.0,0.02028397565922921
52,18,hellaswag,0.5,hellaswag,9,0.5,consensus_summary,3.0,0.16666666666666666,mbpp,2.0,0.1111111111111111,mmlu-professional-law,2.0,0.1111111111111111,mmlu-high-school-european-history,1.0,0.05555555555555555
53,564,mmlu-moral-scenarios,0.4592198581560284,mmlu-moral-scenarios,259,0.4592198581560284,hellaswag,178.0,0.31560283687943264,mmlu-high-school-psychology,23.0,0.040780141843971635,arc-challenge,15.0,0.026595744680851064,mmlu-professional-psychology,9.0,0.015957446808510637
55,1149,hellaswag,0.6492602262837249,hellaswag,746,0.6492602262837249,winogrande,69.0,0.06005221932114883,consensus_summary,40.0,0.034812880765883375,mmlu-professional-law,29.0,0.025239338555265448,arc-challenge,25.0,0.02175805047867711
56,174,hellaswag,0.21839080459770116,hellaswag,38,0.21839080459770116,mmlu-high-school-statistics,15.0,0.08620689655172414,arc-challenge,9.0,0.05172413793103448,mmlu-professional-psychology,9.0,0.05172413793103448,mmlu-econometrics,8.0,0.04597701149425287
57,326,mmlu-professional-law,0.2392638036809816,mmlu-professional-law,78,0.2392638036809816,mmlu-elementary-mathematics,33.0,0.10122699386503067,hellaswag,31.0,0.0950920245398773,arc-challenge,22.0,0.06748466257668712,mmlu-high-school-statistics,18.0,0.05521472392638037
58,190,hellaswag,0.32105263157894737,hellaswag,61,0.32105263157894737,arc-challenge,20.0,0.10526315789473684,mmlu-miscellaneous,13.0,0.06842105263157895,mmlu-high-school-us-history,11.0,0.05789473684210526,mmlu-high-school-world-history,10.0,0.05263157894736842
62,142,hellaswag,0.3873239436619718,hellaswag,55,0.3873239436619718,chinese_zodiac,16.0,0.11267605633802817,bias_detection,9.0,0.06338028169014084,mmlu-miscellaneous,9.0,0.06338028169014084,arc-challenge,6.0,0.04225352112676056
65,3,mbpp,0.6666666666666666,mbpp,2,0.6666666666666666,mmlu-professional-law,1.0,0.3333333333333333,,,,,,,,,
66,1201,hellaswag,0.2622814321398834,hellaswag,315,0.2622814321398834,mmlu-professional-law,192.0,0.15986677768526228,bias_detection,86.0,0.07160699417152373,arc-challenge,68.0,0.05661948376353039,mmlu-high-school-government-and-politics,58.0,0.04829308909242298
67,96,mmlu-professional-law,0.2604166666666667,mmlu-professional-law,25,0.2604166666666667,hellaswag,19.0,0.19791666666666666,mmlu-miscellaneous,13.0,0.13541666666666666,mmlu-electrical-engineering,6.0,0.0625,consensus_summary,5.0,0.052083333333333336
68,343,hellaswag,0.16326530612244897,hellaswag,56,0.16326530612244897,mmlu-security-studies,35.0,0.10204081632653061,mmlu-miscellaneous,28.0,0.08163265306122448,Chinese_character_riddles,22.0,0.0641399416909621,mmlu-high-school-geography,19.0,0.05539358600583091
69,42,hellaswag,0.6190476190476191,hellaswag,26,0.6190476190476191,mmlu-high-school-world-history,4.0,0.09523809523809523,mbpp,3.0,0.07142857142857142,abstract2title,2.0,0.047619047619047616,mmlu-miscellaneous,2.0,0.047619047619047616
71,207,mmlu-professional-law,0.5265700483091788,mmlu-professional-law,109,0.5265700483091788,hellaswag,55.0,0.26570048309178745,mmlu-high-school-us-history,7.0,0.033816425120772944,mmlu-professional-accounting,7.0,0.033816425120772944,mmlu-miscellaneous,5.0,0.024154589371980676
73,1102,hellaswag,0.3838475499092559,hellaswag,423,0.3838475499092559,mmlu-marketing,49.0,0.04446460980036298,winogrande,48.0,0.043557168784029036,mmlu-professional-psychology,38.0,0.034482758620689655,mmlu-high-school-psychology,37.0,0.03357531760435572
74,54,hellaswag,0.5555555555555556,hellaswag,30,0.5555555555555556,consensus_summary,8.0,0.14814814814814814,mbpp,2.0,0.037037037037037035,mmlu-high-school-us-history,2.0,0.037037037037037035,mmlu-high-school-world-history,2.0,0.037037037037037035
75,3253,hellaswag,0.11835229019366739,hellaswag,385,0.11835229019366739,winogrande,298.0,0.09160774669535814,arc-challenge,268.0,0.0823854903166308,mmlu-professional-psychology,172.0,0.05287426990470335,mmlu-high-school-psychology,149.0,0.04580387334767907
76,5,hellaswag,0.6,hellaswag,3,0.6,mmlu-high-school-world-history,2.0,0.4,,,,,,,,,
77,2,hellaswag,0.5,hellaswag,1,0.5,mmlu-college-biology,1.0,0.5,,,,,,,,,
78,1872,hellaswag,0.4951923076923077,hellaswag,927,0.4951923076923077,consensus_summary,184.0,0.09829059829059829,arc-challenge,131.0,0.06997863247863248,mmlu-nutrition,92.0,0.049145299145299144,mmlu-security-studies,43.0,0.022970085470085472
79,1436,mmlu-professional-law,0.4714484679665738,mmlu-professional-law,677,0.4714484679665738,hellaswag,244.0,0.16991643454038996,bias_detection,134.0,0.09331476323119778,mmlu-logical-fallacies,37.0,0.02576601671309192,mmlu-professional-psychology,30.0,0.020891364902506964
85,2619,mmlu-moral-scenarios,0.2531500572737686,mmlu-moral-scenarios,663,0.2531500572737686,hellaswag,287.0,0.10958381061473844,chinese_zodiac,284.0,0.10843833524245895,mmlu-high-school-macroeconomics,114.0,0.043528064146620846,mmlu-moral-disputes,112.0,0.042764413898434515
86,572,arc-challenge,0.10839160839160839,arc-challenge,62,0.10839160839160839,mmlu-elementary-mathematics,59.0,0.10314685314685315,mmlu-professional-medicine,46.0,0.08041958041958042,hellaswag,41.0,0.07167832167832168,mmlu-conceptual-physics,35.0,0.06118881118881119
88,10,hellaswag,0.4,hellaswag,4,0.4,consensus_summary,2.0,0.2,mbpp,1.0,0.1,mmlu-econometrics,1.0,0.1,mmlu-professional-law,1.0,0.1
89,7,mmlu-econometrics,0.2857142857142857,mmlu-econometrics,2,0.2857142857142857,mmlu-professional-law,2.0,0.2857142857142857,hellaswag,1.0,0.14285714285714285,mmlu-high-school-chemistry,1.0,0.14285714285714285,mmlu-machine-learning,1.0,0.14285714285714285
90,1,mbpp,1.0,mbpp,1,1.0,,,,,,,,,,,,
91,8,hellaswag,0.25,hellaswag,2,0.25,mmlu-miscellaneous,2.0,0.25,mmlu-clinical-knowledge,1.0,0.125,mmlu-conceptual-physics,1.0,0.125,mmlu-elementary-mathematics,1.0,0.125
92,1724,hellaswag,0.1334106728538283,hellaswag,230,0.1334106728538283,mmlu-elementary-mathematics,226.0,0.13109048723897912,mmlu-high-school-mathematics,115.0,0.06670533642691415,mmlu-miscellaneous,107.0,0.06206496519721578,mmlu-prehistory,104.0,0.060324825986078884
94,1102,hellaswag,0.4573502722323049,hellaswag,504,0.4573502722323049,arc-challenge,80.0,0.07259528130671507,winogrande,52.0,0.047186932849364795,mmlu-professional-law,33.0,0.029945553539019964,mmlu-miscellaneous,31.0,0.028130671506352088
95,53,hellaswag,0.37735849056603776,hellaswag,20,0.37735849056603776,mmlu-professional-psychology,9.0,0.16981132075471697,mmlu-human-aging,7.0,0.1320754716981132,consensus_summary,5.0,0.09433962264150944,arc-challenge,3.0,0.05660377358490566
96,326,mmlu-professional-law,0.18711656441717792,mmlu-professional-law,61,0.18711656441717792,hellaswag,47.0,0.1441717791411043,mmlu-nutrition,30.0,0.09202453987730061,mmlu-professional-psychology,22.0,0.06748466257668712,mmlu-moral-disputes,18.0,0.05521472392638037
97,2581,hellaswag,0.18171251452925222,hellaswag,469,0.18171251452925222,mmlu-professional-accounting,174.0,0.06741573033707865,mmlu-high-school-macroeconomics,169.0,0.06547849670670283,arc-challenge,165.0,0.06392870980240217,mmlu-miscellaneous,110.0,0.04261913986826811
98,2,mmlu-high-school-physics,0.5,mmlu-high-school-physics,1,0.5,mmlu-professional-law,1.0,0.5,,,,,,,,,
99,3,consensus_summary,0.3333333333333333,consensus_summary,1,0.3333333333333333,mmlu-high-school-european-history,1.0,0.3333333333333333,mtbench-reference,1.0,0.3333333333333333,,,,,,
100,5983,grade-school-math,0.9961557746949691,grade-school-math,5960,0.9961557746949691,mmlu-high-school-microeconomics,4.0,0.0006685609226140733,hellaswag,3.0,0.0005014206919605549,mmlu-international-law,3.0,0.0005014206919605549,winogrande,3.0,0.0005014206919605549
101,2,hellaswag,0.5,hellaswag,1,0.5,mmlu-high-school-world-history,1.0,0.5,,,,,,,,,
102,2996,hellaswag,0.5964619492656876,hellaswag,1787,0.5964619492656876,arc-challenge,102.0,0.03404539385847797,winogrande,100.0,0.03337783711615487,mmlu-professional-psychology,77.0,0.02570093457943925,mbpp,72.0,0.02403204272363151
104,2,mbpp,1.0,mbpp,2,1.0,,,,,,,,,,,,
105,1600,hellaswag,0.124375,hellaswag,199,0.124375,mmlu-professional-accounting,115.0,0.071875,mmlu-marketing,105.0,0.065625,mmlu-high-school-microeconomics,87.0,0.054375,arc-challenge,85.0,0.053125
107,1103,hellaswag,0.6591115140525838,hellaswag,727,0.6591115140525838,mbpp,31.0,0.028105167724388033,arc-challenge,27.0,0.024478694469628286,winogrande,20.0,0.01813236627379873,mmlu-sociology,18.0,0.016319129646418858
108,1752,winogrande,0.2785388127853881,winogrande,488,0.2785388127853881,hellaswag,382.0,0.2180365296803653,chinese_zodiac,242.0,0.13812785388127855,arc-challenge,113.0,0.06449771689497717,mmlu-miscellaneous,65.0,0.037100456621004564
109,106,mmlu-professional-psychology,0.20754716981132076,mmlu-professional-psychology,22,0.20754716981132076,mmlu-high-school-psychology,21.0,0.19811320754716982,hellaswag,13.0,0.12264150943396226,mmlu-philosophy,5.0,0.04716981132075472,mmlu-business-ethics,4.0,0.03773584905660377
111,2,abstract2title,0.5,abstract2title,1,0.5,hellaswag,1.0,0.5,,,,,,,,,
112,6,Chinese_character_riddles,1.0,Chinese_character_riddles,6,1.0,,,,,,,,,,,,
113,4,mmlu-high-school-world-history,1.0,mmlu-high-school-world-history,4,1.0,,,,,,,,,,,,
117,1,hellaswag,1.0,hellaswag,1,1.0,,,,,,,,,,,,
119,23,hellaswag,0.17391304347826086,hellaswag,4,0.17391304347826086,mmlu-professional-law,3.0,0.13043478260869565,arc-challenge,1.0,0.043478260869565216,consensus_summary,1.0,0.043478260869565216,mbpp,1.0,0.043478260869565216
120,124,mmlu-high-school-world-history,0.18548387096774194,mmlu-high-school-world-history,23,0.18548387096774194,hellaswag,15.0,0.12096774193548387,mmlu-professional-accounting,10.0,0.08064516129032258,mmlu-high-school-european-history,9.0,0.07258064516129033,mmlu-high-school-us-history,7.0,0.056451612903225805
121,1,consensus_summary,1.0,consensus_summary,1,1.0,,,,,,,,,,,,
122,5968,grade-school-math,0.9986595174262735,grade-school-math,5960,0.9986595174262735,mmlu-professional-law,3.0,0.0005026809651474531,mbpp,1.0,0.0001675603217158177,mmlu-electrical-engineering,1.0,0.0001675603217158177,mmlu-elementary-mathematics,1.0,0.0001675603217158177
126,501,hellaswag,0.20359281437125748,hellaswag,102,0.20359281437125748,chinese_zodiac,85.0,0.16966067864271456,arc-challenge,84.0,0.16766467065868262,mmlu-miscellaneous,27.0,0.05389221556886228,mmlu-conceptual-physics,20.0,0.03992015968063872
127,156,mbpp,0.8012820512820513,mbpp,125,0.8012820512820513,mmlu-high-school-european-history,8.0,0.05128205128205128,hellaswag,4.0,0.02564102564102564,mmlu-high-school-world-history,4.0,0.02564102564102564,mmlu-high-school-us-history,3.0,0.019230769230769232
128,2,abstract2title,1.0,abstract2title,2,1.0,,,,,,,,,,,,
129,1073,hellaswag,0.7306616961789375,hellaswag,784,0.7306616961789375,mmlu-professional-law,57.0,0.05312208760484623,winogrande,49.0,0.045666356011183594,arc-challenge,21.0,0.0195712954333644,mmlu-miscellaneous,21.0,0.0195712954333644
130,1611,mmlu-professional-law,0.29608938547486036,mmlu-professional-law,477,0.29608938547486036,hellaswag,182.0,0.11297330850403477,mmlu-elementary-mathematics,80.0,0.04965859714463067,mmlu-high-school-macroeconomics,76.0,0.04717566728739913,mmlu-high-school-psychology,70.0,0.043451272501551834
131,66,mmlu-professional-law,0.3787878787878788,mmlu-professional-law,25,0.3787878787878788,hellaswag,16.0,0.24242424242424243,winogrande,8.0,0.12121212121212122,consensus_summary,5.0,0.07575757575757576,mmlu-machine-learning,5.0,0.07575757575757576
132,427,hellaswag,0.8266978922716628,hellaswag,353,0.8266978922716628,mmlu-conceptual-physics,10.0,0.0234192037470726,mmlu-high-school-mathematics,8.0,0.01873536299765808,mmlu-miscellaneous,6.0,0.01405152224824356,consensus_summary,5.0,0.0117096018735363
133,5,mmlu-high-school-us-history,0.4,mmlu-high-school-us-history,2,0.4,mmlu-high-school-biology,1.0,0.2,mmlu-high-school-mathematics,1.0,0.2,mmlu-sociology,1.0,0.2,,,
134,1545,hellaswag,0.23106796116504855,hellaswag,357,0.23106796116504855,mmlu-professional-accounting,118.0,0.07637540453074433,mmlu-high-school-macroeconomics,107.0,0.06925566343042071,winogrande,104.0,0.06731391585760518,mmlu-high-school-microeconomics,103.0,0.06666666666666667
135,1138,hellaswag,0.327768014059754,hellaswag,373,0.327768014059754,bias_detection,129.0,0.11335676625659051,mmlu-professional-law,106.0,0.09314586994727592,mmlu-high-school-world-history,37.0,0.03251318101933216,consensus_summary,28.0,0.02460456942003515
136,16,hellaswag,0.3125,hellaswag,5,0.3125,mmlu-high-school-world-history,4.0,0.25,consensus_summary,2.0,0.125,arc-challenge,1.0,0.0625,mbpp,1.0,0.0625
138,17,hellaswag,0.5294117647058824,hellaswag,9,0.5294117647058824,mmlu-security-studies,2.0,0.11764705882352941,mmlu-clinical-knowledge,1.0,0.058823529411764705,mmlu-college-chemistry,1.0,0.058823529411764705,mmlu-college-medicine,1.0,0.058823529411764705
139,420,arc-challenge,0.3047619047619048,arc-challenge,128,0.3047619047619048,hellaswag,68.0,0.1619047619047619,winogrande,34.0,0.08095238095238096,mmlu-high-school-biology,17.0,0.04047619047619048,consensus_summary,14.0,0.03333333333333333
140,698,abstract2title,0.27793696275071633,abstract2title,194,0.27793696275071633,bias_detection,139.0,0.1991404011461318,hellaswag,83.0,0.11891117478510028,arc-challenge,58.0,0.0830945558739255,mmlu-high-school-psychology,20.0,0.02865329512893983
141,1,mtbench,1.0,mtbench,1,1.0,,,,,,,,,,,,
143,1,mtbench-reference,1.0,mtbench-reference,1,1.0,,,,,,,,,,,,
145,77,abstract2title,0.11688311688311688,abstract2title,9,0.11688311688311688,mmlu-astronomy,8.0,0.1038961038961039,mmlu-miscellaneous,8.0,0.1038961038961039,mmlu-world-religions,8.0,0.1038961038961039,mmlu-conceptual-physics,6.0,0.07792207792207792
146,284,hellaswag,0.38380281690140844,hellaswag,109,0.38380281690140844,arc-challenge,26.0,0.09154929577464789,mmlu-world-religions,22.0,0.07746478873239436,mmlu-high-school-biology,17.0,0.05985915492957746,mmlu-high-school-chemistry,13.0,0.045774647887323945
147,744,hellaswag,0.34543010752688175,hellaswag,257,0.34543010752688175,mmlu-professional-medicine,147.0,0.1975806451612903,mmlu-professional-law,26.0,0.03494623655913978,mmlu-high-school-us-history,21.0,0.028225806451612902,winogrande,17.0,0.0228494623655914
148,574,hellaswag,0.6341463414634146,hellaswag,364,0.6341463414634146,bias_detection,113.0,0.19686411149825783,consensus_summary,55.0,0.09581881533101046,arc-challenge,4.0,0.006968641114982578,mbpp,3.0,0.005226480836236934
150,1,hellaswag,1.0,hellaswag,1,1.0,,,,,,,,,,,,
152,265,hellaswag,0.8075471698113208,hellaswag,214,0.8075471698113208,mmlu-professional-law,16.0,0.06037735849056604,mmlu-high-school-mathematics,5.0,0.018867924528301886,arc-challenge,4.0,0.01509433962264151,mmlu-elementary-mathematics,3.0,0.011320754716981131
153,1450,mmlu-philosophy,0.12551724137931033,mmlu-philosophy,182,0.12551724137931033,hellaswag,121.0,0.08344827586206896,mmlu-moral-disputes,92.0,0.06344827586206897,winogrande,86.0,0.05931034482758621,mmlu-world-religions,75.0,0.05172413793103448
154,454,chinese_zodiac,0.6255506607929515,chinese_zodiac,284,0.6255506607929515,Chinese_character_riddles,20.0,0.04405286343612335,mmlu-professional-law,18.0,0.039647577092511016,chinese_tang_poetries,15.0,0.03303964757709251,chinese_famous_novel,10.0,0.022026431718061675
155,20,hellaswag,0.5,hellaswag,10,0.5,mmlu-clinical-knowledge,2.0,0.1,mmlu-virology,2.0,0.1,abstract2title,1.0,0.05,arc-challenge,1.0,0.05
156,59,mbpp,0.3559322033898305,mbpp,21,0.3559322033898305,hellaswag,15.0,0.2542372881355932,mmlu-high-school-us-history,8.0,0.13559322033898305,consensus_summary,6.0,0.1016949152542373,mmlu-abstract-algebra,1.0,0.01694915254237288
157,2036,hellaswag,0.4611984282907662,hellaswag,939,0.4611984282907662,arc-challenge,157.0,0.07711198428290766,mmlu-miscellaneous,104.0,0.05108055009823183,winogrande,88.0,0.043222003929273084,mmlu-marketing,70.0,0.0343811394891945
158,133,hellaswag,0.3082706766917293,hellaswag,41,0.3082706766917293,mmlu-professional-law,17.0,0.12781954887218044,consensus_summary,11.0,0.08270676691729323,mmlu-high-school-us-history,10.0,0.07518796992481203,mmlu-high-school-world-history,8.0,0.06015037593984962
159,1705,hellaswag,0.17947214076246334,hellaswag,306,0.17947214076246334,mmlu-high-school-psychology,175.0,0.10263929618768329,mmlu-professional-psychology,154.0,0.09032258064516129,arc-challenge,140.0,0.08211143695014662,mmlu-marketing,110.0,0.06451612903225806
160,199,winogrande,0.2964824120603015,winogrande,59,0.2964824120603015,mmlu-miscellaneous,32.0,0.16080402010050251,consensus_summary,9.0,0.04522613065326633,mmlu-professional-psychology,8.0,0.04020100502512563,mmlu-conceptual-physics,7.0,0.035175879396984924
164,9,chinese_homonym,0.4444444444444444,chinese_homonym,4,0.4444444444444444,chinese_famous_novel,3.0,0.3333333333333333,chinese-lantern-riddles,1.0,0.1111111111111111,mtbench-reference,1.0,0.1111111111111111,,,
165,1767,hellaswag,0.40237691001697795,hellaswag,711,0.40237691001697795,chinese_zodiac,165.0,0.0933786078098472,arc-challenge,94.0,0.05319750990379174,mmlu-high-school-psychology,60.0,0.03395585738539898,mmlu-high-school-world-history,58.0,0.032823995472552346
166,476,hellaswag,0.37184873949579833,hellaswag,177,0.37184873949579833,mmlu-high-school-european-history,34.0,0.07142857142857142,consensus_summary,27.0,0.05672268907563025,arc-challenge,20.0,0.04201680672268908,mmlu-professional-law,20.0,0.04201680672268908
172,456,mmlu-professional-law,0.22149122807017543,mmlu-professional-law,101,0.22149122807017543,hellaswag,85.0,0.18640350877192982,mmlu-moral-scenarios,50.0,0.10964912280701754,arc-challenge,43.0,0.09429824561403509,mmlu-logical-fallacies,23.0,0.05043859649122807
173,185,hellaswag,0.5891891891891892,hellaswag,109,0.5891891891891892,consensus_summary,29.0,0.15675675675675677,mmlu-professional-medicine,18.0,0.0972972972972973,mmlu-clinical-knowledge,4.0,0.021621621621621623,arc-challenge,3.0,0.016216216216216217
174,43,hellaswag,0.3023255813953488,hellaswag,13,0.3023255813953488,mmlu-professional-law,7.0,0.16279069767441862,mmlu-moral-disputes,4.0,0.09302325581395349,mmlu-high-school-microeconomics,3.0,0.06976744186046512,mmlu-philosophy,3.0,0.06976744186046512
175,3,mmlu-professional-law,0.6666666666666666,mmlu-professional-law,2,0.6666666666666666,hellaswag,1.0,0.3333333333333333,,,,,,,,,
176,2401,hellaswag,0.6643065389421074,hellaswag,1595,0.6643065389421074,arc-challenge,87.0,0.036234902124114954,mmlu-professional-law,52.0,0.021657642648896292,mmlu-formal-logic,50.0,0.02082465639316951,winogrande,46.0,0.019158683881715953
181,114,hellaswag,0.6578947368421053,hellaswag,75,0.6578947368421053,winogrande,9.0,0.07894736842105263,mmlu-professional-psychology,5.0,0.043859649122807015,mmlu-clinical-knowledge,3.0,0.02631578947368421,accounting_audit,2.0,0.017543859649122806
182,371,hellaswag,0.5660377358490566,hellaswag,210,0.5660377358490566,mmlu-professional-law,35.0,0.09433962264150944,arc-challenge,24.0,0.0646900269541779,consensus_summary,12.0,0.03234501347708895,mmlu-sociology,12.0,0.03234501347708895
183,2,hellaswag,1.0,hellaswag,2,1.0,,,,,,,,,,,,
184,179,hellaswag,0.41899441340782123,hellaswag,75,0.41899441340782123,chinese_zodiac,71.0,0.39664804469273746,consensus_summary,17.0,0.09497206703910614,abstract2title,3.0,0.01675977653631285,mmlu-econometrics,3.0,0.01675977653631285
185,2805,hellaswag,0.9803921568627451,hellaswag,2750,0.9803921568627451,winogrande,10.0,0.0035650623885918,arc-challenge,7.0,0.0024955436720142605,mmlu-professional-psychology,5.0,0.0017825311942959,mmlu-miscellaneous,4.0,0.00142602495543672
186,1,mmlu-professional-law,1.0,mmlu-professional-law,1,1.0,,,,,,,,,,,,
188,1417,mmlu-professional-law,0.15031757233592097,mmlu-professional-law,213,0.15031757233592097,arc-challenge,153.0,0.10797459421312633,hellaswag,146.0,0.10303458009880029,winogrande,71.0,0.05010585744530699,mmlu-high-school-biology,63.0,0.04446012702893437
189,540,hellaswag,0.6166666666666667,hellaswag,333,0.6166666666666667,mmlu-miscellaneous,36.0,0.06666666666666667,winogrande,19.0,0.03518518518518519,mmlu-professional-medicine,15.0,0.027777777777777776,mmlu-elementary-mathematics,14.0,0.025925925925925925
190,1316,hellaswag,0.3525835866261398,hellaswag,464,0.3525835866261398,mbpp,217.0,0.16489361702127658,arc-challenge,70.0,0.05319148936170213,consensus_summary,62.0,0.04711246200607903,mmlu-nutrition,43.0,0.03267477203647416
194,1,mmlu-professional-law,1.0,mmlu-professional-law,1,1.0,,,,,,,,,,,,
195,30,mmlu-logical-fallacies,0.23333333333333334,mmlu-logical-fallacies,7,0.23333333333333334,mmlu-high-school-european-history,3.0,0.1,mmlu-security-studies,3.0,0.1,hellaswag,2.0,0.06666666666666667,mmlu-high-school-psychology,2.0,0.06666666666666667
197,1,consensus_summary,1.0,consensus_summary,1,1.0,,,,,,,,,,,,
198,3260,hellaswag,0.557361963190184,hellaswag,1817,0.557361963190184,mmlu-professional-law,352.0,0.10797546012269939,arc-challenge,219.0,0.06717791411042945,mmlu-high-school-psychology,93.0,0.02852760736196319,mmlu-high-school-statistics,78.0,0.02392638036809816
199,552,chinese_zodiac,0.5144927536231884,chinese_zodiac,284,0.5144927536231884,hellaswag,146.0,0.2644927536231884,winogrande,18.0,0.03260869565217391,arc-challenge,10.0,0.018115942028985508,mmlu-miscellaneous,8.0,0.014492753623188406
200,223,hellaswag,0.38565022421524664,hellaswag,86,0.38565022421524664,mmlu-professional-law,28.0,0.12556053811659193,arc-challenge,27.0,0.1210762331838565,winogrande,20.0,0.08968609865470852,mmlu-high-school-chemistry,8.0,0.03587443946188341
204,3,mmlu-professional-law,0.6666666666666666,mmlu-professional-law,2,0.6666666666666666,consensus_summary,1.0,0.3333333333333333,,,,,,,,,
206,204,hellaswag,0.27450980392156865,hellaswag,56,0.27450980392156865,mbpp,27.0,0.1323529411764706,arc-challenge,15.0,0.07352941176470588,abstract2title,12.0,0.058823529411764705,mmlu-high-school-chemistry,12.0,0.058823529411764705
207,108,hellaswag,0.5092592592592593,hellaswag,55,0.5092592592592593,abstract2title,14.0,0.12962962962962962,consensus_summary,9.0,0.08333333333333333,mmlu-global-facts,5.0,0.046296296296296294,arc-challenge,3.0,0.027777777777777776
208,2201,arc-challenge,0.17628350749659247,arc-challenge,388,0.17628350749659247,hellaswag,369.0,0.1676510676965016,winogrande,137.0,0.062244434348023625,mmlu-miscellaneous,93.0,0.04225352112676056,mmlu-conceptual-physics,91.0,0.04134484325306679
209,1174,hellaswag,0.7325383304940375,hellaswag,860,0.7325383304940375,mmlu-professional-law,53.0,0.04514480408858603,abstract2title,33.0,0.028109028960817718,arc-challenge,23.0,0.019591141396933562,winogrande,18.0,0.015332197614991482
211,5980,grade-school-math,0.9966555183946488,grade-school-math,5960,0.9966555183946488,hellaswag,12.0,0.002006688963210702,mmlu-miscellaneous,2.0,0.00033444816053511704,mmlu-world-religions,2.0,0.00033444816053511704,arc-challenge,1.0,0.00016722408026755852
213,228,hellaswag,0.2149122807017544,hellaswag,49,0.2149122807017544,mmlu-professional-medicine,17.0,0.07456140350877193,consensus_summary,16.0,0.07017543859649122,mmlu-professional-accounting,16.0,0.07017543859649122,mmlu-high-school-world-history,15.0,0.06578947368421052
214,2357,hellaswag,0.3924480271531608,hellaswag,925,0.3924480271531608,abstract2title,194.0,0.08230801866779805,mmlu-professional-law,157.0,0.06661009758167162,winogrande,119.0,0.050487908358082305,arc-challenge,111.0,0.047093763258379294
215,21,hellaswag,0.47619047619047616,hellaswag,10,0.47619047619047616,mbpp,2.0,0.09523809523809523,mmlu-elementary-mathematics,2.0,0.09523809523809523,mmlu-college-medicine,1.0,0.047619047619047616,mmlu-econometrics,1.0,0.047619047619047616
216,1115,hellaswag,0.5067264573991032,hellaswag,565,0.5067264573991032,mmlu-professional-law,107.0,0.09596412556053811,winogrande,42.0,0.03766816143497758,mbpp,41.0,0.036771300448430494,consensus_summary,39.0,0.03497757847533632
217,391,mmlu-moral-scenarios,0.578005115089514,mmlu-moral-scenarios,226,0.578005115089514,mmlu-professional-psychology,24.0,0.061381074168797956,mmlu-high-school-psychology,19.0,0.04859335038363171,mmlu-philosophy,17.0,0.043478260869565216,consensus_summary,14.0,0.03580562659846547
218,880,hellaswag,0.09886363636363636,hellaswag,87,0.09886363636363636,mmlu-miscellaneous,76.0,0.08636363636363636,mmlu-high-school-chemistry,72.0,0.08181818181818182,mmlu-professional-law,55.0,0.0625,mmlu-prehistory,52.0,0.05909090909090909
219,199,hellaswag,0.3969849246231156,hellaswag,79,0.3969849246231156,arc-challenge,13.0,0.06532663316582915,consensus_summary,12.0,0.06030150753768844,mmlu-astronomy,9.0,0.04522613065326633,mmlu-nutrition,6.0,0.03015075376884422
220,91,hellaswag,0.7032967032967034,hellaswag,64,0.7032967032967034,consensus_summary,6.0,0.06593406593406594,mmlu-high-school-physics,3.0,0.03296703296703297,mmlu-clinical-knowledge,2.0,0.02197802197802198,mmlu-high-school-microeconomics,2.0,0.02197802197802198
222,1,consensus_summary,1.0,consensus_summary,1,1.0,,,,,,,,,,,,
223,60,hellaswag,0.2,hellaswag,12,0.2,mmlu-miscellaneous,9.0,0.15,arc-challenge,7.0,0.11666666666666667,abstract2title,6.0,0.1,mmlu-elementary-mathematics,4.0,0.06666666666666667
224,3,hellaswag,0.6666666666666666,hellaswag,2,0.6666666666666666,mmlu-professional-law,1.0,0.3333333333333333,,,,,,,,,
226,3,mbpp,0.6666666666666666,mbpp,2,0.6666666666666666,consensus_summary,1.0,0.3333333333333333,,,,,,,,,
227,2,consensus_summary,0.5,consensus_summary,1,0.5,mmlu-professional-psychology,1.0,0.5,,,,,,,,,
228,13,mmlu-high-school-statistics,0.46153846153846156,mmlu-high-school-statistics,6,0.46153846153846156,mtbench-math,3.0,0.23076923076923078,arc-challenge,1.0,0.07692307692307693,mbpp,1.0,0.07692307692307693,mmlu-elementary-mathematics,1.0,0.07692307692307693
229,60,hellaswag,0.3333333333333333,hellaswag,20,0.3333333333333333,mmlu-high-school-world-history,10.0,0.16666666666666666,mmlu-professional-law,4.0,0.06666666666666667,mmlu-high-school-mathematics,3.0,0.05,mmlu-miscellaneous,3.0,0.05
230,3,hellaswag,0.6666666666666666,hellaswag,2,0.6666666666666666,mmlu-professional-law,1.0,0.3333333333333333,,,,,,,,,
232,44,hellaswag,0.45454545454545453,hellaswag,20,0.45454545454545453,abstract2title,17.0,0.38636363636363635,mmlu-high-school-world-history,3.0,0.06818181818181818,mbpp,1.0,0.022727272727272728,mmlu-machine-learning,1.0,0.022727272727272728
233,1709,hellaswag,0.6102984201287303,hellaswag,1043,0.6102984201287303,winogrande,121.0,0.07080163838502047,mmlu-professional-law,75.0,0.04388531304856641,arc-challenge,74.0,0.04330017554125219,mmlu-miscellaneous,45.0,0.02633118782913985
234,514,hellaswag,0.1926070038910506,hellaswag,99,0.1926070038910506,mmlu-global-facts,29.0,0.05642023346303502,mmlu-high-school-macroeconomics,28.0,0.054474708171206226,mmlu-conceptual-physics,27.0,0.05252918287937743,mmlu-elementary-mathematics,25.0,0.048638132295719845
235,4,consensus_summary,1.0,consensus_summary,4,1.0,,,,,,,,,,,,
237,892,hellaswag,0.515695067264574,hellaswag,460,0.515695067264574,mmlu-professional-law,59.0,0.06614349775784753,arc-challenge,28.0,0.03139013452914798,winogrande,24.0,0.026905829596412557,mmlu-high-school-world-history,22.0,0.02466367713004484
238,39,mmlu-high-school-macroeconomics,0.28205128205128205,mmlu-high-school-macroeconomics,11,0.28205128205128205,consensus_summary,8.0,0.20512820512820512,mmlu-high-school-world-history,8.0,0.20512820512820512,mmlu-elementary-mathematics,2.0,0.05128205128205128,hellaswag,1.0,0.02564102564102564
239,2,chinese_zodiac,0.5,chinese_zodiac,1,0.5,mmlu-global-facts,1.0,0.5,,,,,,,,,
240,437,hellaswag,0.47139588100686497,hellaswag,206,0.47139588100686497,consensus_summary,27.0,0.06178489702517163,mmlu-professional-law,26.0,0.059496567505720827,mmlu-high-school-macroeconomics,24.0,0.05491990846681922,abstract2title,21.0,0.04805491990846682
242,166,mmlu-professional-law,0.42771084337349397,mmlu-professional-law,71,0.42771084337349397,hellaswag,30.0,0.18072289156626506,mmlu-professional-medicine,17.0,0.10240963855421686,consensus_summary,12.0,0.07228915662650602,mmlu-high-school-us-history,8.0,0.04819277108433735
243,70,mbpp,0.3142857142857143,mbpp,22,0.3142857142857143,hellaswag,11.0,0.15714285714285714,arc-challenge,6.0,0.08571428571428572,mmlu-clinical-knowledge,3.0,0.04285714285714286,mmlu-moral-disputes,3.0,0.04285714285714286
244,700,hellaswag,0.3271428571428571,hellaswag,229,0.3271428571428571,mmlu-miscellaneous,61.0,0.08714285714285715,mmlu-high-school-macroeconomics,52.0,0.07428571428571429,arc-challenge,32.0,0.045714285714285714,mmlu-high-school-microeconomics,24.0,0.03428571428571429
245,104,hellaswag,0.7403846153846154,hellaswag,77,0.7403846153846154,abstract2title,7.0,0.0673076923076923,arc-challenge,7.0,0.0673076923076923,consensus_summary,4.0,0.038461538461538464,mmlu-high-school-psychology,3.0,0.028846153846153848
246,2876,hellaswag,0.6968011126564673,hellaswag,2004,0.6968011126564673,winogrande,174.0,0.06050069541029207,arc-challenge,109.0,0.037899860917941584,mmlu-professional-law,66.0,0.02294853963838665,mmlu-miscellaneous,53.0,0.01842837273991655
247,311,arc-challenge,0.10932475884244373,arc-challenge,34,0.10932475884244373,mmlu-security-studies,30.0,0.09646302250803858,mmlu-high-school-biology,29.0,0.0932475884244373,mmlu-us-foreign-policy,23.0,0.07395498392282958,mmlu-high-school-us-history,22.0,0.0707395498392283
248,1382,hellaswag,0.35311143270622286,hellaswag,488,0.35311143270622286,mbpp,181.0,0.1309696092619392,bias_detection,122.0,0.08827785817655572,mmlu-professional-law,71.0,0.05137481910274964,winogrande,66.0,0.04775687409551375
249,2,hellaswag,1.0,hellaswag,2,1.0,,,,,,,,,,,,
250,16,hellaswag,0.1875,hellaswag,3,0.1875,mmlu-college-biology,2.0,0.125,arc-challenge,1.0,0.0625,chinese_tang_poetries,1.0,0.0625,mbpp,1.0,0.0625
251,16,hellaswag,0.375,hellaswag,6,0.375,mmlu-high-school-world-history,4.0,0.25,mmlu-professional-law,4.0,0.25,mmlu-clinical-knowledge,1.0,0.0625,mmlu-high-school-government-and-politics,1.0,0.0625
252,160,hellaswag,0.81875,hellaswag,131,0.81875,consensus_summary,6.0,0.0375,mmlu-professional-psychology,5.0,0.03125,mmlu-high-school-world-history,4.0,0.025,mmlu-professional-law,4.0,0.025
253,1290,winogrande,0.524031007751938,winogrande,676,0.524031007751938,hellaswag,218.0,0.16899224806201552,mmlu-high-school-macroeconomics,62.0,0.04806201550387597,mmlu-miscellaneous,58.0,0.04496124031007752,mmlu-marketing,51.0,0.03953488372093023
254,4,hellaswag,0.75,hellaswag,3,0.75,mmlu-professional-law,1.0,0.25,,,,,,,,,
255,10,mmlu-professional-medicine,0.3,mmlu-professional-medicine,3,0.3,mmlu-college-medicine,2.0,0.2,arc-challenge,1.0,0.1,consensus_summary,1.0,0.1,hellaswag,1.0,0.1
258,579,hellaswag,0.5837651122625216,hellaswag,338,0.5837651122625216,arc-challenge,38.0,0.06563039723661486,winogrande,33.0,0.05699481865284974,mmlu-miscellaneous,24.0,0.04145077720207254,consensus_summary,16.0,0.027633851468048358
259,8,hellaswag,0.75,hellaswag,6,0.75,mmlu-college-mathematics,1.0,0.125,mmlu-machine-learning,1.0,0.125,,,,,,
260,319,hellaswag,0.7523510971786834,hellaswag,240,0.7523510971786834,consensus_summary,11.0,0.034482758620689655,mmlu-marketing,11.0,0.034482758620689655,mmlu-professional-law,11.0,0.034482758620689655,bias_detection,6.0,0.018808777429467086
261,44,mmlu-philosophy,0.2727272727272727,mmlu-philosophy,12,0.2727272727272727,mbpp,5.0,0.11363636363636363,mmlu-conceptual-physics,4.0,0.09090909090909091,arc-challenge,3.0,0.06818181818181818,mmlu-international-law,3.0,0.06818181818181818
262,72,consensus_summary,0.18055555555555555,consensus_summary,13,0.18055555555555555,winogrande,13.0,0.18055555555555555,hellaswag,7.0,0.09722222222222222,mmlu-professional-law,6.0,0.08333333333333333,mmlu-computer-security,4.0,0.05555555555555555
263,187,winogrande,0.45454545454545453,winogrande,85,0.45454545454545453,arc-challenge,24.0,0.12834224598930483,hellaswag,18.0,0.0962566844919786,abstract2title,13.0,0.06951871657754011,mmlu-world-religions,11.0,0.058823529411764705
264,100,winogrande,0.52,winogrande,52,0.52,hellaswag,20.0,0.2,mmlu-miscellaneous,12.0,0.12,mmlu-prehistory,6.0,0.06,arc-challenge,3.0,0.03
265,1,mtbench,1.0,mtbench,1,1.0,,,,,,,,,,,,
266,139,hellaswag,0.1079136690647482,hellaswag,15,0.1079136690647482,mmlu-abstract-algebra,10.0,0.07194244604316546,mmlu-elementary-mathematics,10.0,0.07194244604316546,mmlu-astronomy,9.0,0.06474820143884892,arc-challenge,8.0,0.05755395683453238
269,651,hellaswag,0.642089093701997,hellaswag,418,0.642089093701997,consensus_summary,32.0,0.04915514592933948,abstract2title,19.0,0.029185867895545316,winogrande,18.0,0.027649769585253458,mmlu-nutrition,15.0,0.02304147465437788
270,1,hellaswag,1.0,hellaswag,1,1.0,,,,,,,,,,,,
271,2,accounting_audit,0.5,accounting_audit,1,0.5,mtbench,1.0,0.5,,,,,,,,,
272,344,hellaswag,0.30523255813953487,hellaswag,105,0.30523255813953487,mmlu-professional-law,70.0,0.20348837209302326,mmlu-professional-accounting,16.0,0.046511627906976744,mmlu-high-school-us-history,15.0,0.0436046511627907,mmlu-high-school-european-history,12.0,0.03488372093023256
273,106,mmlu-professional-accounting,0.2169811320754717,mmlu-professional-accounting,23,0.2169811320754717,hellaswag,21.0,0.19811320754716982,mmlu-professional-law,15.0,0.14150943396226415,chinese_tang_poetries,6.0,0.05660377358490566,mmlu-elementary-mathematics,4.0,0.03773584905660377
274,1,hellaswag,1.0,hellaswag,1,1.0,,,,,,,,,,,,
275,61,hellaswag,0.21311475409836064,hellaswag,13,0.21311475409836064,mmlu-high-school-microeconomics,7.0,0.11475409836065574,mmlu-us-foreign-policy,7.0,0.11475409836065574,mmlu-high-school-macroeconomics,5.0,0.08196721311475409,mmlu-jurisprudence,5.0,0.08196721311475409
276,14,hellaswag,0.8571428571428571,hellaswag,12,0.8571428571428571,abstract2title,1.0,0.07142857142857142,arc-challenge,1.0,0.07142857142857142,,,,,,
278,177,hellaswag,0.6384180790960452,hellaswag,113,0.6384180790960452,arc-challenge,11.0,0.062146892655367235,mmlu-college-computer-science,7.0,0.03954802259887006,mmlu-conceptual-physics,7.0,0.03954802259887006,mmlu-high-school-geography,5.0,0.02824858757062147
279,912,hellaswag,0.18421052631578946,hellaswag,168,0.18421052631578946,arc-challenge,132.0,0.14473684210526316,mmlu-moral-disputes,46.0,0.05043859649122807,mmlu-philosophy,45.0,0.049342105263157895,mmlu-high-school-government-and-politics,38.0,0.041666666666666664
280,82,mmlu-moral-scenarios,0.2073170731707317,mmlu-moral-scenarios,17,0.2073170731707317,mmlu-anatomy,7.0,0.08536585365853659,arc-challenge,6.0,0.07317073170731707,mmlu-philosophy,5.0,0.06097560975609756,mmlu-world-religions,5.0,0.06097560975609756
282,151,abstract2title,0.609271523178808,abstract2title,92,0.609271523178808,hellaswag,21.0,0.1390728476821192,mmlu-college-mathematics,5.0,0.033112582781456956,mmlu-high-school-mathematics,5.0,0.033112582781456956,arc-challenge,4.0,0.026490066225165563
284,8,mmlu-professional-law,0.5,mmlu-professional-law,4,0.5,mmlu-elementary-mathematics,2.0,0.25,mmlu-high-school-mathematics,2.0,0.25,,,,,,
285,372,hellaswag,0.6102150537634409,hellaswag,227,0.6102150537634409,abstract2title,26.0,0.06989247311827956,mmlu-professional-law,17.0,0.0456989247311828,mbpp,12.0,0.03225806451612903,mmlu-astronomy,10.0,0.026881720430107527
287,332,arc-challenge,0.22590361445783133,arc-challenge,75,0.22590361445783133,mmlu-astronomy,33.0,0.09939759036144578,mmlu-miscellaneous,32.0,0.0963855421686747,mmlu-prehistory,31.0,0.09337349397590361,hellaswag,28.0,0.08433734939759036
290,299,hellaswag,0.16722408026755853,hellaswag,50,0.16722408026755853,mmlu-high-school-mathematics,23.0,0.07692307692307693,mmlu-professional-psychology,23.0,0.07692307692307693,mmlu-management,16.0,0.05351170568561873,mmlu-elementary-mathematics,13.0,0.043478260869565216
291,16,consensus_summary,0.125,consensus_summary,2,0.125,mmlu-electrical-engineering,2.0,0.125,abstract2title,1.0,0.0625,hellaswag,1.0,0.0625,mmlu-abstract-algebra,1.0,0.0625
292,3,consensus_summary,0.3333333333333333,consensus_summary,1,0.3333333333333333,mmlu-professional-law,1.0,0.3333333333333333,mtbench,1.0,0.3333333333333333,,,,,,
293,715,mmlu-professional-law,0.5132867132867133,mmlu-professional-law,367,0.5132867132867133,hellaswag,110.0,0.15384615384615385,mmlu-high-school-government-and-politics,21.0,0.02937062937062937,mmlu-high-school-us-history,18.0,0.025174825174825177,mmlu-formal-logic,15.0,0.02097902097902098
294,4,hellaswag,0.75,hellaswag,3,0.75,mmlu-moral-disputes,1.0,0.25,,,,,,,,,
297,14,mmlu-public-relations,0.2857142857142857,mmlu-public-relations,4,0.2857142857142857,mmlu-professional-psychology,3.0,0.21428571428571427,mmlu-management,2.0,0.14285714285714285,hellaswag,1.0,0.07142857142857142,mmlu-global-facts,1.0,0.07142857142857142
299,126,hellaswag,0.5714285714285714,hellaswag,72,0.5714285714285714,abstract2title,14.0,0.1111111111111111,mmlu-professional-accounting,10.0,0.07936507936507936,consensus_summary,8.0,0.06349206349206349,mmlu-professional-law,4.0,0.031746031746031744
300,1560,winogrande,0.3333333333333333,winogrande,520,0.3333333333333333,hellaswag,352.0,0.22564102564102564,arc-challenge,142.0,0.09102564102564102,mmlu-professional-psychology,63.0,0.04038461538461539,mmlu-high-school-psychology,52.0,0.03333333333333333
301,432,hellaswag,0.4861111111111111,hellaswag,210,0.4861111111111111,mmlu-professional-law,35.0,0.08101851851851852,mmlu-professional-accounting,27.0,0.0625,mmlu-marketing,26.0,0.06018518518518518,arc-challenge,14.0,0.032407407407407406
302,2,arc-challenge,0.5,arc-challenge,1,0.5,bias_detection,1.0,0.5,,,,,,,,,
303,5966,grade-school-math,0.9989943010392223,grade-school-math,5960,0.9989943010392223,abstract2title,3.0,0.0005028494803888703,hellaswag,2.0,0.00033523298692591353,mbpp,1.0,0.00016761649346295676,,,
304,13,winogrande,0.46153846153846156,winogrande,6,0.46153846153846156,mmlu-human-aging,2.0,0.15384615384615385,arc-challenge,1.0,0.07692307692307693,mmlu-college-biology,1.0,0.07692307692307693,mmlu-global-facts,1.0,0.07692307692307693
305,717,hellaswag,0.6736401673640168,hellaswag,483,0.6736401673640168,mmlu-clinical-knowledge,30.0,0.04184100418410042,mmlu-professional-law,23.0,0.03207810320781032,winogrande,21.0,0.029288702928870293,mmlu-anatomy,20.0,0.02789400278940028
307,2427,hellaswag,0.4721878862793572,hellaswag,1146,0.4721878862793572,abstract2title,168.0,0.069221260815822,mmlu-professional-law,103.0,0.042439225381128966,arc-challenge,77.0,0.03172641120725175,mmlu-marketing,71.0,0.029254223320972394
308,2461,hellaswag,0.17675741568468104,hellaswag,435,0.17675741568468104,consensus_summary,222.0,0.09020723283218204,mmlu-professional-psychology,220.0,0.08939455505891913,mmlu-professional-medicine,142.0,0.05770012190166599,mmlu-nutrition,138.0,0.056074766355140186
309,2,consensus_summary,0.5,consensus_summary,1,0.5,mmlu-high-school-chemistry,1.0,0.5,,,,,,,,,
310,985,hellaswag,0.6994923857868021,hellaswag,689,0.6994923857868021,arc-challenge,35.0,0.03553299492385787,mmlu-nutrition,27.0,0.027411167512690356,mmlu-professional-law,26.0,0.026395939086294416,mmlu-miscellaneous,18.0,0.018274111675126905
311,858,hellaswag,0.6223776223776224,hellaswag,534,0.6223776223776224,winogrande,72.0,0.08391608391608392,mmlu-professional-law,31.0,0.03613053613053613,arc-challenge,27.0,0.03146853146853147,mmlu-miscellaneous,20.0,0.023310023310023312
313,517,abstract2title,0.26305609284332687,abstract2title,136,0.26305609284332687,mmlu-professional-law,135.0,0.2611218568665377,hellaswag,118.0,0.22823984526112184,consensus_summary,29.0,0.05609284332688588,arc-challenge,26.0,0.05029013539651837
315,1078,hellaswag,0.6910946196660482,hellaswag,745,0.6910946196660482,mmlu-professional-law,82.0,0.07606679035250463,consensus_summary,37.0,0.03432282003710575,winogrande,27.0,0.02504638218923933,mmlu-professional-psychology,21.0,0.01948051948051948
316,1056,arc-challenge,0.2206439393939394,arc-challenge,233,0.2206439393939394,mmlu-high-school-macroeconomics,138.0,0.13068181818181818,hellaswag,122.0,0.11553030303030302,abstract2title,37.0,0.035037878787878785,mmlu-conceptual-physics,37.0,0.035037878787878785
317,240,arc-challenge,0.17916666666666667,arc-challenge,43,0.17916666666666667,hellaswag,25.0,0.10416666666666667,mmlu-astronomy,19.0,0.07916666666666666,mmlu-formal-logic,18.0,0.075,mbpp,15.0,0.0625
318,585,hellaswag,0.4666666666666667,hellaswag,273,0.4666666666666667,mmlu-high-school-us-history,82.0,0.14017094017094017,consensus_summary,38.0,0.06495726495726496,mmlu-high-school-world-history,26.0,0.044444444444444446,mmlu-high-school-european-history,19.0,0.03247863247863248
319,1549,mmlu-moral-scenarios,0.42027114267269206,mmlu-moral-scenarios,651,0.42027114267269206,hellaswag,619.0,0.3996126533247256,mbpp,59.0,0.03808908973531311,winogrande,29.0,0.01872175597159458,mmlu-miscellaneous,20.0,0.012911555842479019
320,8,hellaswag,0.75,hellaswag,6,0.75,consensus_summary,2.0,0.25,,,,,,,,,
321,1,mmlu-college-biology,1.0,mmlu-college-biology,1,1.0,,,,,,,,,,,,
322,93,hellaswag,0.1827956989247312,hellaswag,17,0.1827956989247312,mmlu-virology,15.0,0.16129032258064516,mmlu-college-biology,10.0,0.10752688172043011,mmlu-professional-medicine,9.0,0.0967741935483871,mmlu-clinical-knowledge,8.0,0.08602150537634409
323,23,mmlu-high-school-european-history,0.2608695652173913,mmlu-high-school-european-history,6,0.2608695652173913,mmlu-professional-law,6.0,0.2608695652173913,hellaswag,5.0,0.21739130434782608,mmlu-high-school-us-history,3.0,0.13043478260869565,mmlu-high-school-world-history,2.0,0.08695652173913043
325,654,hellaswag,0.15749235474006115,hellaswag,103,0.15749235474006115,mmlu-high-school-world-history,82.0,0.12538226299694188,mmlu-high-school-european-history,50.0,0.0764525993883792,mmlu-world-religions,50.0,0.0764525993883792,mmlu-high-school-us-history,34.0,0.05198776758409786
327,64,arc-challenge,0.203125,arc-challenge,13,0.203125,hellaswag,9.0,0.140625,mmlu-prehistory,5.0,0.078125,mmlu-world-religions,5.0,0.078125,mmlu-human-aging,4.0,0.0625
329,6260,grade-school-math,0.952076677316294,grade-school-math,5960,0.952076677316294,mmlu-professional-law,95.0,0.015175718849840255,mmlu-high-school-world-history,40.0,0.006389776357827476,hellaswag,32.0,0.005111821086261981,mmlu-high-school-us-history,11.0,0.001757188498402556
330,217,mmlu-moral-scenarios,0.695852534562212,mmlu-moral-scenarios,151,0.695852534562212,hellaswag,29.0,0.1336405529953917,mmlu-anatomy,8.0,0.03686635944700461,mmlu-moral-disputes,4.0,0.018433179723502304,mmlu-high-school-psychology,3.0,0.013824884792626729
332,1687,hellaswag,0.7504445761707172,hellaswag,1266,0.7504445761707172,mmlu-professional-law,84.0,0.04979253112033195,mmlu-high-school-us-history,32.0,0.01896858328393598,arc-challenge,30.0,0.01778304682868998,winogrande,25.0,0.014819205690574985
333,23,hellaswag,0.8695652173913043,hellaswag,20,0.8695652173913043,mmlu-conceptual-physics,1.0,0.043478260869565216,mmlu-high-school-mathematics,1.0,0.043478260869565216,mmlu-high-school-statistics,1.0,0.043478260869565216,,,
334,782,hellaswag,0.22122762148337596,hellaswag,173,0.22122762148337596,winogrande,107.0,0.13682864450127877,mmlu-philosophy,55.0,0.07033248081841433,mmlu-high-school-world-history,46.0,0.058823529411764705,mmlu-world-religions,46.0,0.058823529411764705
335,2269,hellaswag,0.24063464081092992,hellaswag,546,0.24063464081092992,mmlu-professional-law,445.0,0.19612163948876157,mmlu-professional-medicine,199.0,0.0877038342882327,mmlu-professional-psychology,102.0,0.04495372410753636,mmlu-clinical-knowledge,75.0,0.03305420890260027
336,680,chinese_zodiac,0.22647058823529412,chinese_zodiac,154,0.22647058823529412,hellaswag,109.0,0.16029411764705884,abstract2title,92.0,0.13529411764705881,mmlu-professional-law,60.0,0.08823529411764706,mmlu-high-school-us-history,48.0,0.07058823529411765
338,2,mbpp,1.0,mbpp,2,1.0,,,,,,,,,,,,
339,179,hellaswag,0.5195530726256983,hellaswag,93,0.5195530726256983,chinese_zodiac,38.0,0.2122905027932961,chinese_tang_poetries,14.0,0.0782122905027933,Chinese_character_riddles,6.0,0.0335195530726257,chinese_hard_translations,6.0,0.0335195530726257
341,1,hellaswag,1.0,hellaswag,1,1.0,,,,,,,,,,,,
342,1908,hellaswag,0.4082809224318658,hellaswag,779,0.4082809224318658,mmlu-professional-medicine,116.0,0.06079664570230608,mmlu-professional-psychology,82.0,0.0429769392033543,arc-challenge,74.0,0.03878406708595388,winogrande,73.0,0.03825995807127883
344,1293,chinese_zodiac,0.21964423820572312,chinese_zodiac,284,0.21964423820572312,mmlu-prehistory,114.0,0.08816705336426914,hellaswag,106.0,0.08197989172467131,arc-challenge,98.0,0.07579273008507348,bias_detection,62.0,0.04795050270688322
346,168,hellaswag,0.25,hellaswag,42,0.25,winogrande,34.0,0.20238095238095238,mbpp,23.0,0.13690476190476192,abstract2title,11.0,0.06547619047619048,consensus_summary,9.0,0.05357142857142857
348,4,consensus_summary,1.0,consensus_summary,4,1.0,,,,,,,,,,,,
349,54,hellaswag,0.2962962962962963,hellaswag,16,0.2962962962962963,mmlu-high-school-geography,6.0,0.1111111111111111,mmlu-virology,5.0,0.09259259259259259,consensus_summary,3.0,0.05555555555555555,mmlu-global-facts,3.0,0.05555555555555555
350,16,abstract2title,0.625,abstract2title,10,0.625,hellaswag,5.0,0.3125,mmlu-elementary-mathematics,1.0,0.0625,,,,,,
351,136,abstract2title,0.4338235294117647,abstract2title,59,0.4338235294117647,consensus_summary,12.0,0.08823529411764706,hellaswag,10.0,0.07352941176470588,mbpp,7.0,0.051470588235294115,mmlu-professional-law,7.0,0.051470588235294115
353,5,winogrande,0.6,winogrande,3,0.6,hellaswag,1.0,0.2,mmlu-philosophy,1.0,0.2,,,,,,
354,75,abstract2title,0.3466666666666667,abstract2title,26,0.3466666666666667,hellaswag,20.0,0.26666666666666666,chinese_tang_poetries,9.0,0.12,chinese_modern_poem_identification,5.0,0.06666666666666667,mmlu-high-school-european-history,3.0,0.04
355,54,mmlu-high-school-european-history,0.18518518518518517,mmlu-high-school-european-history,10,0.18518518518518517,mmlu-professional-law,10.0,0.18518518518518517,hellaswag,8.0,0.14814814814814814,mmlu-high-school-world-history,6.0,0.1111111111111111,consensus_summary,4.0,0.07407407407407407
357,845,hellaswag,0.6544378698224852,hellaswag,553,0.6544378698224852,arc-challenge,52.0,0.06153846153846154,winogrande,36.0,0.04260355029585799,mmlu-professional-law,34.0,0.040236686390532544,mmlu-miscellaneous,25.0,0.029585798816568046
358,2,abstract2title,0.5,abstract2title,1,0.5,mtbench,1.0,0.5,,,,,,,,,
361,375,hellaswag,0.624,hellaswag,234,0.624,mbpp,17.0,0.04533333333333334,consensus_summary,11.0,0.029333333333333333,chinese_famous_novel,10.0,0.02666666666666667,mmlu-philosophy,9.0,0.024
362,35,hellaswag,0.8,hellaswag,28,0.8,consensus_summary,2.0,0.05714285714285714,mmlu-electrical-engineering,2.0,0.05714285714285714,abstract2title,1.0,0.02857142857142857,mbpp,1.0,0.02857142857142857
363,56,abstract2title,0.48214285714285715,abstract2title,27,0.48214285714285715,hellaswag,9.0,0.16071428571428573,mmlu-high-school-us-history,5.0,0.08928571428571429,mmlu-high-school-european-history,4.0,0.07142857142857142,mmlu-high-school-chemistry,3.0,0.05357142857142857
364,873,hellaswag,0.46964490263459335,hellaswag,410,0.46964490263459335,winogrande,96.0,0.10996563573883161,mmlu-formal-logic,36.0,0.041237113402061855,mmlu-miscellaneous,28.0,0.032073310423825885,mmlu-professional-psychology,27.0,0.030927835051546393
366,183,mmlu-professional-psychology,0.29508196721311475,mmlu-professional-psychology,54,0.29508196721311475,mmlu-high-school-psychology,22.0,0.12021857923497267,bias_detection,12.0,0.06557377049180328,mmlu-moral-scenarios,12.0,0.06557377049180328,arc-challenge,11.0,0.060109289617486336
367,2,consensus_summary,1.0,consensus_summary,2,1.0,,,,,,,,,,,,
368,6608,grade-school-math,0.9019370460048426,grade-school-math,5960,0.9019370460048426,hellaswag,417.0,0.06310532687651332,winogrande,81.0,0.012257869249394673,arc-challenge,33.0,0.004993946731234867,mmlu-elementary-mathematics,32.0,0.004842615012106538
369,1,hellaswag,1.0,hellaswag,1,1.0,,,,,,,,,,,,
371,3,mbpp,1.0,mbpp,3,1.0,,,,,,,,,,,,
372,11,chinese_tang_poetries,0.5454545454545454,chinese_tang_poetries,6,0.5454545454545454,abstract2title,3.0,0.2727272727272727,hellaswag,1.0,0.09090909090909091,mmlu-high-school-mathematics,1.0,0.09090909090909091,,,
373,40,abstract2title,0.375,abstract2title,15,0.375,hellaswag,11.0,0.275,mmlu-college-chemistry,2.0,0.05,mmlu-electrical-engineering,2.0,0.05,mmlu-high-school-psychology,2.0,0.05
374,4,mbpp,0.5,mbpp,2,0.5,hellaswag,1.0,0.25,mmlu-high-school-mathematics,1.0,0.25,,,,,,
376,506,hellaswag,0.23517786561264822,hellaswag,119,0.23517786561264822,mmlu-high-school-us-history,69.0,0.13636363636363635,mmlu-high-school-world-history,60.0,0.11857707509881422,bias_detection,46.0,0.09090909090909091,abstract2title,20.0,0.039525691699604744
377,65,mmlu-high-school-us-history,0.16923076923076924,mmlu-high-school-us-history,11,0.16923076923076924,mmlu-high-school-biology,7.0,0.1076923076923077,mmlu-high-school-psychology,7.0,0.1076923076923077,mmlu-professional-psychology,5.0,0.07692307692307693,mmlu-high-school-world-history,4.0,0.06153846153846154
379,6,mmlu-high-school-us-history,0.6666666666666666,mmlu-high-school-us-history,4,0.6666666666666666,mmlu-high-school-european-history,1.0,0.16666666666666666,mmlu-high-school-statistics,1.0,0.16666666666666666,,,,,,
380,1698,hellaswag,0.467020023557126,hellaswag,793,0.467020023557126,bias_detection,140.0,0.08244994110718493,mmlu-professional-law,105.0,0.061837455830388695,arc-challenge,62.0,0.03651354534746761,winogrande,56.0,0.03297997644287397
381,1612,hellaswag,0.8219602977667494,hellaswag,1325,0.8219602977667494,mmlu-professional-psychology,53.0,0.03287841191066997,mmlu-clinical-knowledge,27.0,0.016749379652605458,mmlu-high-school-psychology,25.0,0.015508684863523574,winogrande,23.0,0.014267990074441687
383,17,mmlu-marketing,0.17647058823529413,mmlu-marketing,3,0.17647058823529413,mmlu-professional-law,3.0,0.17647058823529413,abstract2title,2.0,0.11764705882352941,mmlu-high-school-mathematics,2.0,0.11764705882352941,mmlu-moral-disputes,2.0,0.11764705882352941
384,125,mmlu-moral-scenarios,0.504,mmlu-moral-scenarios,63,0.504,hellaswag,49.0,0.392,arc-challenge,2.0,0.016,mbpp,2.0,0.016,mmlu-high-school-psychology,2.0,0.016
385,399,abstract2title,0.3533834586466165,abstract2title,141,0.3533834586466165,hellaswag,55.0,0.13784461152882205,mmlu-electrical-engineering,25.0,0.06265664160401002,mmlu-high-school-biology,21.0,0.05263157894736842,arc-challenge,18.0,0.045112781954887216
386,55,mmlu-high-school-world-history,0.2,mmlu-high-school-world-history,11,0.2,mmlu-high-school-us-history,9.0,0.16363636363636364,mmlu-philosophy,6.0,0.10909090909090909,mmlu-high-school-psychology,4.0,0.07272727272727272,hellaswag,3.0,0.05454545454545454
387,132,hellaswag,0.49242424242424243,hellaswag,65,0.49242424242424243,consensus_summary,17.0,0.12878787878787878,abstract2title,8.0,0.06060606060606061,mmlu-computer-security,8.0,0.06060606060606061,mmlu-clinical-knowledge,5.0,0.03787878787878788
388,2904,hellaswag,0.17114325068870523,hellaswag,497,0.17114325068870523,arc-challenge,287.0,0.09882920110192837,mmlu-high-school-macroeconomics,179.0,0.061639118457300274,mmlu-clinical-knowledge,138.0,0.047520661157024795,mmlu-miscellaneous,136.0,0.046831955922865015
389,228,hellaswag,0.7017543859649122,hellaswag,160,0.7017543859649122,mmlu-professional-psychology,8.0,0.03508771929824561,consensus_summary,6.0,0.02631578947368421,mmlu-econometrics,6.0,0.02631578947368421,mmlu-high-school-statistics,5.0,0.021929824561403508
390,72,hellaswag,0.9444444444444444,hellaswag,68,0.9444444444444444,mmlu-clinical-knowledge,1.0,0.013888888888888888,mmlu-college-chemistry,1.0,0.013888888888888888,mmlu-computer-security,1.0,0.013888888888888888,winogrande,1.0,0.013888888888888888
391,310,hellaswag,0.4838709677419355,hellaswag,150,0.4838709677419355,mmlu-professional-accounting,16.0,0.05161290322580645,arc-challenge,11.0,0.035483870967741936,consensus_summary,11.0,0.035483870967741936,mmlu-professional-psychology,11.0,0.035483870967741936
392,722,arc-challenge,0.15789473684210525,arc-challenge,114,0.15789473684210525,hellaswag,74.0,0.10249307479224377,mmlu-philosophy,67.0,0.09279778393351801,winogrande,52.0,0.07202216066481995,mmlu-moral-disputes,34.0,0.04709141274238227
393,555,hellaswag,0.9009009009009009,hellaswag,500,0.9009009009009009,winogrande,15.0,0.02702702702702703,mmlu-professional-law,13.0,0.023423423423423424,mmlu-miscellaneous,6.0,0.010810810810810811,arc-challenge,4.0,0.007207207207207207
394,800,hellaswag,0.15125,hellaswag,121,0.15125,mmlu-high-school-mathematics,73.0,0.09125,winogrande,66.0,0.0825,mmlu-elementary-mathematics,58.0,0.0725,mmlu-miscellaneous,44.0,0.055
398,1357,hellaswag,0.32056005895357403,hellaswag,435,0.32056005895357403,mmlu-professional-accounting,92.0,0.06779661016949153,arc-challenge,90.0,0.06632277081798084,mmlu-miscellaneous,56.0,0.04126750184229919,mmlu-high-school-macroeconomics,53.0,0.039056742815033164
401,4,abstract2title,0.5,abstract2title,2,0.5,mmlu-professional-law,2.0,0.5,,,,,,,,,
402,27,chinese_ancient_masterpieces_dynasty,0.3333333333333333,chinese_ancient_masterpieces_dynasty,9,0.3333333333333333,hellaswag,9.0,0.3333333333333333,mmlu-high-school-european-history,2.0,0.07407407407407407,mmlu-astronomy,1.0,0.037037037037037035,mmlu-college-biology,1.0,0.037037037037037035
403,2,mmlu-high-school-european-history,0.5,mmlu-high-school-european-history,1,0.5,mtbench,1.0,0.5,,,,,,,,,
405,1510,arc-challenge,0.18410596026490067,arc-challenge,278,0.18410596026490067,mmlu-professional-law,201.0,0.13311258278145696,hellaswag,149.0,0.09867549668874172,mmlu-high-school-biology,120.0,0.07947019867549669,mmlu-prehistory,65.0,0.04304635761589404
406,102,mmlu-professional-law,0.2647058823529412,mmlu-professional-law,27,0.2647058823529412,hellaswag,15.0,0.14705882352941177,mmlu-moral-disputes,7.0,0.06862745098039216,mmlu-high-school-mathematics,6.0,0.058823529411764705,mmlu-high-school-european-history,5.0,0.049019607843137254
407,1,mbpp,1.0,mbpp,1,1.0,,,,,,,,,,,,
408,7,hellaswag,0.42857142857142855,hellaswag,3,0.42857142857142855,chinese_hard_translations,2.0,0.2857142857142857,mmlu-professional-law,1.0,0.14285714285714285,mtbench-reference,1.0,0.14285714285714285,,,
409,135,winogrande,0.2074074074074074,winogrande,28,0.2074074074074074,mmlu-high-school-psychology,14.0,0.1037037037037037,mmlu-miscellaneous,12.0,0.08888888888888889,arc-challenge,5.0,0.037037037037037035,mmlu-anatomy,5.0,0.037037037037037035
411,4,hellaswag,1.0,hellaswag,4,1.0,,,,,,,,,,,,
413,15,hellaswag,0.5333333333333333,hellaswag,8,0.5333333333333333,bias_detection,3.0,0.2,mtbench,2.0,0.13333333333333333,mmlu-high-school-government-and-politics,1.0,0.06666666666666667,mmlu-public-relations,1.0,0.06666666666666667
414,461,hellaswag,0.21258134490238612,hellaswag,98,0.21258134490238612,arc-challenge,29.0,0.06290672451193059,consensus_summary,25.0,0.05422993492407809,mmlu-philosophy,25.0,0.05422993492407809,mmlu-high-school-macroeconomics,20.0,0.04338394793926247
415,118,mbpp,0.3898305084745763,mbpp,46,0.3898305084745763,chinese_homonym,15.0,0.1271186440677966,winogrande,13.0,0.11016949152542373,chinese_idioms,11.0,0.09322033898305085,Chinese_character_riddles,7.0,0.059322033898305086
416,2,consensus_summary,1.0,consensus_summary,2,1.0,,,,,,,,,,,,
417,128,hellaswag,0.171875,hellaswag,22,0.171875,mmlu-professional-psychology,22.0,0.171875,mmlu-miscellaneous,16.0,0.125,winogrande,14.0,0.109375,mmlu-virology,8.0,0.0625
418,1032,hellaswag,0.44089147286821706,hellaswag,455,0.44089147286821706,mbpp,74.0,0.07170542635658915,winogrande,52.0,0.050387596899224806,mmlu-professional-psychology,36.0,0.03488372093023256,mmlu-high-school-european-history,35.0,0.03391472868217054
419,39,hellaswag,0.15384615384615385,hellaswag,6,0.15384615384615385,mmlu-high-school-microeconomics,4.0,0.10256410256410256,mbpp,3.0,0.07692307692307693,mmlu-high-school-psychology,3.0,0.07692307692307693,abstract2title,2.0,0.05128205128205128
420,8,mbpp,0.375,mbpp,3,0.375,hellaswag,1.0,0.125,mmlu-econometrics,1.0,0.125,mmlu-high-school-chemistry,1.0,0.125,mmlu-high-school-mathematics,1.0,0.125
422,1,hellaswag,1.0,hellaswag,1,1.0,,,,,,,,,,,,
423,5960,grade-school-math,1.0,grade-school-math,5960,1.0,,,,,,,,,,,,
424,15,hellaswag,0.8666666666666667,hellaswag,13,0.8666666666666667,consensus_summary,1.0,0.06666666666666667,mmlu-high-school-chemistry,1.0,0.06666666666666667,,,,,,
425,5,mbpp,0.4,mbpp,2,0.4,mmlu-high-school-world-history,2.0,0.4,hellaswag,1.0,0.2,,,,,,
426,2634,hellaswag,0.6142748671222475,hellaswag,1618,0.6142748671222475,mmlu-professional-law,200.0,0.07593014426727411,mmlu-miscellaneous,66.0,0.025056947608200455,winogrande,58.0,0.02201974183750949,mmlu-professional-psychology,54.0,0.02050113895216401
428,5,consensus_summary,0.8,consensus_summary,4,0.8,mmlu-security-studies,1.0,0.2,,,,,,,,,
429,61,hellaswag,0.4918032786885246,hellaswag,30,0.4918032786885246,winogrande,7.0,0.11475409836065574,consensus_summary,3.0,0.04918032786885246,mmlu-high-school-geography,3.0,0.04918032786885246,mmlu-high-school-psychology,3.0,0.04918032786885246
432,27,hellaswag,0.5925925925925926,hellaswag,16,0.5925925925925926,abstract2title,7.0,0.25925925925925924,mmlu-high-school-chemistry,3.0,0.1111111111111111,winogrande,1.0,0.037037037037037035,,,
433,1,hellaswag,1.0,hellaswag,1,1.0,,,,,,,,,,,,
434,1174,chinese_zodiac,0.24190800681431004,chinese_zodiac,284,0.24190800681431004,hellaswag,240.0,0.20442930153321975,mmlu-professional-law,119.0,0.10136286201022146,mmlu-high-school-macroeconomics,78.0,0.06643952299829642,consensus_summary,50.0,0.04258943781942078
436,9,mmlu-high-school-geography,0.2222222222222222,mmlu-high-school-geography,2,0.2222222222222222,arc-challenge,1.0,0.1111111111111111,consensus_summary,1.0,0.1111111111111111,mmlu-electrical-engineering,1.0,0.1111111111111111,mmlu-high-school-physics,1.0,0.1111111111111111
438,137,consensus_summary,0.31386861313868614,consensus_summary,43,0.31386861313868614,bias_detection,24.0,0.17518248175182483,hellaswag,20.0,0.145985401459854,mmlu-nutrition,14.0,0.10218978102189781,mmlu-marketing,6.0,0.043795620437956206
439,1830,hellaswag,0.8808743169398907,hellaswag,1612,0.8808743169398907,winogrande,71.0,0.03879781420765027,mmlu-professional-law,17.0,0.009289617486338797,arc-challenge,13.0,0.007103825136612022,mmlu-high-school-macroeconomics,12.0,0.006557377049180328
441,1,mtbench,1.0,mtbench,1,1.0,,,,,,,,,,,,
442,1580,hellaswag,0.1291139240506329,hellaswag,204,0.1291139240506329,mmlu-professional-law,182.0,0.11518987341772152,mmlu-prehistory,127.0,0.08037974683544304,mmlu-world-religions,109.0,0.0689873417721519,arc-challenge,106.0,0.0670886075949367
443,1512,mmlu-moral-scenarios,0.43783068783068785,mmlu-moral-scenarios,662,0.43783068783068785,hellaswag,222.0,0.14682539682539683,bias_detection,53.0,0.03505291005291005,mmlu-miscellaneous,51.0,0.03373015873015873,arc-challenge,47.0,0.031084656084656083
444,3,mbpp,1.0,mbpp,3,1.0,,,,,,,,,,,,
445,182,hellaswag,0.15384615384615385,hellaswag,28,0.15384615384615385,mmlu-miscellaneous,27.0,0.14835164835164835,mmlu-high-school-macroeconomics,17.0,0.09340659340659341,arc-challenge,12.0,0.06593406593406594,mmlu-marketing,12.0,0.06593406593406594
447,41,hellaswag,0.8292682926829268,hellaswag,34,0.8292682926829268,winogrande,2.0,0.04878048780487805,abstract2title,1.0,0.024390243902439025,mmlu-clinical-knowledge,1.0,0.024390243902439025,mmlu-elementary-mathematics,1.0,0.024390243902439025
448,813,chinese_zodiac,0.34932349323493234,chinese_zodiac,284,0.34932349323493234,hellaswag,217.0,0.26691266912669126,mmlu-econometrics,25.0,0.03075030750307503,mbpp,19.0,0.023370233702337023,mmlu-nutrition,19.0,0.023370233702337023
449,2,mbpp,1.0,mbpp,2,1.0,,,,,,,,,,,,
450,758,hellaswag,0.8403693931398417,hellaswag,637,0.8403693931398417,arc-challenge,23.0,0.030343007915567283,mmlu-professional-law,14.0,0.018469656992084433,mmlu-abstract-algebra,6.0,0.0079155672823219,mmlu-miscellaneous,6.0,0.0079155672823219
451,2,mbpp,1.0,mbpp,2,1.0,,,,,,,,,,,,
452,1187,mmlu-moral-scenarios,0.5425442291491154,mmlu-moral-scenarios,644,0.5425442291491154,hellaswag,122.0,0.10278011794439765,mmlu-professional-psychology,70.0,0.05897219882055602,mmlu-high-school-psychology,66.0,0.05560235888795282,mmlu-human-aging,28.0,0.02358887952822241
453,5960,grade-school-math,1.0,grade-school-math,5960,1.0,,,,,,,,,,,,
454,905,hellaswag,0.5701657458563536,hellaswag,516,0.5701657458563536,winogrande,88.0,0.09723756906077348,mmlu-professional-law,29.0,0.032044198895027624,arc-challenge,23.0,0.02541436464088398,mmlu-miscellaneous,18.0,0.019889502762430938
457,815,hellaswag,0.5042944785276073,hellaswag,411,0.5042944785276073,mmlu-professional-psychology,96.0,0.11779141104294479,mbpp,79.0,0.09693251533742331,mmlu-professional-law,34.0,0.04171779141104295,mmlu-high-school-psychology,26.0,0.03190184049079755
458,5,abstract2title,0.6,abstract2title,3,0.6,consensus_summary,2.0,0.4,,,,,,,,,
459,2931,mmlu-moral-scenarios,0.2262026612077789,mmlu-moral-scenarios,663,0.2262026612077789,hellaswag,388.0,0.13237802797679973,mmlu-high-school-psychology,208.0,0.0709655407710679,mmlu-miscellaneous,168.0,0.057318321392016376,mmlu-professional-psychology,165.0,0.05629477993858751
460,150,hellaswag,0.47333333333333333,hellaswag,71,0.47333333333333333,mmlu-professional-law,13.0,0.08666666666666667,mmlu-miscellaneous,11.0,0.07333333333333333,arc-challenge,7.0,0.04666666666666667,mmlu-professional-psychology,7.0,0.04666666666666667
463,97,hellaswag,0.14432989690721648,hellaswag,14,0.14432989690721648,mmlu-high-school-physics,13.0,0.13402061855670103,chinese_homonym,12.0,0.12371134020618557,chinese_famous_novel,9.0,0.09278350515463918,chinese_shi_jing,6.0,0.061855670103092786
465,1,hellaswag,1.0,hellaswag,1,1.0,,,,,,,,,,,,
466,4,mmlu-high-school-world-history,1.0,mmlu-high-school-world-history,4,1.0,,,,,,,,,,,,
468,8,hellaswag,0.25,hellaswag,2,0.25,abstract2title,1.0,0.125,arc-challenge,1.0,0.125,mmlu-high-school-chemistry,1.0,0.125,mmlu-high-school-microeconomics,1.0,0.125
469,1695,hellaswag,0.18938053097345134,hellaswag,321,0.18938053097345134,mmlu-clinical-knowledge,100.0,0.058997050147492625,mmlu-professional-medicine,100.0,0.058997050147492625,mmlu-high-school-psychology,95.0,0.05604719764011799,mmlu-professional-psychology,85.0,0.05014749262536873
470,29,hellaswag,0.27586206896551724,hellaswag,8,0.27586206896551724,consensus_summary,3.0,0.10344827586206896,mmlu-astronomy,2.0,0.06896551724137931,mmlu-econometrics,2.0,0.06896551724137931,mmlu-high-school-european-history,2.0,0.06896551724137931
471,565,hellaswag,0.5929203539823009,hellaswag,335,0.5929203539823009,mmlu-high-school-us-history,38.0,0.06725663716814159,consensus_summary,28.0,0.049557522123893805,mmlu-high-school-psychology,18.0,0.03185840707964602,mmlu-high-school-european-history,17.0,0.03008849557522124
473,29,arc-challenge,0.1724137931034483,arc-challenge,5,0.1724137931034483,mmlu-miscellaneous,5.0,0.1724137931034483,winogrande,5.0,0.1724137931034483,mmlu-elementary-mathematics,3.0,0.10344827586206896,mmlu-high-school-mathematics,2.0,0.06896551724137931
474,30,hellaswag,0.6333333333333333,hellaswag,19,0.6333333333333333,abstract2title,2.0,0.06666666666666667,mmlu-miscellaneous,2.0,0.06666666666666667,consensus_summary,1.0,0.03333333333333333,mmlu-clinical-knowledge,1.0,0.03333333333333333
475,193,mmlu-high-school-macroeconomics,0.20725388601036268,mmlu-high-school-macroeconomics,40,0.20725388601036268,winogrande,16.0,0.08290155440414508,mmlu-high-school-microeconomics,14.0,0.07253886010362694,mmlu-sociology,14.0,0.07253886010362694,arc-challenge,11.0,0.05699481865284974
476,18,abstract2title,0.8888888888888888,abstract2title,16,0.8888888888888888,hellaswag,1.0,0.05555555555555555,mmlu-professional-law,1.0,0.05555555555555555,,,,,,
477,7,mmlu-professional-law,0.42857142857142855,mmlu-professional-law,3,0.42857142857142855,consensus_summary,2.0,0.2857142857142857,hellaswag,2.0,0.2857142857142857,,,,,,
478,146,hellaswag,0.21232876712328766,hellaswag,31,0.21232876712328766,mmlu-high-school-physics,28.0,0.1917808219178082,winogrande,15.0,0.10273972602739725,mmlu-high-school-chemistry,14.0,0.0958904109589041,arc-challenge,12.0,0.0821917808219178
479,157,mbpp,0.7006369426751592,mbpp,110,0.7006369426751592,abstract2title,14.0,0.08917197452229299,mmlu-high-school-mathematics,6.0,0.03821656050955414,Chinese_character_riddles,4.0,0.025477707006369428,mmlu-elementary-mathematics,4.0,0.025477707006369428
480,1,hellaswag,1.0,hellaswag,1,1.0,,,,,,,,,,,,
481,212,winogrande,0.21226415094339623,winogrande,45,0.21226415094339623,mmlu-moral-scenarios,18.0,0.08490566037735849,hellaswag,17.0,0.08018867924528301,mmlu-business-ethics,13.0,0.06132075471698113,mmlu-miscellaneous,13.0,0.06132075471698113
482,3,arc-challenge,0.3333333333333333,arc-challenge,1,0.3333333333333333,hellaswag,1.0,0.3333333333333333,mmlu-high-school-mathematics,1.0,0.3333333333333333,,,,,,
483,3,consensus_summary,0.3333333333333333,consensus_summary,1,0.3333333333333333,mmlu-elementary-mathematics,1.0,0.3333333333333333,mmlu-human-sexuality,1.0,0.3333333333333333,,,,,,
484,122,mbpp,0.3524590163934426,mbpp,43,0.3524590163934426,mmlu-professional-law,18.0,0.14754098360655737,hellaswag,10.0,0.08196721311475409,mmlu-high-school-us-history,9.0,0.07377049180327869,mmlu-high-school-world-history,8.0,0.06557377049180328
486,81,mmlu-moral-disputes,0.12345679012345678,mmlu-moral-disputes,10,0.12345679012345678,mmlu-moral-scenarios,9.0,0.1111111111111111,mmlu-high-school-us-history,8.0,0.09876543209876543,mmlu-philosophy,7.0,0.08641975308641975,mmlu-high-school-european-history,6.0,0.07407407407407407
487,2,mmlu-high-school-mathematics,0.5,mmlu-high-school-mathematics,1,0.5,mmlu-machine-learning,1.0,0.5,,,,,,,,,
490,1599,mmlu-high-school-macroeconomics,0.07754846779237023,mmlu-high-school-macroeconomics,124,0.07754846779237023,mmlu-marketing,100.0,0.06253908692933083,arc-challenge,96.0,0.0600375234521576,mmlu-high-school-microeconomics,95.0,0.05941213258286429,mmlu-high-school-biology,81.0,0.05065666041275797
492,8,mmlu-formal-logic,0.375,mmlu-formal-logic,3,0.375,hellaswag,1.0,0.125,mmlu-econometrics,1.0,0.125,mmlu-high-school-macroeconomics,1.0,0.125,mmlu-professional-accounting,1.0,0.125
493,3,hellaswag,1.0,hellaswag,3,1.0,,,,,,,,,,,,
494,2537,mmlu-professional-law,0.0977532518722901,mmlu-professional-law,248,0.0977532518722901,mmlu-high-school-macroeconomics,216.0,0.08513992905005913,mmlu-elementary-mathematics,203.0,0.08001576665352779,mmlu-professional-accounting,157.0,0.061884115096570755,mmlu-high-school-microeconomics,153.0,0.06030744974379188
495,1059,abstract2title,0.18791312559017942,abstract2title,199,0.18791312559017942,hellaswag,199.0,0.18791312559017942,arc-challenge,113.0,0.10670443814919736,mmlu-astronomy,78.0,0.07365439093484419,mmlu-miscellaneous,76.0,0.07176581680830972
497,1437,hellaswag,0.47877522616562285,hellaswag,688,0.47877522616562285,winogrande,75.0,0.05219206680584551,mmlu-human-sexuality,68.0,0.04732080723729993,arc-challenge,59.0,0.04105775922059847,mmlu-professional-psychology,51.0,0.03549060542797495
498,1,mmlu-security-studies,1.0,mmlu-security-studies,1,1.0,,,,,,,,,,,,
499,670,abstract2title,0.2880597014925373,abstract2title,193,0.2880597014925373,hellaswag,187.0,0.2791044776119403,winogrande,181.0,0.2701492537313433,mmlu-professional-medicine,23.0,0.034328358208955224,arc-challenge,12.0,0.01791044776119403
500,668,mmlu-world-religions,0.10029940119760479,mmlu-world-religions,67,0.10029940119760479,arc-challenge,57.0,0.08532934131736528,mmlu-miscellaneous,45.0,0.06736526946107785,hellaswag,43.0,0.06437125748502993,mmlu-elementary-mathematics,34.0,0.05089820359281437
501,2,hellaswag,1.0,hellaswag,2,1.0,,,,,,,,,,,,
503,11,hellaswag,0.5454545454545454,hellaswag,6,0.5454545454545454,mmlu-professional-law,2.0,0.18181818181818182,mmlu-world-religions,2.0,0.18181818181818182,mbpp,1.0,0.09090909090909091,,,
504,3003,hellaswag,0.34998334998334996,hellaswag,1051,0.34998334998334996,mmlu-professional-law,448.0,0.14918414918414918,arc-challenge,234.0,0.07792207792207792,winogrande,116.0,0.03862803862803863,mmlu-high-school-biology,89.0,0.029637029637029636
505,343,mbpp,0.5043731778425656,mbpp,173,0.5043731778425656,hellaswag,51.0,0.14868804664723032,mmlu-high-school-computer-science,19.0,0.05539358600583091,mmlu-elementary-mathematics,12.0,0.03498542274052478,chinese_homonym,11.0,0.03206997084548105
506,1,hellaswag,1.0,hellaswag,1,1.0,,,,,,,,,,,,
508,1268,hellaswag,0.7555205047318612,hellaswag,958,0.7555205047318612,mmlu-professional-psychology,40.0,0.031545741324921134,arc-challenge,37.0,0.02917981072555205,mmlu-high-school-psychology,30.0,0.02365930599369085,mbpp,28.0,0.022082018927444796
509,20,hellaswag,0.25,hellaswag,5,0.25,mmlu-high-school-us-history,5.0,0.25,mmlu-professional-law,3.0,0.15,consensus_summary,1.0,0.05,mmlu-college-computer-science,1.0,0.05
510,43,mmlu-high-school-mathematics,0.20930232558139536,mmlu-high-school-mathematics,9,0.20930232558139536,mmlu-moral-scenarios,6.0,0.13953488372093023,mmlu-human-aging,5.0,0.11627906976744186,mmlu-professional-law,5.0,0.11627906976744186,mmlu-logical-fallacies,3.0,0.06976744186046512
512,2814,hellaswag,0.14250177683013504,hellaswag,401,0.14250177683013504,arc-challenge,311.0,0.11051883439943141,mmlu-high-school-macroeconomics,162.0,0.057569296375266525,mmlu-security-studies,157.0,0.055792466240227434,mmlu-miscellaneous,130.0,0.04619758351101635
513,335,arc-challenge,0.19402985074626866,arc-challenge,65,0.19402985074626866,hellaswag,52.0,0.15522388059701492,winogrande,36.0,0.10746268656716418,mmlu-high-school-biology,20.0,0.05970149253731343,mmlu-professional-medicine,16.0,0.04776119402985075
514,432,hellaswag,0.29398148148148145,hellaswag,127,0.29398148148148145,bias_detection,39.0,0.09027777777777778,mmlu-security-studies,24.0,0.05555555555555555,mmlu-high-school-us-history,22.0,0.05092592592592592,mmlu-professional-law,21.0,0.04861111111111111
515,8,hellaswag,0.625,hellaswag,5,0.625,mmlu-high-school-psychology,1.0,0.125,mmlu-miscellaneous,1.0,0.125,mmlu-public-relations,1.0,0.125,,,
516,152,hellaswag,0.3026315789473684,hellaswag,46,0.3026315789473684,winogrande,14.0,0.09210526315789473,mmlu-elementary-mathematics,9.0,0.05921052631578947,consensus_summary,7.0,0.046052631578947366,arc-challenge,6.0,0.039473684210526314
519,64,mmlu-professional-law,0.359375,mmlu-professional-law,23,0.359375,hellaswag,10.0,0.15625,mmlu-human-aging,5.0,0.078125,mmlu-high-school-world-history,4.0,0.0625,mmlu-moral-disputes,4.0,0.0625
522,1010,hellaswag,0.2742574257425743,hellaswag,277,0.2742574257425743,mmlu-miscellaneous,58.0,0.05742574257425743,arc-challenge,54.0,0.053465346534653464,mmlu-professional-medicine,53.0,0.05247524752475247,mmlu-high-school-psychology,36.0,0.03564356435643564
523,451,hellaswag,0.4190687361419069,hellaswag,189,0.4190687361419069,winogrande,35.0,0.07760532150776053,consensus_summary,31.0,0.06873614190687362,mmlu-high-school-psychology,17.0,0.037694013303769404,mmlu-nutrition,17.0,0.037694013303769404
524,1,hellaswag,1.0,hellaswag,1,1.0,,,,,,,,,,,,
525,1,hellaswag,1.0,hellaswag,1,1.0,,,,,,,,,,,,
527,1683,hellaswag,0.8859180035650623,hellaswag,1491,0.8859180035650623,arc-challenge,38.0,0.0225787284610814,winogrande,28.0,0.016636957813428402,mmlu-miscellaneous,18.0,0.0106951871657754,mmlu-high-school-chemistry,10.0,0.0059417706476530005
528,10,hellaswag,0.4,hellaswag,4,0.4,consensus_summary,3.0,0.3,abstract2title,2.0,0.2,mmlu-professional-law,1.0,0.1,,,
530,2,hellaswag,1.0,hellaswag,2,1.0,,,,,,,,,,,,
531,1,mtbench,1.0,mtbench,1,1.0,,,,,,,,,,,,
534,5,mmlu-high-school-world-history,0.6,mmlu-high-school-world-history,3,0.6,mmlu-high-school-psychology,1.0,0.2,mmlu-philosophy,1.0,0.2,,,,,,
538,3108,hellaswag,0.5543758043758044,hellaswag,1723,0.5543758043758044,mmlu-professional-law,137.0,0.04407979407979408,arc-challenge,124.0,0.039897039897039896,winogrande,104.0,0.03346203346203346,mmlu-professional-psychology,99.0,0.03185328185328185
540,1,consensus_summary,1.0,consensus_summary,1,1.0,,,,,,,,,,,,
541,1209,hellaswag,0.6269644334160464,hellaswag,758,0.6269644334160464,arc-challenge,54.0,0.04466501240694789,consensus_summary,32.0,0.026468155500413565,mmlu-high-school-psychology,28.0,0.02315963606286187,winogrande,26.0,0.021505376344086023
544,1,mtbench,1.0,mtbench,1,1.0,,,,,,,,,,,,
549,943,mbpp,0.18981972428419935,mbpp,179,0.18981972428419935,mmlu-elementary-mathematics,177.0,0.18769883351007424,hellaswag,109.0,0.11558854718981973,mmlu-high-school-mathematics,80.0,0.08483563096500531,mmlu-high-school-macroeconomics,58.0,0.061505832449628844
550,24,winogrande,0.7916666666666666,winogrande,19,0.7916666666666666,hellaswag,2.0,0.08333333333333333,mmlu-miscellaneous,2.0,0.08333333333333333,mtbench-math,1.0,0.041666666666666664,,,
552,1455,hellaswag,0.3518900343642612,hellaswag,512,0.3518900343642612,chinese_zodiac,284.0,0.19518900343642612,arc-challenge,82.0,0.056357388316151204,mmlu-professional-medicine,54.0,0.03711340206185567,mmlu-professional-law,51.0,0.03505154639175258
553,36,mmlu-high-school-psychology,0.1388888888888889,mmlu-high-school-psychology,5,0.1388888888888889,mmlu-machine-learning,5.0,0.1388888888888889,mmlu-professional-psychology,5.0,0.1388888888888889,consensus_summary,4.0,0.1111111111111111,hellaswag,2.0,0.05555555555555555
554,5,mmlu-high-school-european-history,0.8,mmlu-high-school-european-history,4,0.8,consensus_summary,1.0,0.2,,,,,,,,,
555,362,mbpp,0.26519337016574585,mbpp,96,0.26519337016574585,mmlu-high-school-computer-science,32.0,0.08839779005524862,mmlu-elementary-mathematics,24.0,0.06629834254143646,hellaswag,23.0,0.06353591160220995,mmlu-college-computer-science,23.0,0.06353591160220995
556,707,hellaswag,0.4738330975954738,hellaswag,335,0.4738330975954738,arc-challenge,54.0,0.07637906647807638,mmlu-high-school-physics,41.0,0.05799151343705799,winogrande,38.0,0.05374823196605375,mmlu-conceptual-physics,33.0,0.04667609618104668
557,817,hellaswag,0.2141982864137087,hellaswag,175,0.2141982864137087,arc-challenge,120.0,0.14687882496940025,mmlu-professional-law,68.0,0.0832313341493268,winogrande,35.0,0.042839657282741736,mmlu-high-school-chemistry,32.0,0.03916768665850673
558,569,chinese_zodiac,0.4991212653778559,chinese_zodiac,284,0.4991212653778559,mbpp,101.0,0.17750439367311072,mmlu-high-school-mathematics,42.0,0.07381370826010544,mmlu-elementary-mathematics,34.0,0.05975395430579965,hellaswag,15.0,0.026362038664323375
559,890,mmlu-professional-law,0.6202247191011236,mmlu-professional-law,552,0.6202247191011236,hellaswag,98.0,0.1101123595505618,mmlu-professional-psychology,28.0,0.03146067415730337,winogrande,23.0,0.025842696629213482,mmlu-jurisprudence,18.0,0.020224719101123594
560,27,hellaswag,1.0,hellaswag,27,1.0,,,,,,,,,,,,
561,2,mmlu-global-facts,1.0,mmlu-global-facts,2,1.0,,,,,,,,,,,,
562,18,hellaswag,0.7777777777777778,hellaswag,14,0.7777777777777778,mbpp,4.0,0.2222222222222222,,,,,,,,,
565,942,hellaswag,0.7707006369426752,hellaswag,726,0.7707006369426752,consensus_summary,63.0,0.06687898089171974,winogrande,14.0,0.014861995753715499,arc-challenge,10.0,0.010615711252653927,mmlu-astronomy,10.0,0.010615711252653927
566,4,hellaswag,0.75,hellaswag,3,0.75,consensus_summary,1.0,0.25,,,,,,,,,
568,1440,arc-challenge,0.2423611111111111,arc-challenge,349,0.2423611111111111,hellaswag,161.0,0.11180555555555556,mmlu-high-school-biology,95.0,0.06597222222222222,mmlu-prehistory,82.0,0.05694444444444444,bias_detection,76.0,0.05277777777777778
569,34,hellaswag,0.2647058823529412,hellaswag,9,0.2647058823529412,mmlu-high-school-world-history,5.0,0.14705882352941177,winogrande,5.0,0.14705882352941177,consensus_summary,3.0,0.08823529411764706,mmlu-econometrics,3.0,0.08823529411764706
570,63,mmlu-miscellaneous,0.42857142857142855,mmlu-miscellaneous,27,0.42857142857142855,winogrande,12.0,0.19047619047619047,hellaswag,11.0,0.1746031746031746,arc-challenge,3.0,0.047619047619047616,mmlu-prehistory,2.0,0.031746031746031744
571,8,mbpp,0.25,mbpp,2,0.25,mmlu-clinical-knowledge,2.0,0.25,arc-challenge,1.0,0.125,mmlu-human-sexuality,1.0,0.125,mmlu-nutrition,1.0,0.125
572,82,hellaswag,0.573170731707317,hellaswag,47,0.573170731707317,mmlu-elementary-mathematics,16.0,0.1951219512195122,mmlu-high-school-mathematics,10.0,0.12195121951219512,mmlu-high-school-psychology,3.0,0.036585365853658534,winogrande,2.0,0.024390243902439025
573,24,winogrande,0.20833333333333334,winogrande,5,0.20833333333333334,hellaswag,3.0,0.125,mmlu-professional-law,3.0,0.125,abstract2title,2.0,0.08333333333333333,mbpp,2.0,0.08333333333333333
575,1,mmlu-college-mathematics,1.0,mmlu-college-mathematics,1,1.0,,,,,,,,,,,,
576,110,winogrande,0.6818181818181818,winogrande,75,0.6818181818181818,hellaswag,22.0,0.2,mmlu-moral-disputes,2.0,0.01818181818181818,mmlu-professional-psychology,2.0,0.01818181818181818,mmlu-high-school-psychology,1.0,0.00909090909090909
577,68,mmlu-miscellaneous,0.22058823529411764,mmlu-miscellaneous,15,0.22058823529411764,abstract2title,14.0,0.20588235294117646,mmlu-econometrics,10.0,0.14705882352941177,hellaswag,8.0,0.11764705882352941,mmlu-management,4.0,0.058823529411764705
579,175,winogrande,0.3142857142857143,winogrande,55,0.3142857142857143,hellaswag,36.0,0.2057142857142857,mmlu-miscellaneous,32.0,0.18285714285714286,arc-challenge,9.0,0.05142857142857143,mmlu-nutrition,4.0,0.022857142857142857
583,220,mmlu-professional-medicine,0.4409090909090909,mmlu-professional-medicine,97,0.4409090909090909,hellaswag,27.0,0.12272727272727273,mmlu-high-school-us-history,15.0,0.06818181818181818,consensus_summary,9.0,0.04090909090909091,mmlu-high-school-world-history,6.0,0.02727272727272727
584,203,mmlu-nutrition,0.15270935960591134,mmlu-nutrition,31,0.15270935960591134,hellaswag,23.0,0.11330049261083744,mmlu-professional-medicine,19.0,0.09359605911330049,mmlu-high-school-psychology,14.0,0.06896551724137931,consensus_summary,13.0,0.06403940886699508
585,456,hellaswag,0.8070175438596491,hellaswag,368,0.8070175438596491,winogrande,26.0,0.05701754385964912,mmlu-miscellaneous,13.0,0.02850877192982456,mmlu-conceptual-physics,10.0,0.021929824561403508,mmlu-world-religions,7.0,0.015350877192982455
586,868,hellaswag,0.3087557603686636,hellaswag,268,0.3087557603686636,mmlu-professional-medicine,77.0,0.08870967741935484,mmlu-virology,73.0,0.08410138248847926,mmlu-professional-law,56.0,0.06451612903225806,arc-challenge,55.0,0.06336405529953917
588,27,hellaswag,0.18518518518518517,hellaswag,5,0.18518518518518517,mmlu-professional-law,5.0,0.18518518518518517,consensus_summary,4.0,0.14814814814814814,bias_detection,2.0,0.07407407407407407,mmlu-econometrics,2.0,0.07407407407407407
589,2632,hellaswag,0.4137537993920973,hellaswag,1089,0.4137537993920973,mmlu-professional-law,106.0,0.04027355623100304,arc-challenge,100.0,0.037993920972644375,mmlu-miscellaneous,83.0,0.031534954407294834,winogrande,75.0,0.028495440729483283
590,1590,hellaswag,0.8270440251572327,hellaswag,1315,0.8270440251572327,mmlu-professional-law,189.0,0.11886792452830189,mmlu-moral-scenarios,26.0,0.016352201257861635,mmlu-logical-fallacies,8.0,0.005031446540880503,mmlu-moral-disputes,7.0,0.00440251572327044
593,291,hellaswag,0.30927835051546393,hellaswag,90,0.30927835051546393,mbpp,35.0,0.12027491408934708,arc-challenge,15.0,0.05154639175257732,mmlu-anatomy,12.0,0.041237113402061855,mmlu-miscellaneous,12.0,0.041237113402061855
594,114,hellaswag,0.8070175438596491,hellaswag,92,0.8070175438596491,mmlu-high-school-us-history,5.0,0.043859649122807015,mmlu-computer-security,3.0,0.02631578947368421,abstract2title,2.0,0.017543859649122806,mmlu-high-school-european-history,2.0,0.017543859649122806
595,2,consensus_summary,1.0,consensus_summary,2,1.0,,,,,,,,,,,,
596,74,mmlu-professional-law,0.36486486486486486,mmlu-professional-law,27,0.36486486486486486,hellaswag,21.0,0.28378378378378377,consensus_summary,10.0,0.13513513513513514,mmlu-high-school-world-history,6.0,0.08108108108108109,mmlu-high-school-european-history,2.0,0.02702702702702703
598,1517,hellaswag,0.2926829268292683,hellaswag,444,0.2926829268292683,arc-challenge,158.0,0.1041529334212261,winogrande,127.0,0.08371786420566908,mmlu-prehistory,83.0,0.05471324983520105,mmlu-high-school-macroeconomics,78.0,0.051417270929466054
599,5,hellaswag,0.4,hellaswag,2,0.4,mmlu-college-computer-science,1.0,0.2,mmlu-computer-security,1.0,0.2,mmlu-professional-law,1.0,0.2,,,
600,3400,hellaswag,0.6547058823529411,hellaswag,2226,0.6547058823529411,mmlu-moral-scenarios,494.0,0.14529411764705882,arc-challenge,181.0,0.05323529411764706,winogrande,88.0,0.02588235294117647,mmlu-professional-law,53.0,0.015588235294117648
601,3,mmlu-high-school-european-history,0.6666666666666666,mmlu-high-school-european-history,2,0.6666666666666666,consensus_summary,1.0,0.3333333333333333,,,,,,,,,
602,1,hellaswag,1.0,hellaswag,1,1.0,,,,,,,,,,,,
606,1320,hellaswag,0.2863636363636364,hellaswag,378,0.2863636363636364,mmlu-professional-law,177.0,0.1340909090909091,consensus_summary,86.0,0.06515151515151515,bias_detection,77.0,0.058333333333333334,mmlu-logical-fallacies,50.0,0.03787878787878788
607,1000,mmlu-moral-scenarios,0.49,mmlu-moral-scenarios,490,0.49,hellaswag,169.0,0.169,arc-challenge,53.0,0.053,mmlu-high-school-physics,30.0,0.03,mmlu-professional-psychology,30.0,0.03
608,6,mmlu-moral-scenarios,0.8333333333333334,mmlu-moral-scenarios,5,0.8333333333333334,hellaswag,1.0,0.16666666666666666,,,,,,,,,
609,67,mmlu-professional-law,0.373134328358209,mmlu-professional-law,25,0.373134328358209,hellaswag,7.0,0.1044776119402985,mmlu-high-school-mathematics,4.0,0.05970149253731343,mmlu-high-school-biology,3.0,0.04477611940298507,mmlu-high-school-government-and-politics,3.0,0.04477611940298507
612,1381,hellaswag,0.07603186097031137,hellaswag,105,0.07603186097031137,mmlu-professional-accounting,99.0,0.07168718320057929,mmlu-high-school-macroeconomics,94.0,0.06806661839246922,mmlu-elementary-mathematics,76.0,0.05503258508327299,mmlu-high-school-statistics,73.0,0.05286024619840695
613,523,hellaswag,0.5009560229445507,hellaswag,262,0.5009560229445507,winogrande,61.0,0.11663479923518165,arc-challenge,31.0,0.05927342256214149,mmlu-elementary-mathematics,18.0,0.03441682600382409,consensus_summary,13.0,0.0248565965583174
614,4,mbpp,1.0,mbpp,4,1.0,,,,,,,,,,,,
615,669,hellaswag,0.3542600896860987,hellaswag,237,0.3542600896860987,abstract2title,84.0,0.12556053811659193,mbpp,43.0,0.06427503736920777,mmlu-econometrics,33.0,0.04932735426008968,mmlu-miscellaneous,19.0,0.028400597907324365
616,525,hellaswag,0.12571428571428572,hellaswag,66,0.12571428571428572,arc-challenge,55.0,0.10476190476190476,mmlu-conceptual-physics,52.0,0.09904761904761905,mmlu-miscellaneous,29.0,0.05523809523809524,mmlu-high-school-psychology,20.0,0.0380952380952381
617,3,arc-challenge,0.6666666666666666,arc-challenge,2,0.6666666666666666,hellaswag,1.0,0.3333333333333333,,,,,,,,,
619,3,abstract2title,0.3333333333333333,abstract2title,1,0.3333333333333333,consensus_summary,1.0,0.3333333333333333,hellaswag,1.0,0.3333333333333333,,,,,,
620,13,hellaswag,0.7692307692307693,hellaswag,10,0.7692307692307693,mmlu-high-school-us-history,3.0,0.23076923076923078,,,,,,,,,
621,1194,chinese_zodiac,0.20770519262981574,chinese_zodiac,248,0.20770519262981574,mmlu-miscellaneous,78.0,0.06532663316582915,mmlu-professional-psychology,68.0,0.05695142378559464,mmlu-high-school-psychology,67.0,0.05611390284757119,mmlu-human-aging,53.0,0.04438860971524288
622,67,hellaswag,0.26865671641791045,hellaswag,18,0.26865671641791045,consensus_summary,6.0,0.08955223880597014,mmlu-high-school-european-history,5.0,0.07462686567164178,mmlu-high-school-psychology,5.0,0.07462686567164178,mmlu-miscellaneous,5.0,0.07462686567164178
623,51,mbpp,0.5098039215686274,mbpp,26,0.5098039215686274,hellaswag,9.0,0.17647058823529413,chinese_tang_poetries,2.0,0.0392156862745098,mmlu-security-studies,2.0,0.0392156862745098,chinese_famous_novel,1.0,0.0196078431372549
624,227,arc-challenge,0.12334801762114538,arc-challenge,28,0.12334801762114538,hellaswag,28.0,0.12334801762114538,mmlu-miscellaneous,24.0,0.10572687224669604,mmlu-astronomy,23.0,0.1013215859030837,winogrande,22.0,0.09691629955947137
625,1855,hellaswag,0.19784366576819407,hellaswag,367,0.19784366576819407,mmlu-nutrition,152.0,0.08194070080862534,mmlu-professional-medicine,146.0,0.07870619946091645,mmlu-clinical-knowledge,112.0,0.06037735849056604,winogrande,106.0,0.05714285714285714
627,1241,hellaswag,0.410958904109589,hellaswag,510,0.410958904109589,chinese_zodiac,176.0,0.14182111200644643,mbpp,68.0,0.0547945205479452,arc-challenge,53.0,0.0427074939564867,winogrande,48.0,0.038678485092667206
628,247,hellaswag,0.2631578947368421,hellaswag,65,0.2631578947368421,mmlu-high-school-chemistry,27.0,0.10931174089068826,arc-challenge,26.0,0.10526315789473684,mmlu-elementary-mathematics,13.0,0.05263157894736842,mmlu-high-school-physics,12.0,0.048582995951417005
630,921,hellaswag,0.48968512486427795,hellaswag,451,0.48968512486427795,mmlu-miscellaneous,64.0,0.06948968512486428,mmlu-marketing,52.0,0.05646036916395222,mmlu-virology,29.0,0.031487513572204126,mmlu-high-school-geography,28.0,0.03040173724212812
631,106,hellaswag,0.330188679245283,hellaswag,35,0.330188679245283,mmlu-professional-law,19.0,0.1792452830188679,consensus_summary,11.0,0.10377358490566038,arc-challenge,9.0,0.08490566037735849,mmlu-college-medicine,4.0,0.03773584905660377
632,1,mmlu-electrical-engineering,1.0,mmlu-electrical-engineering,1,1.0,,,,,,,,,,,,
633,926,hellaswag,0.183585313174946,hellaswag,170,0.183585313174946,arc-challenge,96.0,0.10367170626349892,mmlu-high-school-macroeconomics,64.0,0.06911447084233262,mmlu-professional-law,61.0,0.06587473002159827,mmlu-professional-accounting,56.0,0.06047516198704104
634,132,mmlu-professional-law,0.2196969696969697,mmlu-professional-law,29,0.2196969696969697,arc-challenge,17.0,0.12878787878787878,mmlu-conceptual-physics,8.0,0.06060606060606061,mmlu-high-school-microeconomics,8.0,0.06060606060606061,hellaswag,7.0,0.05303030303030303
635,1050,mmlu-professional-law,0.49333333333333335,mmlu-professional-law,518,0.49333333333333335,hellaswag,85.0,0.08095238095238096,mmlu-professional-accounting,78.0,0.07428571428571429,mmlu-high-school-government-and-politics,68.0,0.06476190476190476,mmlu-high-school-microeconomics,29.0,0.02761904761904762
637,4,consensus_summary,0.25,consensus_summary,1,0.25,hellaswag,1.0,0.25,mmlu-conceptual-physics,1.0,0.25,mmlu-human-aging,1.0,0.25,,,
638,694,hellaswag,0.622478386167147,hellaswag,432,0.622478386167147,arc-challenge,41.0,0.059077809798270896,mbpp,41.0,0.059077809798270896,mmlu-professional-law,18.0,0.025936599423631124,mmlu-professional-medicine,14.0,0.020172910662824207
640,139,hellaswag,0.15827338129496402,hellaswag,22,0.15827338129496402,arc-challenge,15.0,0.1079136690647482,mmlu-nutrition,14.0,0.10071942446043165,consensus_summary,13.0,0.09352517985611511,mmlu-clinical-knowledge,11.0,0.07913669064748201
641,328,bias_detection,0.42378048780487804,bias_detection,139,0.42378048780487804,hellaswag,34.0,0.10365853658536585,mmlu-logical-fallacies,26.0,0.07926829268292683,mmlu-moral-disputes,20.0,0.06097560975609756,mmlu-professional-law,14.0,0.042682926829268296
643,140,hellaswag,0.6142857142857143,hellaswag,86,0.6142857142857143,mmlu-anatomy,10.0,0.07142857142857142,mmlu-nutrition,8.0,0.05714285714285714,mmlu-professional-medicine,6.0,0.04285714285714286,arc-challenge,5.0,0.03571428571428571
644,19,hellaswag,1.0,hellaswag,19,1.0,,,,,,,,,,,,
646,658,mbpp,0.2629179331306991,mbpp,173,0.2629179331306991,hellaswag,150.0,0.22796352583586627,arc-challenge,48.0,0.0729483282674772,mmlu-high-school-computer-science,22.0,0.03343465045592705,mmlu-professional-law,19.0,0.028875379939209727
647,1,hellaswag,1.0,hellaswag,1,1.0,,,,,,,,,,,,
650,4,abstract2title,0.5,abstract2title,2,0.5,mmlu-college-biology,1.0,0.25,mmlu-professional-accounting,1.0,0.25,,,,,,
653,29,consensus_summary,0.10344827586206896,consensus_summary,3,0.10344827586206896,mmlu-professional-medicine,3.0,0.10344827586206896,hellaswag,2.0,0.06896551724137931,mmlu-econometrics,2.0,0.06896551724137931,mmlu-high-school-world-history,2.0,0.06896551724137931
654,1082,hellaswag,0.46395563770794823,hellaswag,502,0.46395563770794823,mmlu-professional-law,110.0,0.10166358595194085,winogrande,51.0,0.04713493530499076,mmlu-professional-psychology,40.0,0.036968576709796676,mmlu-high-school-macroeconomics,33.0,0.030499075785582256
655,54,hellaswag,0.35185185185185186,hellaswag,19,0.35185185185185186,mmlu-elementary-mathematics,4.0,0.07407407407407407,winogrande,4.0,0.07407407407407407,arc-challenge,3.0,0.05555555555555555,mmlu-high-school-psychology,3.0,0.05555555555555555
656,9,mmlu-professional-law,0.3333333333333333,mmlu-professional-law,3,0.3333333333333333,mmlu-professional-psychology,2.0,0.2222222222222222,mmlu-virology,2.0,0.2222222222222222,consensus_summary,1.0,0.1111111111111111,mmlu-professional-accounting,1.0,0.1111111111111111
658,72,mmlu-professional-psychology,0.1388888888888889,mmlu-professional-psychology,10,0.1388888888888889,mmlu-medical-genetics,9.0,0.125,mmlu-high-school-psychology,8.0,0.1111111111111111,hellaswag,5.0,0.06944444444444445,mmlu-nutrition,5.0,0.06944444444444445
659,127,hellaswag,0.33858267716535434,hellaswag,43,0.33858267716535434,mmlu-high-school-world-history,18.0,0.14173228346456693,consensus_summary,14.0,0.11023622047244094,mmlu-high-school-european-history,10.0,0.07874015748031496,chinese_famous_novel,9.0,0.07086614173228346
663,1290,hellaswag,0.6604651162790698,hellaswag,852,0.6604651162790698,mmlu-security-studies,80.0,0.06201550387596899,mmlu-professional-law,39.0,0.030232558139534883,mmlu-professional-psychology,34.0,0.02635658914728682,mmlu-high-school-psychology,33.0,0.02558139534883721
664,1,consensus_summary,1.0,consensus_summary,1,1.0,,,,,,,,,,,,
665,2427,hellaswag,0.6106304079110012,hellaswag,1482,0.6106304079110012,arc-challenge,104.0,0.042851256695508856,mmlu-high-school-biology,76.0,0.031314379892871856,mmlu-professional-psychology,65.0,0.026782035434693038,mmlu-nutrition,61.0,0.025133910177173466
667,107,hellaswag,0.5607476635514018,hellaswag,60,0.5607476635514018,consensus_summary,9.0,0.08411214953271028,abstract2title,6.0,0.056074766355140186,chinese_famous_novel,6.0,0.056074766355140186,mmlu-high-school-macroeconomics,5.0,0.04672897196261682
668,30,hellaswag,0.9333333333333333,hellaswag,28,0.9333333333333333,mmlu-jurisprudence,1.0,0.03333333333333333,mtbench,1.0,0.03333333333333333,,,,,,
669,1540,mmlu-professional-law,0.19155844155844157,mmlu-professional-law,295,0.19155844155844157,hellaswag,238.0,0.15454545454545454,mmlu-high-school-government-and-politics,89.0,0.05779220779220779,mmlu-miscellaneous,76.0,0.04935064935064935,winogrande,63.0,0.04090909090909091
670,2486,hellaswag,0.67135961383749,hellaswag,1669,0.67135961383749,mmlu-professional-psychology,99.0,0.03982300884955752,mmlu-professional-law,98.0,0.039420756234915526,winogrande,90.0,0.036202735317779566,arc-challenge,58.0,0.02333065164923572
672,2,hellaswag,0.5,hellaswag,1,0.5,mbpp,1.0,0.5,,,,,,,,,
673,6003,grade-school-math,0.9928369148758954,grade-school-math,5960,0.9928369148758954,arc-challenge,6.0,0.0009995002498750624,hellaswag,5.0,0.0008329168748958854,consensus_summary,3.0,0.0004997501249375312,mmlu-high-school-mathematics,3.0,0.0004997501249375312
674,875,arc-challenge,0.11885714285714286,arc-challenge,104,0.11885714285714286,hellaswag,82.0,0.09371428571428571,mmlu-high-school-biology,65.0,0.07428571428571429,mmlu-marketing,41.0,0.046857142857142854,mmlu-college-medicine,40.0,0.045714285714285714
676,18,hellaswag,0.4444444444444444,hellaswag,8,0.4444444444444444,chinese_modern_poem_identification,5.0,0.2777777777777778,mmlu-high-school-european-history,2.0,0.1111111111111111,mmlu-high-school-world-history,2.0,0.1111111111111111,mmlu-high-school-psychology,1.0,0.05555555555555555
677,3,consensus_summary,1.0,consensus_summary,3,1.0,,,,,,,,,,,,
678,14,mmlu-high-school-macroeconomics,0.2857142857142857,mmlu-high-school-macroeconomics,4,0.2857142857142857,hellaswag,3.0,0.21428571428571427,mmlu-miscellaneous,2.0,0.14285714285714285,arc-challenge,1.0,0.07142857142857142,mmlu-human-aging,1.0,0.07142857142857142
679,501,hellaswag,0.21956087824351297,hellaswag,110,0.21956087824351297,mmlu-prehistory,56.0,0.11177644710578842,mmlu-world-religions,44.0,0.08782435129740519,mmlu-high-school-world-history,35.0,0.06986027944111776,winogrande,33.0,0.0658682634730539
681,474,mmlu-high-school-microeconomics,0.14767932489451477,mmlu-high-school-microeconomics,70,0.14767932489451477,mmlu-high-school-macroeconomics,57.0,0.12025316455696203,mmlu-econometrics,40.0,0.08438818565400844,arc-challenge,35.0,0.07383966244725738,mmlu-high-school-physics,24.0,0.05063291139240506
682,1,hellaswag,1.0,hellaswag,1,1.0,,,,,,,,,,,,
683,1,hellaswag,1.0,hellaswag,1,1.0,,,,,,,,,,,,
686,224,hellaswag,0.7008928571428571,hellaswag,157,0.7008928571428571,mmlu-high-school-psychology,10.0,0.044642857142857144,mmlu-miscellaneous,7.0,0.03125,consensus_summary,6.0,0.026785714285714284,mmlu-anatomy,6.0,0.026785714285714284
687,394,bias_detection,0.19543147208121828,bias_detection,77,0.19543147208121828,abstract2title,72.0,0.18274111675126903,hellaswag,43.0,0.10913705583756345,mmlu-miscellaneous,26.0,0.06598984771573604,mmlu-high-school-world-history,20.0,0.050761421319796954
689,1,chinese_ancient_masterpieces_dynasty,1.0,chinese_ancient_masterpieces_dynasty,1,1.0,,,,,,,,,,,,
690,1005,mmlu-moral-scenarios,0.6547263681592039,mmlu-moral-scenarios,658,0.6547263681592039,hellaswag,325.0,0.32338308457711445,mmlu-professional-law,10.0,0.009950248756218905,mmlu-moral-disputes,7.0,0.006965174129353234,winogrande,3.0,0.0029850746268656717
691,556,hellaswag,0.6600719424460432,hellaswag,367,0.6600719424460432,mbpp,17.0,0.030575539568345324,mmlu-miscellaneous,15.0,0.02697841726618705,arc-challenge,13.0,0.023381294964028777,mmlu-high-school-biology,10.0,0.017985611510791366
692,299,mbpp,0.4180602006688963,mbpp,125,0.4180602006688963,hellaswag,27.0,0.0903010033444816,mmlu-high-school-computer-science,16.0,0.05351170568561873,mmlu-prehistory,16.0,0.05351170568561873,mmlu-elementary-mathematics,14.0,0.046822742474916385
693,2,hellaswag,1.0,hellaswag,2,1.0,,,,,,,,,,,,
694,9,mbpp,0.4444444444444444,mbpp,4,0.4444444444444444,hellaswag,3.0,0.3333333333333333,abstract2title,2.0,0.2222222222222222,,,,,,
695,15,mmlu-high-school-us-history,0.26666666666666666,mmlu-high-school-us-history,4,0.26666666666666666,mmlu-security-studies,3.0,0.2,mmlu-moral-disputes,2.0,0.13333333333333333,mmlu-high-school-physics,1.0,0.06666666666666667,mmlu-high-school-world-history,1.0,0.06666666666666667
696,1,mmlu-professional-law,1.0,mmlu-professional-law,1,1.0,,,,,,,,,,,,
698,43,hellaswag,0.32558139534883723,hellaswag,14,0.32558139534883723,mmlu-high-school-world-history,8.0,0.18604651162790697,mmlu-philosophy,6.0,0.13953488372093023,bias_detection,3.0,0.06976744186046512,mmlu-high-school-us-history,3.0,0.06976744186046512
699,1551,hellaswag,0.26434558349451964,hellaswag,410,0.26434558349451964,mmlu-high-school-statistics,120.0,0.07736943907156674,mmlu-professional-law,98.0,0.06318504190844616,mmlu-professional-psychology,81.0,0.05222437137330754,mmlu-professional-accounting,78.0,0.05029013539651837
702,5,mbpp,0.6,mbpp,3,0.6,mmlu-human-sexuality,1.0,0.2,mmlu-sociology,1.0,0.2,,,,,,
703,17,hellaswag,0.5294117647058824,hellaswag,9,0.5294117647058824,consensus_summary,3.0,0.17647058823529413,mmlu-professional-law,2.0,0.11764705882352941,mmlu-college-mathematics,1.0,0.058823529411764705,mmlu-high-school-computer-science,1.0,0.058823529411764705
705,73,hellaswag,0.4383561643835616,hellaswag,32,0.4383561643835616,mmlu-computer-security,5.0,0.0684931506849315,mmlu-miscellaneous,5.0,0.0684931506849315,mmlu-electrical-engineering,4.0,0.0547945205479452,arc-challenge,3.0,0.0410958904109589
706,1,hellaswag,1.0,hellaswag,1,1.0,,,,,,,,,,,,
707,18,mmlu-marketing,0.4444444444444444,mmlu-marketing,8,0.4444444444444444,mmlu-business-ethics,3.0,0.16666666666666666,arc-challenge,2.0,0.1111111111111111,mbpp,1.0,0.05555555555555555,mmlu-high-school-microeconomics,1.0,0.05555555555555555
708,36,arc-challenge,0.3888888888888889,arc-challenge,14,0.3888888888888889,mmlu-high-school-biology,5.0,0.1388888888888889,hellaswag,3.0,0.08333333333333333,mmlu-miscellaneous,3.0,0.08333333333333333,mmlu-astronomy,2.0,0.05555555555555555
709,240,mmlu-professional-law,0.25833333333333336,mmlu-professional-law,62,0.25833333333333336,hellaswag,30.0,0.125,mmlu-high-school-psychology,18.0,0.075,mmlu-elementary-mathematics,13.0,0.05416666666666667,mmlu-professional-psychology,13.0,0.05416666666666667
710,1,hellaswag,1.0,hellaswag,1,1.0,,,,,,,,,,,,
711,1273,hellaswag,0.7391987431264729,hellaswag,941,0.7391987431264729,arc-challenge,45.0,0.03534956794972506,mbpp,30.0,0.02356637863315004,mmlu-high-school-chemistry,29.0,0.022780832678711706,mmlu-high-school-biology,23.0,0.018067556952081697
712,14,abstract2title,0.42857142857142855,abstract2title,6,0.42857142857142855,hellaswag,3.0,0.21428571428571427,mbpp,3.0,0.21428571428571427,consensus_summary,2.0,0.14285714285714285,,,
713,90,hellaswag,0.5333333333333333,hellaswag,48,0.5333333333333333,mmlu-high-school-us-history,8.0,0.08888888888888889,mmlu-professional-medicine,6.0,0.06666666666666667,consensus_summary,4.0,0.044444444444444446,mmlu-formal-logic,4.0,0.044444444444444446
714,473,hellaswag,0.24735729386892177,hellaswag,117,0.24735729386892177,mmlu-professional-law,65.0,0.13742071881606766,mmlu-elementary-mathematics,44.0,0.09302325581395349,winogrande,32.0,0.06765327695560254,mmlu-high-school-mathematics,22.0,0.046511627906976744
718,3016,mmlu-moral-scenarios,0.21982758620689655,mmlu-moral-scenarios,663,0.21982758620689655,hellaswag,583.0,0.1933023872679045,mmlu-professional-law,217.0,0.07194960212201591,mmlu-professional-psychology,177.0,0.058687002652519894,winogrande,168.0,0.05570291777188329
719,709,mmlu-elementary-mathematics,0.152327221438646,mmlu-elementary-mathematics,108,0.152327221438646,mmlu-high-school-chemistry,72.0,0.10155148095909731,mmlu-high-school-mathematics,57.0,0.08039492242595205,arc-challenge,51.0,0.07193229901269393,winogrande,46.0,0.06488011283497884
721,946,hellaswag,0.4725158562367865,hellaswag,447,0.4725158562367865,mmlu-professional-psychology,68.0,0.07188160676532769,arc-challenge,61.0,0.06448202959830866,mmlu-miscellaneous,31.0,0.03276955602536998,mmlu-professional-law,27.0,0.02854122621564482
722,1035,hellaswag,0.3690821256038647,hellaswag,382,0.3690821256038647,abstract2title,64.0,0.06183574879227053,arc-challenge,64.0,0.06183574879227053,mmlu-professional-law,61.0,0.05893719806763285,mmlu-miscellaneous,51.0,0.04927536231884058
723,478,hellaswag,0.27405857740585776,hellaswag,131,0.27405857740585776,arc-challenge,54.0,0.11297071129707113,mmlu-security-studies,39.0,0.08158995815899582,mbpp,22.0,0.04602510460251046,mmlu-high-school-macroeconomics,17.0,0.03556485355648536
724,16,hellaswag,0.375,hellaswag,6,0.375,mmlu-miscellaneous,3.0,0.1875,mbpp,2.0,0.125,winogrande,2.0,0.125,arc-challenge,1.0,0.0625
726,1592,hellaswag,0.3379396984924623,hellaswag,538,0.3379396984924623,mmlu-professional-psychology,192.0,0.12060301507537688,mmlu-high-school-psychology,164.0,0.10301507537688442,mmlu-professional-law,95.0,0.059673366834170856,consensus_summary,56.0,0.035175879396984924
727,93,hellaswag,0.25806451612903225,hellaswag,24,0.25806451612903225,mmlu-moral-disputes,12.0,0.12903225806451613,mmlu-philosophy,9.0,0.0967741935483871,mmlu-jurisprudence,7.0,0.07526881720430108,arc-challenge,5.0,0.053763440860215055
728,983,hellaswag,0.4587995930824008,hellaswag,451,0.4587995930824008,abstract2title,61.0,0.06205493387589013,arc-challenge,35.0,0.03560528992878942,mmlu-marketing,33.0,0.0335707019328586,mmlu-security-studies,32.0,0.03255340793489318
729,296,hellaswag,0.9797297297297297,hellaswag,290,0.9797297297297297,winogrande,3.0,0.010135135135135136,mmlu-professional-medicine,2.0,0.006756756756756757,mmlu-miscellaneous,1.0,0.0033783783783783786,,,
731,1,consensus_summary,1.0,consensus_summary,1,1.0,,,,,,,,,,,,
734,2,consensus_summary,1.0,consensus_summary,2,1.0,,,,,,,,,,,,
737,3579,hellaswag,0.4300083822296731,hellaswag,1539,0.4300083822296731,mmlu-professional-law,433.0,0.12098351494830958,winogrande,357.0,0.0997485331098072,arc-challenge,135.0,0.037720033528918694,mmlu-miscellaneous,90.0,0.025146689019279127
738,12,hellaswag,0.3333333333333333,hellaswag,4,0.3333333333333333,mmlu-global-facts,3.0,0.25,consensus_summary,1.0,0.08333333333333333,mbpp,1.0,0.08333333333333333,mmlu-econometrics,1.0,0.08333333333333333
739,13,consensus_summary,0.23076923076923078,consensus_summary,3,0.23076923076923078,hellaswag,3.0,0.23076923076923078,mbpp,3.0,0.23076923076923078,mmlu-high-school-mathematics,2.0,0.15384615384615385,mmlu-high-school-computer-science,1.0,0.07692307692307693
741,2,mbpp,0.5,mbpp,1,0.5,mmlu-sociology,1.0,0.5,,,,,,,,,
742,594,hellaswag,0.32996632996632996,hellaswag,196,0.32996632996632996,mmlu-prehistory,51.0,0.08585858585858586,mmlu-miscellaneous,37.0,0.06228956228956229,winogrande,36.0,0.06060606060606061,arc-challenge,24.0,0.04040404040404041
743,87,hellaswag,0.6206896551724138,hellaswag,54,0.6206896551724138,mmlu-professional-law,12.0,0.13793103448275862,mmlu-high-school-us-history,6.0,0.06896551724137931,arc-challenge,2.0,0.022988505747126436,mmlu-college-mathematics,2.0,0.022988505747126436
744,148,mmlu-high-school-macroeconomics,0.19594594594594594,mmlu-high-school-macroeconomics,29,0.19594594594594594,hellaswag,13.0,0.08783783783783784,mmlu-high-school-microeconomics,13.0,0.08783783783783784,mmlu-miscellaneous,10.0,0.06756756756756757,mmlu-marketing,9.0,0.060810810810810814
745,1337,hellaswag,0.9027673896783844,hellaswag,1207,0.9027673896783844,mbpp,39.0,0.02916978309648467,arc-challenge,12.0,0.008975317875841436,mmlu-miscellaneous,11.0,0.008227374719521317,winogrande,9.0,0.006731488406881077
747,222,hellaswag,0.6171171171171171,hellaswag,137,0.6171171171171171,mmlu-miscellaneous,19.0,0.08558558558558559,mmlu-abstract-algebra,8.0,0.036036036036036036,consensus_summary,6.0,0.02702702702702703,mmlu-high-school-psychology,6.0,0.02702702702702703
749,45,chinese_zodiac,0.8666666666666667,chinese_zodiac,39,0.8666666666666667,hellaswag,1.0,0.022222222222222223,mbpp,1.0,0.022222222222222223,mmlu-global-facts,1.0,0.022222222222222223,mmlu-miscellaneous,1.0,0.022222222222222223
750,300,hellaswag,0.21666666666666667,hellaswag,65,0.21666666666666667,bias_detection,48.0,0.16,mmlu-professional-law,29.0,0.09666666666666666,mmlu-high-school-world-history,20.0,0.06666666666666667,mmlu-security-studies,19.0,0.06333333333333334
751,2,mbpp,1.0,mbpp,2,1.0,,,,,,,,,,,,
752,19,hellaswag,0.7894736842105263,hellaswag,15,0.7894736842105263,mmlu-elementary-mathematics,1.0,0.05263157894736842,mmlu-high-school-mathematics,1.0,0.05263157894736842,mmlu-marketing,1.0,0.05263157894736842,winogrande,1.0,0.05263157894736842
753,97,mmlu-philosophy,0.13402061855670103,mmlu-philosophy,13,0.13402061855670103,mmlu-professional-psychology,10.0,0.10309278350515463,hellaswag,9.0,0.09278350515463918,mmlu-human-aging,9.0,0.09278350515463918,mmlu-moral-disputes,5.0,0.05154639175257732
754,1516,hellaswag,0.38852242744063326,hellaswag,589,0.38852242744063326,chinese_zodiac,284.0,0.18733509234828497,mbpp,108.0,0.0712401055408971,mmlu-elementary-mathematics,53.0,0.03496042216358839,mmlu-professional-law,43.0,0.02836411609498681
755,1508,mmlu-elementary-mathematics,0.15716180371352786,mmlu-elementary-mathematics,237,0.15716180371352786,hellaswag,213.0,0.14124668435013263,mmlu-high-school-mathematics,150.0,0.09946949602122016,mmlu-miscellaneous,94.0,0.0623342175066313,mmlu-professional-law,70.0,0.046419098143236075
756,5995,grade-school-math,0.994161801501251,grade-school-math,5960,0.994161801501251,hellaswag,24.0,0.004003336113427856,mmlu-professional-law,9.0,0.0015012510425354462,chinese_zodiac,1.0,0.00016680567139282736,mmlu-professional-medicine,1.0,0.00016680567139282736
757,9249,grade-school-math,0.6443939885393015,grade-school-math,5960,0.6443939885393015,hellaswag,567.0,0.06130392474862147,arc-challenge,532.0,0.0575197318629041,mmlu-nutrition,211.0,0.022813277111039032,mmlu-high-school-biology,152.0,0.016434209103686884
758,86,mmlu-high-school-us-history,0.3023255813953488,mmlu-high-school-us-history,26,0.3023255813953488,mmlu-high-school-world-history,22.0,0.2558139534883721,mmlu-high-school-european-history,9.0,0.10465116279069768,mbpp,6.0,0.06976744186046512,mmlu-professional-medicine,6.0,0.06976744186046512
760,5960,grade-school-math,1.0,grade-school-math,5960,1.0,,,,,,,,,,,,
762,31,hellaswag,0.2903225806451613,hellaswag,9,0.2903225806451613,mmlu-high-school-european-history,6.0,0.1935483870967742,mmlu-miscellaneous,5.0,0.16129032258064516,mmlu-professional-law,5.0,0.16129032258064516,mmlu-anatomy,1.0,0.03225806451612903
765,674,hellaswag,0.22997032640949555,hellaswag,155,0.22997032640949555,bias_detection,126.0,0.18694362017804153,mmlu-professional-law,34.0,0.050445103857566766,mmlu-logical-fallacies,31.0,0.04599406528189911,mmlu-professional-medicine,30.0,0.04451038575667656
767,1,winogrande,1.0,winogrande,1,1.0,,,,,,,,,,,,
768,1057,hellaswag,0.48438978240302744,hellaswag,512,0.48438978240302744,mmlu-nutrition,85.0,0.0804162724692526,consensus_summary,53.0,0.050141911069063384,arc-challenge,38.0,0.03595080416272469,winogrande,32.0,0.030274361400189215
770,2161,chinese_zodiac,0.13142063859324388,chinese_zodiac,284,0.13142063859324388,arc-challenge,216.0,0.0999537251272559,hellaswag,206.0,0.0953262378528459,mmlu-high-school-biology,128.0,0.05923183711244794,mmlu-high-school-macroeconomics,98.0,0.04534937528921795
771,1,abstract2title,1.0,abstract2title,1,1.0,,,,,,,,,,,,
773,474,chinese_zodiac,0.5991561181434599,chinese_zodiac,284,0.5991561181434599,hellaswag,120.0,0.25316455696202533,chinese_tang_poetries,16.0,0.03375527426160337,mmlu-management,7.0,0.014767932489451477,mmlu-high-school-us-history,5.0,0.010548523206751054
774,81,hellaswag,0.38271604938271603,hellaswag,31,0.38271604938271603,mmlu-miscellaneous,7.0,0.08641975308641975,mmlu-marketing,6.0,0.07407407407407407,mmlu-professional-medicine,6.0,0.07407407407407407,arc-challenge,5.0,0.06172839506172839
775,1502,hellaswag,0.5452729693741678,hellaswag,819,0.5452729693741678,winogrande,108.0,0.07190412782956059,consensus_summary,74.0,0.0492676431424767,mmlu-nutrition,54.0,0.03595206391478029,mmlu-professional-law,40.0,0.02663115845539281
776,17,mmlu-computer-security,0.29411764705882354,mmlu-computer-security,5,0.29411764705882354,mmlu-security-studies,4.0,0.23529411764705882,hellaswag,2.0,0.11764705882352941,mmlu-professional-accounting,2.0,0.11764705882352941,mmlu-high-school-computer-science,1.0,0.058823529411764705
777,1700,hellaswag,0.15941176470588236,hellaswag,271,0.15941176470588236,mmlu-professional-medicine,107.0,0.06294117647058824,abstract2title,104.0,0.0611764705882353,mmlu-moral-disputes,91.0,0.05352941176470588,mmlu-nutrition,86.0,0.05058823529411765
779,4,consensus_summary,1.0,consensus_summary,4,1.0,,,,,,,,,,,,
781,1,hellaswag,1.0,hellaswag,1,1.0,,,,,,,,,,,,
783,131,mmlu-professional-accounting,0.17557251908396945,mmlu-professional-accounting,23,0.17557251908396945,hellaswag,18.0,0.13740458015267176,accounting_audit,17.0,0.1297709923664122,bias_detection,6.0,0.04580152671755725,mmlu-high-school-european-history,6.0,0.04580152671755725
785,2,consensus_summary,1.0,consensus_summary,2,1.0,,,,,,,,,,,,
788,83,hellaswag,0.26506024096385544,hellaswag,22,0.26506024096385544,Chinese_character_riddles,13.0,0.1566265060240964,chinese_homonym,7.0,0.08433734939759036,consensus_summary,7.0,0.08433734939759036,chinese_shi_jing,5.0,0.060240963855421686
790,275,hellaswag,0.38181818181818183,hellaswag,105,0.38181818181818183,consensus_summary,27.0,0.09818181818181818,mmlu-formal-logic,21.0,0.07636363636363637,mmlu-professional-medicine,21.0,0.07636363636363637,mmlu-professional-psychology,10.0,0.03636363636363636
793,993,hellaswag,0.41289023162134947,hellaswag,410,0.41289023162134947,mmlu-high-school-macroeconomics,58.0,0.05840886203423968,mmlu-professional-law,56.0,0.05639476334340383,mmlu-high-school-microeconomics,47.0,0.0473313192346425,arc-challenge,33.0,0.03323262839879154
794,2473,hellaswag,0.5418520016174687,hellaswag,1340,0.5418520016174687,winogrande,573.0,0.23170238576627578,mmlu-professional-law,158.0,0.06389001213101496,arc-challenge,100.0,0.040436716538617065,mmlu-high-school-microeconomics,36.0,0.014557217953902144
795,12,mbpp,0.5,mbpp,6,0.5,mmlu-high-school-chemistry,3.0,0.25,mmlu-electrical-engineering,2.0,0.16666666666666666,hellaswag,1.0,0.08333333333333333,,,
798,1759,hellaswag,0.27515633882888,hellaswag,484,0.27515633882888,mmlu-professional-law,254.0,0.14440022740193292,arc-challenge,118.0,0.06708357021034679,mmlu-professional-psychology,109.0,0.06196702671972712,mmlu-high-school-psychology,102.0,0.057987492893689596
799,3,hellaswag,0.6666666666666666,hellaswag,2,0.6666666666666666,mbpp,1.0,0.3333333333333333,,,,,,,,,
800,1342,hellaswag,0.19523099850968703,hellaswag,262,0.19523099850968703,mmlu-high-school-statistics,100.0,0.07451564828614009,mmlu-professional-law,87.0,0.06482861400894188,mmlu-high-school-macroeconomics,64.0,0.04769001490312966,arc-challenge,54.0,0.040238450074515646
802,1,consensus_summary,1.0,consensus_summary,1,1.0,,,,,,,,,,,,
803,109,hellaswag,0.3394495412844037,hellaswag,37,0.3394495412844037,mbpp,28.0,0.25688073394495414,winogrande,11.0,0.10091743119266056,mmlu-high-school-computer-science,6.0,0.05504587155963303,mmlu-medical-genetics,5.0,0.045871559633027525
804,10,hellaswag,0.7,hellaswag,7,0.7,arc-challenge,1.0,0.1,chinese_hard_translations,1.0,0.1,mmlu-high-school-biology,1.0,0.1,,,
805,1423,chinese_zodiac,0.19957835558678846,chinese_zodiac,284,0.19957835558678846,hellaswag,234.0,0.16444132115249474,mmlu-high-school-psychology,94.0,0.06605762473647224,mmlu-miscellaneous,67.0,0.04708362614195362,mmlu-professional-psychology,60.0,0.0421644413211525
806,1,abstract2title,1.0,abstract2title,1,1.0,,,,,,,,,,,,
807,6,mmlu-anatomy,0.3333333333333333,mmlu-anatomy,2,0.3333333333333333,mmlu-clinical-knowledge,1.0,0.16666666666666666,mmlu-college-medicine,1.0,0.16666666666666666,mmlu-elementary-mathematics,1.0,0.16666666666666666,mmlu-nutrition,1.0,0.16666666666666666
808,599,mmlu-professional-law,0.11853088480801335,mmlu-professional-law,71,0.11853088480801335,mmlu-nutrition,66.0,0.11018363939899833,mmlu-high-school-biology,57.0,0.09515859766277128,arc-challenge,49.0,0.08180300500834725,mmlu-college-biology,48.0,0.08013355592654424
809,716,mmlu-moral-scenarios,0.43854748603351956,mmlu-moral-scenarios,314,0.43854748603351956,mbpp,108.0,0.15083798882681565,hellaswag,81.0,0.11312849162011174,mmlu-professional-medicine,35.0,0.04888268156424581,mmlu-professional-law,31.0,0.04329608938547486
810,301,hellaswag,0.2026578073089701,hellaswag,61,0.2026578073089701,mmlu-high-school-macroeconomics,20.0,0.0664451827242525,mmlu-security-studies,20.0,0.0664451827242525,consensus_summary,14.0,0.046511627906976744,mbpp,14.0,0.046511627906976744
811,18,mmlu-econometrics,0.4444444444444444,mmlu-econometrics,8,0.4444444444444444,hellaswag,3.0,0.16666666666666666,mmlu-high-school-statistics,3.0,0.16666666666666666,mmlu-machine-learning,2.0,0.1111111111111111,abstract2title,1.0,0.05555555555555555
812,761,hellaswag,0.7161629434954008,hellaswag,545,0.7161629434954008,mmlu-professional-law,42.0,0.05519053876478318,arc-challenge,30.0,0.03942181340341656,mmlu-high-school-european-history,14.0,0.018396846254927726,mmlu-high-school-world-history,14.0,0.018396846254927726
813,2166,hellaswag,0.2987072945521699,hellaswag,647,0.2987072945521699,mmlu-professional-psychology,200.0,0.09233610341643583,arc-challenge,110.0,0.050784856879039705,mmlu-professional-law,105.0,0.04847645429362881,mmlu-high-school-psychology,93.0,0.04293628808864266
814,1500,arc-challenge,0.19266666666666668,arc-challenge,289,0.19266666666666668,mmlu-prehistory,105.0,0.07,mmlu-high-school-biology,90.0,0.06,mmlu-miscellaneous,83.0,0.05533333333333333,mmlu-high-school-chemistry,79.0,0.05266666666666667
815,204,arc-challenge,0.21568627450980393,arc-challenge,44,0.21568627450980393,mmlu-high-school-psychology,28.0,0.13725490196078433,mmlu-miscellaneous,14.0,0.06862745098039216,mmlu-high-school-geography,12.0,0.058823529411764705,mmlu-prehistory,9.0,0.04411764705882353
816,5960,grade-school-math,1.0,grade-school-math,5960,1.0,,,,,,,,,,,,
817,23,hellaswag,0.391304347826087,hellaswag,9,0.391304347826087,abstract2title,7.0,0.30434782608695654,mmlu-high-school-european-history,2.0,0.08695652173913043,mmlu-professional-law,2.0,0.08695652173913043,consensus_summary,1.0,0.043478260869565216
818,55,hellaswag,0.41818181818181815,hellaswag,23,0.41818181818181815,mmlu-high-school-world-history,8.0,0.14545454545454545,mmlu-high-school-us-history,6.0,0.10909090909090909,abstract2title,4.0,0.07272727272727272,mbpp,3.0,0.05454545454545454
820,14,hellaswag,0.5,hellaswag,7,0.5,mmlu-machine-learning,2.0,0.14285714285714285,arc-challenge,1.0,0.07142857142857142,mmlu-econometrics,1.0,0.07142857142857142,mmlu-high-school-macroeconomics,1.0,0.07142857142857142
821,1,mmlu-professional-law,1.0,mmlu-professional-law,1,1.0,,,,,,,,,,,,
822,1885,hellaswag,0.4737400530503979,hellaswag,893,0.4737400530503979,mmlu-professional-law,189.0,0.10026525198938992,chinese_zodiac,99.0,0.052519893899204244,arc-challenge,68.0,0.03607427055702918,winogrande,63.0,0.033421750663129975
823,129,hellaswag,0.4496124031007752,hellaswag,58,0.4496124031007752,consensus_summary,25.0,0.1937984496124031,abstract2title,10.0,0.07751937984496124,mbpp,3.0,0.023255813953488372,mmlu-college-computer-science,3.0,0.023255813953488372
824,23,hellaswag,0.6521739130434783,hellaswag,15,0.6521739130434783,mmlu-high-school-world-history,4.0,0.17391304347826086,abstract2title,2.0,0.08695652173913043,consensus_summary,2.0,0.08695652173913043,,,
825,23,arc-challenge,0.13043478260869565,arc-challenge,3,0.13043478260869565,winogrande,3.0,0.13043478260869565,mmlu-conceptual-physics,2.0,0.08695652173913043,mmlu-elementary-mathematics,2.0,0.08695652173913043,mmlu-high-school-physics,2.0,0.08695652173913043
826,2,consensus_summary,1.0,consensus_summary,2,1.0,,,,,,,,,,,,
827,828,hellaswag,0.4528985507246377,hellaswag,375,0.4528985507246377,mmlu-professional-law,55.0,0.06642512077294686,mmlu-high-school-world-history,48.0,0.057971014492753624,mmlu-high-school-european-history,33.0,0.03985507246376811,mmlu-professional-accounting,28.0,0.033816425120772944
828,2460,hellaswag,0.32723577235772355,hellaswag,805,0.32723577235772355,arc-challenge,153.0,0.06219512195121951,mmlu-professional-accounting,112.0,0.04552845528455285,mmlu-professional-law,112.0,0.04552845528455285,mmlu-security-studies,99.0,0.04024390243902439
829,1386,hellaswag,0.7987012987012987,hellaswag,1107,0.7987012987012987,bias_detection,74.0,0.05339105339105339,arc-challenge,62.0,0.044733044733044736,winogrande,17.0,0.012265512265512266,mmlu-high-school-us-history,13.0,0.00937950937950938
830,1,mtbench,1.0,mtbench,1,1.0,,,,,,,,,,,,
831,6255,grade-school-math,0.9528377298161471,grade-school-math,5960,0.9528377298161471,hellaswag,144.0,0.02302158273381295,mmlu-elementary-mathematics,38.0,0.006075139888089528,arc-challenge,30.0,0.004796163069544364,mmlu-high-school-mathematics,14.0,0.0022382094324540367
832,732,chinese_zodiac,0.3879781420765027,chinese_zodiac,284,0.3879781420765027,hellaswag,139.0,0.18989071038251365,arc-challenge,83.0,0.1133879781420765,mmlu-prehistory,28.0,0.03825136612021858,mmlu-miscellaneous,23.0,0.031420765027322405
833,1,consensus_summary,1.0,consensus_summary,1,1.0,,,,,,,,,,,,
835,1,mmlu-college-computer-science,1.0,mmlu-college-computer-science,1,1.0,,,,,,,,,,,,
837,1592,hellaswag,0.4183417085427136,hellaswag,666,0.4183417085427136,mmlu-professional-law,115.0,0.0722361809045226,arc-challenge,60.0,0.03768844221105527,mmlu-high-school-world-history,51.0,0.032035175879396985,mmlu-miscellaneous,50.0,0.031407035175879394
839,102,hellaswag,0.9607843137254902,hellaswag,98,0.9607843137254902,abstract2title,2.0,0.0196078431372549,arc-challenge,2.0,0.0196078431372549,,,,,,
840,6,mmlu-professional-law,0.3333333333333333,mmlu-professional-law,2,0.3333333333333333,hellaswag,1.0,0.16666666666666666,mmlu-college-biology,1.0,0.16666666666666666,mmlu-management,1.0,0.16666666666666666,mmlu-professional-psychology,1.0,0.16666666666666666
842,3,chinese_ancient_poetry,0.6666666666666666,chinese_ancient_poetry,2,0.6666666666666666,chinese_song_ci,1.0,0.3333333333333333,,,,,,,,,
845,188,hellaswag,0.3829787234042553,hellaswag,72,0.3829787234042553,mmlu-professional-law,58.0,0.30851063829787234,mmlu-high-school-government-and-politics,8.0,0.0425531914893617,mmlu-high-school-us-history,8.0,0.0425531914893617,winogrande,7.0,0.03723404255319149
846,3,hellaswag,0.6666666666666666,hellaswag,2,0.6666666666666666,mmlu-professional-law,1.0,0.3333333333333333,,,,,,,,,
847,621,hellaswag,0.5394524959742351,hellaswag,335,0.5394524959742351,mmlu-professional-law,38.0,0.061191626409017714,mmlu-miscellaneous,29.0,0.04669887278582931,mmlu-professional-psychology,18.0,0.028985507246376812,mmlu-high-school-psychology,17.0,0.027375201288244767
848,52,abstract2title,0.9230769230769231,abstract2title,48,0.9230769230769231,consensus_summary,1.0,0.019230769230769232,hellaswag,1.0,0.019230769230769232,mmlu-machine-learning,1.0,0.019230769230769232,mmlu-professional-law,1.0,0.019230769230769232
851,229,winogrande,0.8995633187772926,winogrande,206,0.8995633187772926,hellaswag,18.0,0.07860262008733625,mmlu-miscellaneous,2.0,0.008733624454148471,mmlu-human-sexuality,1.0,0.004366812227074236,mtbench-math,1.0,0.004366812227074236
855,148,hellaswag,0.25675675675675674,hellaswag,38,0.25675675675675674,mmlu-high-school-biology,15.0,0.10135135135135136,arc-challenge,13.0,0.08783783783783784,mmlu-high-school-macroeconomics,8.0,0.05405405405405406,mmlu-college-medicine,7.0,0.0472972972972973
856,1569,hellaswag,0.1491395793499044,hellaswag,234,0.1491395793499044,mmlu-elementary-mathematics,195.0,0.124282982791587,mmlu-high-school-mathematics,118.0,0.07520713830465264,mmlu-electrical-engineering,61.0,0.038878266411727216,mmlu-high-school-chemistry,57.0,0.036328871892925434
857,44,mmlu-professional-law,0.25,mmlu-professional-law,11,0.25,mmlu-elementary-mathematics,7.0,0.1590909090909091,mmlu-high-school-psychology,3.0,0.06818181818181818,mmlu-marketing,3.0,0.06818181818181818,mmlu-medical-genetics,3.0,0.06818181818181818
858,1777,hellaswag,0.39167135621834553,hellaswag,696,0.39167135621834553,arc-challenge,211.0,0.11873944850872256,winogrande,97.0,0.05458638154192459,mmlu-professional-accounting,70.0,0.03939223410241981,mmlu-high-school-biology,54.0,0.030388294879009566
859,3,mmlu-high-school-world-history,1.0,mmlu-high-school-world-history,3,1.0,,,,,,,,,,,,
860,325,abstract2title,0.6,abstract2title,195,0.6,hellaswag,91.0,0.28,mmlu-professional-law,8.0,0.024615384615384615,mmlu-miscellaneous,7.0,0.021538461538461538,winogrande,5.0,0.015384615384615385
861,1699,hellaswag,0.32901706886403764,hellaswag,559,0.32901706886403764,arc-challenge,329.0,0.19364331959976458,winogrande,94.0,0.05532666274278988,mmlu-conceptual-physics,84.0,0.049440847557386695,mmlu-high-school-chemistry,61.0,0.03590347263095939
862,230,mmlu-econometrics,0.2391304347826087,mmlu-econometrics,55,0.2391304347826087,hellaswag,20.0,0.08695652173913043,mmlu-professional-psychology,20.0,0.08695652173913043,mmlu-electrical-engineering,15.0,0.06521739130434782,arc-challenge,11.0,0.04782608695652174
863,9,mmlu-high-school-us-history,0.6666666666666666,mmlu-high-school-us-history,6,0.6666666666666666,mmlu-professional-law,2.0,0.2222222222222222,hellaswag,1.0,0.1111111111111111,,,,,,
865,2,mbpp,1.0,mbpp,2,1.0,,,,,,,,,,,,
866,774,mmlu-professional-law,0.5142118863049095,mmlu-professional-law,398,0.5142118863049095,hellaswag,77.0,0.09948320413436693,arc-challenge,39.0,0.050387596899224806,mmlu-miscellaneous,30.0,0.03875968992248062,winogrande,18.0,0.023255813953488372
868,2002,hellaswag,0.3941058941058941,hellaswag,789,0.3941058941058941,chinese_zodiac,284.0,0.14185814185814186,mmlu-moral-scenarios,200.0,0.0999000999000999,arc-challenge,167.0,0.08341658341658342,mmlu-high-school-psychology,91.0,0.045454545454545456
874,1,chinese_tang_poetries,1.0,chinese_tang_poetries,1,1.0,,,,,,,,,,,,
875,1,abstract2title,1.0,abstract2title,1,1.0,,,,,,,,,,,,
876,11,mbpp,1.0,mbpp,11,1.0,,,,,,,,,,,,
877,3465,hellaswag,0.5024531024531025,hellaswag,1741,0.5024531024531025,mmlu-professional-law,318.0,0.09177489177489177,arc-challenge,215.0,0.06204906204906205,winogrande,144.0,0.04155844155844156,mbpp,77.0,0.022222222222222223
879,29,hellaswag,0.5862068965517241,hellaswag,17,0.5862068965517241,winogrande,8.0,0.27586206896551724,mmlu-professional-law,3.0,0.10344827586206896,consensus_summary,1.0,0.034482758620689655,,,
880,22,mmlu-high-school-world-history,0.22727272727272727,mmlu-high-school-world-history,5,0.22727272727272727,mmlu-miscellaneous,3.0,0.13636363636363635,winogrande,3.0,0.13636363636363635,hellaswag,2.0,0.09090909090909091,mmlu-anatomy,1.0,0.045454545454545456
881,142,mmlu-professional-law,0.5211267605633803,mmlu-professional-law,74,0.5211267605633803,hellaswag,28.0,0.19718309859154928,mmlu-high-school-us-history,7.0,0.04929577464788732,mmlu-high-school-government-and-politics,6.0,0.04225352112676056,mmlu-high-school-world-history,6.0,0.04225352112676056
883,2549,hellaswag,0.748528834837191,hellaswag,1908,0.748528834837191,consensus_summary,48.0,0.018830914083954493,mmlu-professional-psychology,43.0,0.016869360533542564,mmlu-professional-law,37.0,0.014515496273048253,mmlu-clinical-knowledge,34.0,0.013338564142801098
885,49,hellaswag,0.24489795918367346,hellaswag,12,0.24489795918367346,consensus_summary,8.0,0.16326530612244897,mmlu-high-school-psychology,6.0,0.12244897959183673,mmlu-high-school-us-history,5.0,0.10204081632653061,mmlu-high-school-european-history,4.0,0.08163265306122448
886,1,abstract2title,1.0,abstract2title,1,1.0,,,,,,,,,,,,
887,525,mmlu-astronomy,0.14095238095238094,mmlu-astronomy,74,0.14095238095238094,hellaswag,70.0,0.13333333333333333,arc-challenge,63.0,0.12,mmlu-conceptual-physics,27.0,0.05142857142857143,mmlu-miscellaneous,27.0,0.05142857142857143
888,1447,hellaswag,0.35798203178991017,hellaswag,518,0.35798203178991017,mmlu-professional-psychology,103.0,0.07118175535590877,arc-challenge,74.0,0.05114029025570145,winogrande,55.0,0.03800967519004837,mmlu-high-school-psychology,53.0,0.036627505183137524
889,3045,arc-challenge,0.15467980295566502,arc-challenge,471,0.15467980295566502,winogrande,267.0,0.08768472906403942,mmlu-miscellaneous,263.0,0.08637110016420362,hellaswag,220.0,0.0722495894909688,mmlu-prehistory,163.0,0.053530377668308704
891,1086,winogrande,0.28084714548802947,winogrande,305,0.28084714548802947,hellaswag,149.0,0.13720073664825047,mmlu-professional-accounting,51.0,0.04696132596685083,mmlu-world-religions,47.0,0.0432780847145488,mmlu-moral-disputes,41.0,0.037753222836095765
893,4,consensus_summary,0.5,consensus_summary,2,0.5,mmlu-high-school-european-history,2.0,0.5,,,,,,,,,
894,2,mmlu-high-school-world-history,1.0,mmlu-high-school-world-history,2,1.0,,,,,,,,,,,,
895,1,winogrande,1.0,winogrande,1,1.0,,,,,,,,,,,,
896,12,mmlu-high-school-macroeconomics,0.25,mmlu-high-school-macroeconomics,3,0.25,mmlu-college-chemistry,1.0,0.08333333333333333,mmlu-econometrics,1.0,0.08333333333333333,mmlu-high-school-chemistry,1.0,0.08333333333333333,mmlu-high-school-geography,1.0,0.08333333333333333
897,52,hellaswag,0.7884615384615384,hellaswag,41,0.7884615384615384,mmlu-professional-law,5.0,0.09615384615384616,mmlu-abstract-algebra,3.0,0.057692307692307696,consensus_summary,1.0,0.019230769230769232,mmlu-nutrition,1.0,0.019230769230769232
898,8,consensus_summary,1.0,consensus_summary,8,1.0,,,,,,,,,,,,
899,699,hellaswag,0.6080114449213162,hellaswag,425,0.6080114449213162,mmlu-professional-law,51.0,0.07296137339055794,consensus_summary,36.0,0.05150214592274678,mmlu-high-school-us-history,23.0,0.032904148783977114,mmlu-formal-logic,17.0,0.024320457796852647
900,35,winogrande,0.7428571428571429,winogrande,26,0.7428571428571429,arc-challenge,4.0,0.11428571428571428,mmlu-astronomy,3.0,0.08571428571428572,mmlu-high-school-mathematics,1.0,0.02857142857142857,mmlu-high-school-physics,1.0,0.02857142857142857
901,512,hellaswag,0.314453125,hellaswag,161,0.314453125,arc-challenge,60.0,0.1171875,mmlu-high-school-geography,38.0,0.07421875,winogrande,27.0,0.052734375,mmlu-miscellaneous,26.0,0.05078125
902,5,abstract2title,0.6,abstract2title,3,0.6,consensus_summary,1.0,0.2,mmlu-machine-learning,1.0,0.2,,,,,,
903,2,mmlu-high-school-psychology,0.5,mmlu-high-school-psychology,1,0.5,winogrande,1.0,0.5,,,,,,,,,
904,938,hellaswag,0.9637526652452025,hellaswag,904,0.9637526652452025,arc-challenge,9.0,0.009594882729211088,mmlu-miscellaneous,6.0,0.006396588486140725,mmlu-high-school-psychology,5.0,0.005330490405117271,mmlu-computer-security,3.0,0.0031982942430703624
906,1348,mmlu-professional-law,0.5682492581602374,mmlu-professional-law,766,0.5682492581602374,hellaswag,215.0,0.15949554896142434,mmlu-high-school-microeconomics,34.0,0.025222551928783383,mmlu-logical-fallacies,34.0,0.025222551928783383,mmlu-security-studies,28.0,0.020771513353115726
908,265,hellaswag,0.8037735849056604,hellaswag,213,0.8037735849056604,abstract2title,15.0,0.05660377358490566,mbpp,13.0,0.04905660377358491,mmlu-college-computer-science,5.0,0.018867924528301886,mmlu-computer-security,3.0,0.011320754716981131
909,207,mbpp,0.642512077294686,mbpp,133,0.642512077294686,mmlu-elementary-mathematics,23.0,0.1111111111111111,winogrande,8.0,0.03864734299516908,mmlu-high-school-mathematics,7.0,0.033816425120772944,mmlu-miscellaneous,7.0,0.033816425120772944
910,712,hellaswag,0.1699438202247191,hellaswag,121,0.1699438202247191,mmlu-elementary-mathematics,84.0,0.11797752808988764,mmlu-conceptual-physics,53.0,0.07443820224719101,arc-challenge,46.0,0.06460674157303371,mmlu-high-school-mathematics,43.0,0.060393258426966294
911,776,hellaswag,0.38402061855670105,hellaswag,298,0.38402061855670105,arc-challenge,164.0,0.211340206185567,mmlu-nutrition,28.0,0.03608247422680412,mmlu-prehistory,26.0,0.03350515463917526,mmlu-miscellaneous,20.0,0.02577319587628866
912,29,consensus_summary,0.1724137931034483,consensus_summary,5,0.1724137931034483,mmlu-high-school-psychology,5.0,0.1724137931034483,mbpp,4.0,0.13793103448275862,mmlu-professional-psychology,3.0,0.10344827586206896,mmlu-global-facts,2.0,0.06896551724137931
913,1006,hellaswag,0.8747514910536779,hellaswag,880,0.8747514910536779,mmlu-professional-law,30.0,0.02982107355864811,arc-challenge,14.0,0.013916500994035786,winogrande,12.0,0.011928429423459244,mbpp,7.0,0.006958250497017893
915,1644,hellaswag,0.43552311435523117,hellaswag,716,0.43552311435523117,mmlu-moral-scenarios,377.0,0.22931873479318735,mmlu-professional-medicine,63.0,0.03832116788321168,mmlu-professional-psychology,53.0,0.03223844282238443,mmlu-human-sexuality,45.0,0.02737226277372263
916,1991,hellaswag,0.1366147664490206,hellaswag,272,0.1366147664490206,mmlu-professional-law,256.0,0.12857860371672528,mmlu-professional-accounting,116.0,0.05826217980914113,mmlu-high-school-statistics,104.0,0.052235057759919636,winogrande,74.0,0.0371672526368659
917,1,hellaswag,1.0,hellaswag,1,1.0,,,,,,,,,,,,
918,1327,hellaswag,0.24566691785983422,hellaswag,326,0.24566691785983422,mmlu-high-school-government-and-politics,77.0,0.058025621703089676,mmlu-miscellaneous,72.0,0.05425772418990203,mmlu-us-foreign-policy,64.0,0.04822908816880181,mmlu-security-studies,61.0,0.045968349660889224
920,1132,mbpp,0.1607773851590106,mbpp,182,0.1607773851590106,hellaswag,163.0,0.1439929328621908,arc-challenge,118.0,0.10424028268551237,mmlu-conceptual-physics,54.0,0.04770318021201413,mmlu-elementary-mathematics,50.0,0.044169611307420496
921,2,consensus_summary,1.0,consensus_summary,2,1.0,,,,,,,,,,,,
922,12,abstract2title,0.16666666666666666,abstract2title,2,0.16666666666666666,consensus_summary,2.0,0.16666666666666666,mmlu-high-school-european-history,2.0,0.16666666666666666,mmlu-high-school-us-history,2.0,0.16666666666666666,hellaswag,1.0,0.08333333333333333
923,103,winogrande,0.4368932038834951,winogrande,45,0.4368932038834951,hellaswag,25.0,0.24271844660194175,mmlu-miscellaneous,7.0,0.06796116504854369,mmlu-professional-law,5.0,0.04854368932038835,mmlu-logical-fallacies,3.0,0.02912621359223301
927,8,mmlu-high-school-psychology,0.25,mmlu-high-school-psychology,2,0.25,consensus_summary,1.0,0.125,hellaswag,1.0,0.125,mmlu-college-computer-science,1.0,0.125,mmlu-high-school-mathematics,1.0,0.125
928,1,hellaswag,1.0,hellaswag,1,1.0,,,,,,,,,,,,
929,66,hellaswag,0.5606060606060606,hellaswag,37,0.5606060606060606,mmlu-professional-law,19.0,0.2878787878787879,mmlu-high-school-us-history,6.0,0.09090909090909091,mbpp,2.0,0.030303030303030304,consensus_summary,1.0,0.015151515151515152
930,86,hellaswag,0.37209302325581395,hellaswag,32,0.37209302325581395,mbpp,15.0,0.1744186046511628,consensus_summary,5.0,0.05813953488372093,mmlu-high-school-mathematics,4.0,0.046511627906976744,mmlu-high-school-physics,4.0,0.046511627906976744
931,790,mmlu-professional-accounting,0.08354430379746836,mmlu-professional-accounting,66,0.08354430379746836,mmlu-high-school-mathematics,59.0,0.07468354430379746,mmlu-elementary-mathematics,58.0,0.07341772151898734,hellaswag,48.0,0.060759493670886074,mmlu-high-school-statistics,48.0,0.060759493670886074
934,392,mbpp,0.13010204081632654,mbpp,51,0.13010204081632654,mmlu-high-school-mathematics,45.0,0.11479591836734694,hellaswag,40.0,0.10204081632653061,mmlu-elementary-mathematics,26.0,0.0663265306122449,mmlu-electrical-engineering,20.0,0.05102040816326531
935,33,hellaswag,0.48484848484848486,hellaswag,16,0.48484848484848486,mmlu-professional-psychology,3.0,0.09090909090909091,mmlu-global-facts,2.0,0.06060606060606061,mmlu-philosophy,2.0,0.06060606060606061,mmlu-world-religions,2.0,0.06060606060606061
936,1300,winogrande,0.18076923076923077,winogrande,235,0.18076923076923077,mmlu-professional-law,197.0,0.15153846153846154,hellaswag,192.0,0.1476923076923077,arc-challenge,77.0,0.05923076923076923,mmlu-high-school-macroeconomics,71.0,0.054615384615384614
938,323,arc-challenge,0.35294117647058826,arc-challenge,114,0.35294117647058826,hellaswag,36.0,0.11145510835913312,mmlu-security-studies,30.0,0.09287925696594428,winogrande,19.0,0.058823529411764705,consensus_summary,16.0,0.04953560371517028
941,132,bias_detection,0.8106060606060606,bias_detection,107,0.8106060606060606,consensus_summary,8.0,0.06060606060606061,mmlu-high-school-psychology,5.0,0.03787878787878788,mmlu-high-school-world-history,3.0,0.022727272727272728,hellaswag,1.0,0.007575757575757576
942,2,mmlu-college-medicine,1.0,mmlu-college-medicine,2,1.0,,,,,,,,,,,,
944,51,hellaswag,0.09803921568627451,hellaswag,5,0.09803921568627451,mmlu-conceptual-physics,5.0,0.09803921568627451,arc-challenge,4.0,0.0784313725490196,mmlu-computer-security,3.0,0.058823529411764705,mmlu-elementary-mathematics,3.0,0.058823529411764705
945,540,hellaswag,0.45740740740740743,hellaswag,247,0.45740740740740743,mmlu-high-school-microeconomics,42.0,0.07777777777777778,mmlu-professional-psychology,36.0,0.06666666666666667,mmlu-professional-law,31.0,0.05740740740740741,mmlu-high-school-macroeconomics,22.0,0.040740740740740744
946,2944,hellaswag,0.48403532608695654,hellaswag,1425,0.48403532608695654,mmlu-security-studies,147.0,0.049932065217391304,bias_detection,109.0,0.03702445652173913,mmlu-high-school-world-history,81.0,0.02751358695652174,mmlu-professional-law,73.0,0.024796195652173912
947,409,winogrande,0.27383863080684595,winogrande,112,0.27383863080684595,hellaswag,73.0,0.1784841075794621,mmlu-miscellaneous,47.0,0.11491442542787286,mmlu-elementary-mathematics,14.0,0.034229828850855744,mmlu-high-school-physics,11.0,0.02689486552567237
948,1005,hellaswag,0.844776119402985,hellaswag,849,0.844776119402985,mmlu-professional-law,71.0,0.07064676616915423,winogrande,20.0,0.01990049751243781,arc-challenge,17.0,0.01691542288557214,mmlu-miscellaneous,7.0,0.006965174129353234
950,640,hellaswag,0.1578125,hellaswag,101,0.1578125,mmlu-professional-law,52.0,0.08125,mmlu-prehistory,43.0,0.0671875,mmlu-high-school-psychology,36.0,0.05625,mmlu-high-school-world-history,31.0,0.0484375
951,3,hellaswag,0.3333333333333333,hellaswag,1,0.3333333333333333,mmlu-high-school-macroeconomics,1.0,0.3333333333333333,mmlu-professional-law,1.0,0.3333333333333333,,,,,,
952,2,abstract2title,0.5,abstract2title,1,0.5,consensus_summary,1.0,0.5,,,,,,,,,
953,100,hellaswag,0.4,hellaswag,40,0.4,winogrande,11.0,0.11,chinese_ancient_masterpieces_dynasty,8.0,0.08,mmlu-formal-logic,7.0,0.07,mmlu-high-school-world-history,5.0,0.05
955,1,consensus_summary,1.0,consensus_summary,1,1.0,,,,,,,,,,,,
956,9290,grade-school-math,0.6415500538213132,grade-school-math,5960,0.6415500538213132,hellaswag,1613.0,0.1736275565123789,arc-challenge,299.0,0.032185145317545745,mmlu-elementary-mathematics,206.0,0.02217438105489774,winogrande,168.0,0.018083961248654468
957,48,hellaswag,0.2916666666666667,hellaswag,14,0.2916666666666667,mmlu-professional-law,12.0,0.25,mmlu-miscellaneous,7.0,0.14583333333333334,mmlu-high-school-european-history,4.0,0.08333333333333333,mmlu-jurisprudence,3.0,0.0625
958,2,hellaswag,0.5,hellaswag,1,0.5,mtbench-reference,1.0,0.5,,,,,,,,,
959,1,mbpp,1.0,mbpp,1,1.0,,,,,,,,,,,,
963,34,hellaswag,0.4117647058823529,hellaswag,14,0.4117647058823529,mmlu-professional-law,7.0,0.20588235294117646,mmlu-high-school-mathematics,3.0,0.08823529411764706,accounting_audit,2.0,0.058823529411764705,bias_detection,2.0,0.058823529411764705
964,25,hellaswag,0.88,hellaswag,22,0.88,mmlu-high-school-psychology,1.0,0.04,mmlu-logical-fallacies,1.0,0.04,mmlu-professional-psychology,1.0,0.04,,,
965,1,mmlu-professional-law,1.0,mmlu-professional-law,1,1.0,,,,,,,,,,,,
966,59,hellaswag,0.3389830508474576,hellaswag,20,0.3389830508474576,mmlu-econometrics,14.0,0.23728813559322035,arc-challenge,9.0,0.15254237288135594,mmlu-prehistory,4.0,0.06779661016949153,consensus_summary,2.0,0.03389830508474576
967,98,arc-challenge,0.4387755102040816,arc-challenge,43,0.4387755102040816,mmlu-miscellaneous,11.0,0.11224489795918367,mbpp,6.0,0.061224489795918366,mmlu-high-school-geography,5.0,0.05102040816326531,abstract2title,3.0,0.030612244897959183
968,1724,hellaswag,0.6293503480278422,hellaswag,1085,0.6293503480278422,mmlu-professional-law,105.0,0.060904872389791184,winogrande,57.0,0.03306264501160093,mmlu-professional-psychology,53.0,0.03074245939675174,arc-challenge,51.0,0.029582366589327145
972,4,abstract2title,0.75,abstract2title,3,0.75,mmlu-high-school-world-history,1.0,0.25,,,,,,,,,
973,785,hellaswag,0.43821656050955415,hellaswag,344,0.43821656050955415,mmlu-professional-law,56.0,0.07133757961783439,consensus_summary,42.0,0.0535031847133758,mmlu-high-school-macroeconomics,42.0,0.0535031847133758,winogrande,25.0,0.03184713375796178
977,292,hellaswag,0.18835616438356165,hellaswag,55,0.18835616438356165,arc-challenge,32.0,0.1095890410958904,mmlu-astronomy,18.0,0.06164383561643835,mmlu-professional-law,16.0,0.0547945205479452,mmlu-conceptual-physics,14.0,0.04794520547945205
978,257,hellaswag,0.14396887159533073,hellaswag,37,0.14396887159533073,mmlu-high-school-european-history,31.0,0.12062256809338522,mmlu-high-school-world-history,28.0,0.10894941634241245,consensus_summary,24.0,0.0933852140077821,mmlu-high-school-us-history,21.0,0.08171206225680934
979,48,mmlu-moral-scenarios,0.75,mmlu-moral-scenarios,36,0.75,hellaswag,3.0,0.0625,mmlu-professional-law,3.0,0.0625,mmlu-miscellaneous,2.0,0.041666666666666664,abstract2title,1.0,0.020833333333333332
980,881,hellaswag,0.13393870601589103,hellaswag,118,0.13393870601589103,mbpp,109.0,0.12372304199772985,mmlu-international-law,57.0,0.06469920544835414,mmlu-security-studies,42.0,0.04767309875141884,mmlu-professional-law,32.0,0.036322360953461974
981,1614,hellaswag,0.5786864931846345,hellaswag,934,0.5786864931846345,winogrande,183.0,0.11338289962825279,mmlu-miscellaneous,70.0,0.04337050805452292,arc-challenge,68.0,0.042131350681536554,mmlu-high-school-psychology,43.0,0.02664188351920694
983,25,mmlu-professional-law,0.2,mmlu-professional-law,5,0.2,mmlu-high-school-macroeconomics,4.0,0.16,mmlu-miscellaneous,4.0,0.16,mmlu-global-facts,2.0,0.08,arc-challenge,1.0,0.04
984,378,mmlu-moral-scenarios,0.8650793650793651,mmlu-moral-scenarios,327,0.8650793650793651,mmlu-professional-psychology,9.0,0.023809523809523808,consensus_summary,8.0,0.021164021164021163,hellaswag,4.0,0.010582010582010581,mmlu-high-school-statistics,4.0,0.010582010582010581
985,1816,mmlu-moral-scenarios,0.3650881057268722,mmlu-moral-scenarios,663,0.3650881057268722,winogrande,326.0,0.17951541850220265,hellaswag,102.0,0.05616740088105727,mmlu-elementary-mathematics,77.0,0.042400881057268726,mmlu-miscellaneous,64.0,0.03524229074889868
986,120,hellaswag,0.5583333333333333,hellaswag,67,0.5583333333333333,mbpp,34.0,0.2833333333333333,Chinese_character_riddles,7.0,0.058333333333333334,abstract2title,3.0,0.025,chinese_song_ci,2.0,0.016666666666666666
987,1802,winogrande,0.48834628190899,winogrande,880,0.48834628190899,mmlu-professional-law,385.0,0.21365149833518313,hellaswag,115.0,0.06381798002219756,arc-challenge,60.0,0.033296337402885685,mmlu-high-school-microeconomics,31.0,0.017203107658157604
988,1144,hellaswag,0.3776223776223776,hellaswag,432,0.3776223776223776,chinese_zodiac,196.0,0.17132867132867133,winogrande,106.0,0.09265734265734266,mmlu-professional-law,52.0,0.045454545454545456,mmlu-miscellaneous,44.0,0.038461538461538464
992,180,mmlu-electrical-engineering,0.16666666666666666,mmlu-electrical-engineering,30,0.16666666666666666,hellaswag,22.0,0.12222222222222222,mmlu-conceptual-physics,22.0,0.12222222222222222,mmlu-high-school-physics,18.0,0.1,arc-challenge,11.0,0.06111111111111111
993,1,consensus_summary,1.0,consensus_summary,1,1.0,,,,,,,,,,,,
994,124,hellaswag,0.8064516129032258,hellaswag,100,0.8064516129032258,arc-challenge,6.0,0.04838709677419355,mmlu-miscellaneous,3.0,0.024193548387096774,mmlu-high-school-chemistry,2.0,0.016129032258064516,mmlu-high-school-computer-science,2.0,0.016129032258064516
995,976,arc-challenge,0.2387295081967213,arc-challenge,233,0.2387295081967213,hellaswag,164.0,0.1680327868852459,mmlu-clinical-knowledge,43.0,0.04405737704918033,winogrande,40.0,0.040983606557377046,mmlu-college-medicine,39.0,0.039959016393442626
996,175,consensus_summary,0.12,consensus_summary,21,0.12,hellaswag,19.0,0.10857142857142857,mmlu-nutrition,10.0,0.05714285714285714,mmlu-college-medicine,8.0,0.045714285714285714,mmlu-econometrics,8.0,0.045714285714285714
997,107,hellaswag,0.4672897196261682,hellaswag,50,0.4672897196261682,arc-challenge,7.0,0.06542056074766354,mmlu-high-school-government-and-politics,7.0,0.06542056074766354,mmlu-miscellaneous,6.0,0.056074766355140186,mmlu-professional-law,5.0,0.04672897196261682
998,9,mmlu-marketing,0.2222222222222222,mmlu-marketing,2,0.2222222222222222,mmlu-miscellaneous,2.0,0.2222222222222222,hellaswag,1.0,0.1111111111111111,mmlu-college-computer-science,1.0,0.1111111111111111,mmlu-high-school-mathematics,1.0,0.1111111111111111
999,49,hellaswag,0.6326530612244898,hellaswag,31,0.6326530612244898,mbpp,17.0,0.3469387755102041,mtbench,1.0,0.02040816326530612,,,,,,
1001,2,abstract2title,0.5,abstract2title,1,0.5,hellaswag,1.0,0.5,,,,,,,,,
1002,8,arc-challenge,0.5,arc-challenge,4,0.5,hellaswag,1.0,0.125,mmlu-high-school-biology,1.0,0.125,mmlu-professional-psychology,1.0,0.125,mmlu-sociology,1.0,0.125
1003,6057,grade-school-math,0.9839854713554564,grade-school-math,5960,0.9839854713554564,abstract2title,44.0,0.0072643222717516925,hellaswag,37.0,0.0061086346376093776,mmlu-high-school-physics,4.0,0.0006603929337956084,mmlu-college-physics,3.0,0.0004952947003467063
1004,1958,hellaswag,0.4576098059244127,hellaswag,896,0.4576098059244127,mmlu-professional-law,126.0,0.06435137895812053,arc-challenge,81.0,0.04136874361593463,mmlu-high-school-macroeconomics,79.0,0.04034729315628192,mmlu-miscellaneous,79.0,0.04034729315628192
1005,6917,grade-school-math,0.8616452219170161,grade-school-math,5960,0.8616452219170161,hellaswag,237.0,0.03426340899233772,mmlu-professional-law,170.0,0.02457712881306925,winogrande,68.0,0.0098308515252277,abstract2title,37.0,0.005349139800491543
1007,916,arc-challenge,0.11026200873362445,arc-challenge,101,0.11026200873362445,mmlu-machine-learning,47.0,0.05131004366812227,mmlu-electrical-engineering,46.0,0.05021834061135371,hellaswag,45.0,0.04912663755458515,mmlu-high-school-biology,42.0,0.04585152838427948
1009,1,hellaswag,1.0,hellaswag,1,1.0,,,,,,,,,,,,
1010,1770,hellaswag,0.34293785310734465,hellaswag,607,0.34293785310734465,abstract2title,189.0,0.10677966101694915,mmlu-high-school-macroeconomics,140.0,0.07909604519774012,mmlu-high-school-microeconomics,113.0,0.06384180790960452,arc-challenge,103.0,0.05819209039548023
1011,566,hellaswag,0.7897526501766784,hellaswag,447,0.7897526501766784,winogrande,28.0,0.04946996466431095,mmlu-miscellaneous,27.0,0.04770318021201413,arc-challenge,17.0,0.030035335689045935,mmlu-high-school-world-history,14.0,0.024734982332155476
1012,34,mmlu-high-school-us-history,0.17647058823529413,mmlu-high-school-us-history,6,0.17647058823529413,mmlu-world-religions,6.0,0.17647058823529413,mmlu-high-school-world-history,5.0,0.14705882352941177,mmlu-professional-law,3.0,0.08823529411764706,hellaswag,2.0,0.058823529411764705
1017,245,mmlu-virology,0.12653061224489795,mmlu-virology,31,0.12653061224489795,arc-challenge,30.0,0.12244897959183673,hellaswag,18.0,0.07346938775510205,mmlu-high-school-psychology,17.0,0.06938775510204082,consensus_summary,13.0,0.053061224489795916
1018,105,hellaswag,0.1619047619047619,hellaswag,17,0.1619047619047619,abstract2title,15.0,0.14285714285714285,chinese_ancient_masterpieces_dynasty,10.0,0.09523809523809523,mmlu-high-school-biology,7.0,0.06666666666666667,mmlu-nutrition,7.0,0.06666666666666667
1019,5,consensus_summary,1.0,consensus_summary,5,1.0,,,,,,,,,,,,
1020,6,hellaswag,0.5,hellaswag,3,0.5,mmlu-high-school-us-history,3.0,0.5,,,,,,,,,
1021,50,hellaswag,0.92,hellaswag,46,0.92,consensus_summary,2.0,0.04,bias_detection,1.0,0.02,mtbench,1.0,0.02,,,
1022,1576,hellaswag,0.13261421319796954,hellaswag,209,0.13261421319796954,mmlu-miscellaneous,146.0,0.09263959390862944,arc-challenge,136.0,0.08629441624365482,mmlu-prehistory,134.0,0.0850253807106599,mmlu-high-school-world-history,79.0,0.05012690355329949
1023,5,mbpp,0.6,mbpp,3,0.6,mmlu-high-school-mathematics,1.0,0.2,mtbench,1.0,0.2,,,,,,
1024,507,arc-challenge,0.20710059171597633,arc-challenge,105,0.20710059171597633,mmlu-miscellaneous,48.0,0.09467455621301775,mmlu-prehistory,46.0,0.09072978303747535,mmlu-high-school-biology,41.0,0.08086785009861933,mmlu-conceptual-physics,34.0,0.0670611439842209
1026,453,hellaswag,0.423841059602649,hellaswag,192,0.423841059602649,arc-challenge,33.0,0.0728476821192053,consensus_summary,31.0,0.0684326710816777,winogrande,21.0,0.046357615894039736,mmlu-high-school-psychology,18.0,0.039735099337748346
1029,2784,arc-challenge,0.19863505747126436,arc-challenge,553,0.19863505747126436,hellaswag,386.0,0.13864942528735633,chinese_zodiac,267.0,0.09590517241379311,mmlu-conceptual-physics,132.0,0.04741379310344827,mmlu-high-school-chemistry,112.0,0.040229885057471264
1030,451,hellaswag,0.49667405764966743,hellaswag,224,0.49667405764966743,arc-challenge,35.0,0.07760532150776053,mmlu-miscellaneous,22.0,0.04878048780487805,mmlu-conceptual-physics,20.0,0.04434589800443459,winogrande,12.0,0.026607538802660754
1031,67,hellaswag,0.9104477611940298,hellaswag,61,0.9104477611940298,mmlu-professional-accounting,4.0,0.05970149253731343,accounting_audit,1.0,0.014925373134328358,mtbench,1.0,0.014925373134328358,,,
1032,2,mmlu-high-school-world-history,1.0,mmlu-high-school-world-history,2,1.0,,,,,,,,,,,,
1033,373,hellaswag,0.6058981233243967,hellaswag,226,0.6058981233243967,arc-challenge,20.0,0.05361930294906166,mmlu-professional-law,11.0,0.029490616621983913,mmlu-miscellaneous,10.0,0.02680965147453083,mmlu-electrical-engineering,9.0,0.024128686327077747
1036,22,hellaswag,0.36363636363636365,hellaswag,8,0.36363636363636365,mmlu-professional-law,5.0,0.22727272727272727,consensus_summary,4.0,0.18181818181818182,mmlu-professional-psychology,3.0,0.13636363636363635,arc-challenge,1.0,0.045454545454545456
1038,5989,grade-school-math,0.9951577892803473,grade-school-math,5960,0.9951577892803473,mmlu-high-school-world-history,11.0,0.0018367006177992986,hellaswag,7.0,0.0011688094840540991,mmlu-elementary-mathematics,2.0,0.0003339455668725998,mmlu-professional-law,2.0,0.0003339455668725998
1039,77,mmlu-philosophy,0.19480519480519481,mmlu-philosophy,15,0.19480519480519481,mmlu-high-school-us-history,11.0,0.14285714285714285,mmlu-jurisprudence,7.0,0.09090909090909091,mmlu-moral-disputes,7.0,0.09090909090909091,mmlu-high-school-geography,6.0,0.07792207792207792
1040,1842,hellaswag,0.40988056460369166,hellaswag,755,0.40988056460369166,mmlu-miscellaneous,97.0,0.05266015200868621,arc-challenge,87.0,0.04723127035830619,mbpp,60.0,0.03257328990228013,abstract2title,58.0,0.031487513572204126
1042,52,hellaswag,0.5769230769230769,hellaswag,30,0.5769230769230769,chinese_ancient_masterpieces_dynasty,8.0,0.15384615384615385,consensus_summary,5.0,0.09615384615384616,mtbench,2.0,0.038461538461538464,mmlu-clinical-knowledge,1.0,0.019230769230769232
1043,14,consensus_summary,0.2857142857142857,consensus_summary,4,0.2857142857142857,hellaswag,3.0,0.21428571428571427,mmlu-high-school-us-history,3.0,0.21428571428571427,mmlu-high-school-world-history,2.0,0.14285714285714285,mmlu-high-school-chemistry,1.0,0.07142857142857142
1044,93,mmlu-high-school-us-history,0.1827956989247312,mmlu-high-school-us-history,17,0.1827956989247312,hellaswag,14.0,0.15053763440860216,mmlu-high-school-world-history,10.0,0.10752688172043011,mmlu-electrical-engineering,6.0,0.06451612903225806,mmlu-econometrics,5.0,0.053763440860215055
1045,375,hellaswag,0.12,hellaswag,45,0.12,arc-challenge,31.0,0.08266666666666667,mmlu-clinical-knowledge,24.0,0.064,mmlu-nutrition,24.0,0.064,mmlu-high-school-psychology,19.0,0.050666666666666665
1046,2,mmlu-professional-law,1.0,mmlu-professional-law,2,1.0,,,,,,,,,,,,
1049,72,hellaswag,0.2361111111111111,hellaswag,17,0.2361111111111111,winogrande,6.0,0.08333333333333333,consensus_summary,5.0,0.06944444444444445,mmlu-high-school-european-history,5.0,0.06944444444444445,chinese_famous_novel,4.0,0.05555555555555555
1050,1576,hellaswag,0.741751269035533,hellaswag,1169,0.741751269035533,arc-challenge,42.0,0.0266497461928934,mmlu-anatomy,26.0,0.01649746192893401,mmlu-clinical-knowledge,24.0,0.015228426395939087,winogrande,23.0,0.014593908629441625
1052,1757,hellaswag,0.9083665338645418,hellaswag,1596,0.9083665338645418,winogrande,39.0,0.0221969265793967,arc-challenge,18.0,0.010244735344336939,consensus_summary,13.0,0.007398975526465566,mmlu-moral-scenarios,13.0,0.007398975526465566
1055,66,mmlu-high-school-world-history,0.16666666666666666,mmlu-high-school-world-history,11,0.16666666666666666,mmlu-prehistory,9.0,0.13636363636363635,mmlu-professional-law,6.0,0.09090909090909091,mmlu-world-religions,6.0,0.09090909090909091,hellaswag,5.0,0.07575757575757576
1057,36,hellaswag,0.1388888888888889,hellaswag,5,0.1388888888888889,consensus_summary,4.0,0.1111111111111111,abstract2title,3.0,0.08333333333333333,mmlu-elementary-mathematics,3.0,0.08333333333333333,mmlu-high-school-mathematics,3.0,0.08333333333333333
1058,7,hellaswag,0.7142857142857143,hellaswag,5,0.7142857142857143,abstract2title,1.0,0.14285714285714285,mmlu-philosophy,1.0,0.14285714285714285,,,,,,
1059,873,hellaswag,0.8361970217640321,hellaswag,730,0.8361970217640321,winogrande,29.0,0.033218785796105384,mmlu-professional-law,16.0,0.018327605956471937,arc-challenge,10.0,0.011454753722794959,consensus_summary,10.0,0.011454753722794959
1061,19,consensus_summary,0.2631578947368421,consensus_summary,5,0.2631578947368421,mmlu-professional-law,5.0,0.2631578947368421,hellaswag,4.0,0.21052631578947367,mmlu-high-school-mathematics,1.0,0.05263157894736842,mmlu-high-school-world-history,1.0,0.05263157894736842
1063,20,hellaswag,0.6,hellaswag,12,0.6,mmlu-professional-law,5.0,0.25,winogrande,2.0,0.1,mbpp,1.0,0.05,,,
1064,1223,mmlu-moral-scenarios,0.2739165985282093,mmlu-moral-scenarios,335,0.2739165985282093,mmlu-professional-law,251.0,0.205233033524121,hellaswag,234.0,0.19133278822567457,mmlu-jurisprudence,53.0,0.04333605887162715,mmlu-international-law,35.0,0.028618152085036794
1065,152,mmlu-professional-law,0.3157894736842105,mmlu-professional-law,48,0.3157894736842105,hellaswag,11.0,0.07236842105263158,mmlu-conceptual-physics,9.0,0.05921052631578947,mmlu-high-school-world-history,9.0,0.05921052631578947,mmlu-abstract-algebra,7.0,0.046052631578947366
1067,56,mmlu-miscellaneous,0.35714285714285715,mmlu-miscellaneous,20,0.35714285714285715,mmlu-philosophy,7.0,0.125,mmlu-high-school-psychology,6.0,0.10714285714285714,arc-challenge,5.0,0.08928571428571429,mmlu-human-aging,4.0,0.07142857142857142
1070,16,hellaswag,0.3125,hellaswag,5,0.3125,mmlu-high-school-european-history,4.0,0.25,mmlu-professional-law,4.0,0.25,mmlu-college-biology,1.0,0.0625,mmlu-conceptual-physics,1.0,0.0625
1071,325,hellaswag,0.20307692307692307,hellaswag,66,0.20307692307692307,arc-challenge,38.0,0.11692307692307692,mmlu-prehistory,30.0,0.09230769230769231,mmlu-miscellaneous,20.0,0.06153846153846154,mmlu-high-school-european-history,13.0,0.04
1072,228,mmlu-high-school-psychology,0.15350877192982457,mmlu-high-school-psychology,35,0.15350877192982457,mmlu-professional-psychology,33.0,0.14473684210526316,mmlu-nutrition,17.0,0.07456140350877193,mmlu-clinical-knowledge,14.0,0.06140350877192982,mmlu-high-school-chemistry,13.0,0.05701754385964912
1073,7,mbpp,0.2857142857142857,mbpp,2,0.2857142857142857,mmlu-anatomy,1.0,0.14285714285714285,mmlu-high-school-mathematics,1.0,0.14285714285714285,mmlu-human-sexuality,1.0,0.14285714285714285,mmlu-miscellaneous,1.0,0.14285714285714285
1074,468,mmlu-philosophy,0.13247863247863248,mmlu-philosophy,62,0.13247863247863248,mmlu-elementary-mathematics,45.0,0.09615384615384616,mmlu-high-school-mathematics,42.0,0.08974358974358974,mmlu-jurisprudence,28.0,0.05982905982905983,mmlu-international-law,23.0,0.049145299145299144
1075,3,consensus_summary,0.6666666666666666,consensus_summary,2,0.6666666666666666,hellaswag,1.0,0.3333333333333333,,,,,,,,,
1076,17,bias_detection,0.8823529411764706,bias_detection,15,0.8823529411764706,consensus_summary,1.0,0.058823529411764705,hellaswag,1.0,0.058823529411764705,,,,,,
1077,1872,hellaswag,0.11698717948717949,hellaswag,219,0.11698717948717949,winogrande,208.0,0.1111111111111111,mmlu-prehistory,144.0,0.07692307692307693,mmlu-miscellaneous,118.0,0.06303418803418803,mmlu-high-school-world-history,107.0,0.057158119658119656
1078,5,mmlu-high-school-european-history,0.6,mmlu-high-school-european-history,3,0.6,hellaswag,2.0,0.4,,,,,,,,,
1079,344,hellaswag,0.31976744186046513,hellaswag,110,0.31976744186046513,mmlu-professional-law,29.0,0.08430232558139535,mmlu-high-school-us-history,21.0,0.061046511627906974,arc-challenge,19.0,0.055232558139534885,winogrande,16.0,0.046511627906976744
1080,275,hellaswag,0.2109090909090909,hellaswag,58,0.2109090909090909,mmlu-professional-law,46.0,0.16727272727272727,mmlu-international-law,16.0,0.05818181818181818,mmlu-prehistory,14.0,0.05090909090909091,mmlu-formal-logic,13.0,0.04727272727272727
1081,108,mbpp,0.9444444444444444,mbpp,102,0.9444444444444444,abstract2title,3.0,0.027777777777777776,mtbench-reference,2.0,0.018518518518518517,mmlu-high-school-computer-science,1.0,0.009259259259259259,,,
1083,1173,hellaswag,0.8840579710144928,hellaswag,1037,0.8840579710144928,mmlu-formal-logic,17.0,0.014492753623188406,mmlu-professional-accounting,15.0,0.01278772378516624,accounting_audit,14.0,0.011935208866155157,arc-challenge,13.0,0.011082693947144074
1084,2702,hellaswag,0.42450037009622504,hellaswag,1147,0.42450037009622504,mmlu-moral-scenarios,663.0,0.24537379718726868,arc-challenge,78.0,0.028867505551443375,mmlu-professional-law,76.0,0.028127313101406367,winogrande,67.0,0.024796447076239823
1085,1,mtbench,1.0,mtbench,1,1.0,,,,,,,,,,,,
1087,1,consensus_summary,1.0,consensus_summary,1,1.0,,,,,,,,,,,,
1090,49,winogrande,0.2857142857142857,winogrande,14,0.2857142857142857,mmlu-miscellaneous,13.0,0.2653061224489796,mbpp,7.0,0.14285714285714285,mmlu-world-religions,4.0,0.08163265306122448,consensus_summary,2.0,0.04081632653061224
1091,1112,hellaswag,0.5494604316546763,hellaswag,611,0.5494604316546763,mmlu-professional-law,77.0,0.06924460431654676,arc-challenge,48.0,0.04316546762589928,mbpp,30.0,0.02697841726618705,mmlu-security-studies,27.0,0.024280575539568347
1092,4,mmlu-high-school-world-history,1.0,mmlu-high-school-world-history,4,1.0,,,,,,,,,,,,
1093,1,mbpp,1.0,mbpp,1,1.0,,,,,,,,,,,,
1096,72,hellaswag,0.3888888888888889,hellaswag,28,0.3888888888888889,mbpp,7.0,0.09722222222222222,mmlu-high-school-world-history,4.0,0.05555555555555555,mmlu-miscellaneous,4.0,0.05555555555555555,mmlu-professional-law,4.0,0.05555555555555555
1097,178,hellaswag,0.21910112359550563,hellaswag,39,0.21910112359550563,mmlu-high-school-biology,22.0,0.12359550561797752,arc-challenge,12.0,0.06741573033707865,mmlu-high-school-us-history,11.0,0.06179775280898876,consensus_summary,10.0,0.056179775280898875
1098,464,hellaswag,0.4396551724137931,hellaswag,204,0.4396551724137931,mmlu-professional-psychology,32.0,0.06896551724137931,mmlu-professional-medicine,29.0,0.0625,mmlu-clinical-knowledge,28.0,0.0603448275862069,mmlu-professional-law,24.0,0.05172413793103448
1099,2,hellaswag,0.5,hellaswag,1,0.5,mmlu-professional-psychology,1.0,0.5,,,,,,,,,
1100,71,hellaswag,0.4084507042253521,hellaswag,29,0.4084507042253521,mmlu-professional-law,16.0,0.22535211267605634,consensus_summary,7.0,0.09859154929577464,mmlu-high-school-macroeconomics,5.0,0.07042253521126761,mmlu-high-school-us-history,3.0,0.04225352112676056
1101,7702,grade-school-math,0.7738249805245391,grade-school-math,5960,0.7738249805245391,hellaswag,1077.0,0.1398338094001558,winogrande,75.0,0.009737730459620878,mmlu-professional-law,50.0,0.006491820306413918,mmlu-human-aging,39.0,0.005063619839002856
1103,13,hellaswag,0.15384615384615385,hellaswag,2,0.15384615384615385,mmlu-abstract-algebra,2.0,0.15384615384615385,mmlu-professional-law,2.0,0.15384615384615385,mmlu-college-mathematics,1.0,0.07692307692307693,mmlu-computer-security,1.0,0.07692307692307693
1104,1241,hellaswag,0.48589846897663175,hellaswag,603,0.48589846897663175,bias_detection,122.0,0.09830781627719581,mmlu-professional-law,91.0,0.07332796132151491,mmlu-high-school-world-history,81.0,0.0652699435938759,mmlu-high-school-us-history,77.0,0.062046736502820304
1105,55,hellaswag,0.5272727272727272,hellaswag,29,0.5272727272727272,arc-challenge,7.0,0.12727272727272726,mmlu-high-school-chemistry,4.0,0.07272727272727272,mmlu-professional-medicine,4.0,0.07272727272727272,mmlu-clinical-knowledge,2.0,0.03636363636363636
1106,836,mmlu-moral-scenarios,0.7930622009569378,mmlu-moral-scenarios,663,0.7930622009569378,hellaswag,109.0,0.1303827751196172,arc-challenge,21.0,0.025119617224880382,mmlu-high-school-psychology,8.0,0.009569377990430622,mmlu-professional-law,8.0,0.009569377990430622
1107,4,mmlu-high-school-us-history,0.5,mmlu-high-school-us-history,2,0.5,consensus_summary,1.0,0.25,mmlu-professional-law,1.0,0.25,,,,,,
1108,1,hellaswag,1.0,hellaswag,1,1.0,,,,,,,,,,,,
1109,2,hellaswag,1.0,hellaswag,2,1.0,,,,,,,,,,,,
1111,702,hellaswag,0.11396011396011396,hellaswag,80,0.11396011396011396,mmlu-miscellaneous,55.0,0.07834757834757834,mmlu-high-school-world-history,45.0,0.0641025641025641,mmlu-world-religions,42.0,0.05982905982905983,winogrande,36.0,0.05128205128205128
1112,11,consensus_summary,0.45454545454545453,consensus_summary,5,0.45454545454545453,hellaswag,2.0,0.18181818181818182,mbpp,2.0,0.18181818181818182,mmlu-prehistory,1.0,0.09090909090909091,mmlu-world-religions,1.0,0.09090909090909091
1113,1280,chinese_zodiac,0.221875,chinese_zodiac,284,0.221875,hellaswag,220.0,0.171875,mmlu-professional-law,129.0,0.10078125,arc-challenge,55.0,0.04296875,mmlu-high-school-biology,42.0,0.0328125
1115,3,mmlu-abstract-algebra,1.0,mmlu-abstract-algebra,3,1.0,,,,,,,,,,,,
1116,1729,hellaswag,0.28860613071139385,hellaswag,499,0.28860613071139385,arc-challenge,239.0,0.1382301908617698,bias_detection,132.0,0.07634470792365529,mmlu-professional-law,70.0,0.04048582995951417,mmlu-high-school-microeconomics,56.0,0.032388663967611336
1117,1,mmlu-high-school-macroeconomics,1.0,mmlu-high-school-macroeconomics,1,1.0,,,,,,,,,,,,
1118,9,chinese_famous_novel,0.5555555555555556,chinese_famous_novel,5,0.5555555555555556,mmlu-high-school-world-history,4.0,0.4444444444444444,,,,,,,,,
1120,2,mbpp,0.5,mbpp,1,0.5,mmlu-high-school-mathematics,1.0,0.5,,,,,,,,,
1122,57,hellaswag,0.9473684210526315,hellaswag,54,0.9473684210526315,arc-challenge,1.0,0.017543859649122806,mbpp,1.0,0.017543859649122806,mmlu-clinical-knowledge,1.0,0.017543859649122806,,,
1123,58,winogrande,0.3275862068965517,winogrande,19,0.3275862068965517,hellaswag,11.0,0.1896551724137931,mmlu-high-school-world-history,7.0,0.1206896551724138,mmlu-high-school-us-history,4.0,0.06896551724137931,mmlu-econometrics,2.0,0.034482758620689655
1126,78,mmlu-high-school-world-history,0.1794871794871795,mmlu-high-school-world-history,14,0.1794871794871795,hellaswag,12.0,0.15384615384615385,arc-challenge,10.0,0.1282051282051282,mmlu-miscellaneous,9.0,0.11538461538461539,mmlu-prehistory,5.0,0.0641025641025641
1127,70,hellaswag,0.6857142857142857,hellaswag,48,0.6857142857142857,abstract2title,7.0,0.1,mmlu-miscellaneous,3.0,0.04285714285714286,arc-challenge,2.0,0.02857142857142857,mmlu-electrical-engineering,2.0,0.02857142857142857
1128,1,abstract2title,1.0,abstract2title,1,1.0,,,,,,,,,,,,
1129,907,hellaswag,0.3748621830209482,hellaswag,340,0.3748621830209482,mbpp,36.0,0.03969128996692393,mmlu-miscellaneous,33.0,0.03638368246968027,arc-challenge,30.0,0.03307607497243661,winogrande,30.0,0.03307607497243661
1130,4,abstract2title,0.5,abstract2title,2,0.5,hellaswag,2.0,0.5,,,,,,,,,
1131,1141,hellaswag,0.49693251533742333,hellaswag,567,0.49693251533742333,mmlu-professional-law,111.0,0.09728308501314636,arc-challenge,96.0,0.08413672217353199,winogrande,68.0,0.05959684487291849,mmlu-elementary-mathematics,27.0,0.02366345311130587
1132,45,mmlu-professional-accounting,0.4888888888888889,mmlu-professional-accounting,22,0.4888888888888889,consensus_summary,7.0,0.15555555555555556,mmlu-high-school-us-history,3.0,0.06666666666666667,mmlu-formal-logic,2.0,0.044444444444444446,mmlu-high-school-microeconomics,2.0,0.044444444444444446
1134,525,hellaswag,0.7828571428571428,hellaswag,411,0.7828571428571428,Chinese_character_riddles,22.0,0.0419047619047619,chinese_idioms,12.0,0.022857142857142857,chinese_famous_novel,10.0,0.01904761904761905,chinese_homonym,10.0,0.01904761904761905
1135,295,hellaswag,0.9322033898305084,hellaswag,275,0.9322033898305084,arc-challenge,5.0,0.01694915254237288,mmlu-college-computer-science,4.0,0.013559322033898305,mmlu-computer-security,3.0,0.010169491525423728,mmlu-professional-law,3.0,0.010169491525423728
1136,4,arc-challenge,0.25,arc-challenge,1,0.25,mmlu-conceptual-physics,1.0,0.25,mmlu-elementary-mathematics,1.0,0.25,mmlu-miscellaneous,1.0,0.25,,,
1138,1827,mmlu-professional-law,0.2140120415982485,mmlu-professional-law,391,0.2140120415982485,hellaswag,230.0,0.12588943623426382,mmlu-security-studies,118.0,0.06458675424192666,mmlu-high-school-us-history,114.0,0.06239737274220033,mmlu-high-school-world-history,97.0,0.05309250136836344
1140,963,mmlu-philosophy,0.13395638629283488,mmlu-philosophy,129,0.13395638629283488,mmlu-moral-disputes,91.0,0.09449636552440291,hellaswag,63.0,0.06542056074766354,arc-challenge,62.0,0.06438213914849429,mmlu-high-school-psychology,59.0,0.0612668743509865
1142,6,mmlu-high-school-us-history,0.6666666666666666,mmlu-high-school-us-history,4,0.6666666666666666,mmlu-high-school-world-history,2.0,0.3333333333333333,,,,,,,,,
1144,22,hellaswag,0.6363636363636364,hellaswag,14,0.6363636363636364,mmlu-moral-disputes,2.0,0.09090909090909091,mmlu-prehistory,2.0,0.09090909090909091,mmlu-college-biology,1.0,0.045454545454545456,mmlu-high-school-biology,1.0,0.045454545454545456
1145,78,hellaswag,0.19230769230769232,hellaswag,15,0.19230769230769232,mmlu-miscellaneous,13.0,0.16666666666666666,mmlu-high-school-biology,8.0,0.10256410256410256,mmlu-high-school-macroeconomics,6.0,0.07692307692307693,arc-challenge,4.0,0.05128205128205128
1146,2216,mmlu-moral-scenarios,0.29918772563176893,mmlu-moral-scenarios,663,0.29918772563176893,mmlu-professional-law,357.0,0.161101083032491,hellaswag,298.0,0.13447653429602888,winogrande,110.0,0.04963898916967509,mmlu-philosophy,105.0,0.047382671480144405
1147,1,hellaswag,1.0,hellaswag,1,1.0,,,,,,,,,,,,
1148,1361,hellaswag,0.8457016899338722,hellaswag,1151,0.8457016899338722,arc-challenge,123.0,0.09037472446730345,winogrande,11.0,0.008082292432035268,mmlu-miscellaneous,10.0,0.0073475385745775165,mmlu-prehistory,9.0,0.006612784717119765
1149,129,consensus_summary,0.4573643410852713,consensus_summary,59,0.4573643410852713,hellaswag,20.0,0.15503875968992248,mmlu-high-school-us-history,7.0,0.05426356589147287,mmlu-professional-law,6.0,0.046511627906976744,mmlu-jurisprudence,5.0,0.03875968992248062
1150,7,hellaswag,0.42857142857142855,hellaswag,3,0.42857142857142855,winogrande,2.0,0.2857142857142857,mmlu-philosophy,1.0,0.14285714285714285,mmlu-professional-medicine,1.0,0.14285714285714285,,,
1151,58,consensus_summary,0.20689655172413793,consensus_summary,12,0.20689655172413793,abstract2title,6.0,0.10344827586206896,mmlu-human-aging,6.0,0.10344827586206896,mmlu-human-sexuality,4.0,0.06896551724137931,hellaswag,3.0,0.05172413793103448
1152,3615,hellaswag,0.4987551867219917,hellaswag,1803,0.4987551867219917,arc-challenge,325.0,0.08990318118948824,mmlu-professional-law,203.0,0.05615491009681881,mmlu-nutrition,87.0,0.024066390041493777,mmlu-high-school-chemistry,64.0,0.017704011065006915
1153,158,hellaswag,0.8037974683544303,hellaswag,127,0.8037974683544303,mmlu-high-school-psychology,7.0,0.04430379746835443,winogrande,5.0,0.03164556962025317,mmlu-professional-psychology,4.0,0.02531645569620253,arc-challenge,3.0,0.0189873417721519
1156,45,hellaswag,0.6444444444444445,hellaswag,29,0.6444444444444445,consensus_summary,6.0,0.13333333333333333,mmlu-high-school-european-history,4.0,0.08888888888888889,arc-challenge,1.0,0.022222222222222223,mmlu-college-medicine,1.0,0.022222222222222223
1157,2,mbpp,1.0,mbpp,2,1.0,,,,,,,,,,,,
1158,45,hellaswag,0.4444444444444444,hellaswag,20,0.4444444444444444,mmlu-elementary-mathematics,16.0,0.35555555555555557,mmlu-high-school-mathematics,3.0,0.06666666666666667,mmlu-econometrics,2.0,0.044444444444444446,mmlu-college-computer-science,1.0,0.022222222222222223
1160,1258,hellaswag,0.6391096979332274,hellaswag,804,0.6391096979332274,arc-challenge,50.0,0.0397456279809221,mmlu-professional-psychology,46.0,0.03656597774244833,winogrande,46.0,0.03656597774244833,mmlu-miscellaneous,36.0,0.028616852146263912
1161,84,consensus_summary,0.30952380952380953,consensus_summary,26,0.30952380952380953,hellaswag,12.0,0.14285714285714285,mbpp,6.0,0.07142857142857142,mmlu-professional-law,6.0,0.07142857142857142,mmlu-high-school-us-history,5.0,0.05952380952380952
1163,90,mmlu-high-school-psychology,0.4,mmlu-high-school-psychology,36,0.4,mmlu-professional-psychology,25.0,0.2777777777777778,hellaswag,6.0,0.06666666666666667,consensus_summary,5.0,0.05555555555555555,mmlu-human-aging,5.0,0.05555555555555555
1165,5,mmlu-miscellaneous,0.4,mmlu-miscellaneous,2,0.4,mmlu-conceptual-physics,1.0,0.2,mmlu-global-facts,1.0,0.2,mmlu-high-school-geography,1.0,0.2,,,
1167,1,consensus_summary,1.0,consensus_summary,1,1.0,,,,,,,,,,,,
1168,221,winogrande,0.8009049773755657,winogrande,177,0.8009049773755657,hellaswag,16.0,0.07239819004524888,mmlu-miscellaneous,10.0,0.04524886877828054,arc-challenge,5.0,0.02262443438914027,mmlu-human-sexuality,4.0,0.01809954751131222
1169,4,consensus_summary,0.25,consensus_summary,1,0.25,hellaswag,1.0,0.25,mmlu-high-school-mathematics,1.0,0.25,mmlu-high-school-psychology,1.0,0.25,,,
1170,46,mmlu-prehistory,0.21739130434782608,mmlu-prehistory,10,0.21739130434782608,mmlu-high-school-geography,7.0,0.15217391304347827,mmlu-miscellaneous,6.0,0.13043478260869565,chinese_ancient_masterpieces_dynasty,5.0,0.10869565217391304,mmlu-astronomy,4.0,0.08695652173913043
1171,4,mbpp,0.5,mbpp,2,0.5,hellaswag,1.0,0.25,mmlu-professional-law,1.0,0.25,,,,,,
1172,8,mmlu-high-school-statistics,1.0,mmlu-high-school-statistics,8,1.0,,,,,,,,,,,,
1173,2,consensus_summary,1.0,consensus_summary,2,1.0,,,,,,,,,,,,
1174,1210,winogrande,0.5214876033057851,winogrande,631,0.5214876033057851,hellaswag,282.0,0.23305785123966943,mmlu-miscellaneous,62.0,0.0512396694214876,mmlu-professional-law,39.0,0.032231404958677684,mmlu-sociology,21.0,0.017355371900826446
1175,89,hellaswag,0.30337078651685395,hellaswag,27,0.30337078651685395,winogrande,26.0,0.29213483146067415,arc-challenge,9.0,0.10112359550561797,mmlu-miscellaneous,4.0,0.0449438202247191,mmlu-clinical-knowledge,2.0,0.02247191011235955
1176,119,mmlu-professional-medicine,0.3865546218487395,mmlu-professional-medicine,46,0.3865546218487395,hellaswag,24.0,0.20168067226890757,mmlu-virology,6.0,0.05042016806722689,mmlu-miscellaneous,5.0,0.04201680672268908,winogrande,5.0,0.04201680672268908
1177,3229,mmlu-professional-law,0.20904304738309074,mmlu-professional-law,675,0.20904304738309074,hellaswag,347.0,0.10746361102508517,arc-challenge,242.0,0.07494580365438216,mmlu-professional-accounting,123.0,0.03809228863425209,mmlu-conceptual-physics,119.0,0.036853515020130075
1178,348,winogrande,0.3994252873563218,winogrande,139,0.3994252873563218,hellaswag,54.0,0.15517241379310345,mmlu-miscellaneous,17.0,0.04885057471264368,arc-challenge,15.0,0.04310344827586207,mmlu-astronomy,13.0,0.03735632183908046
1180,117,mmlu-marketing,0.1282051282051282,mmlu-marketing,15,0.1282051282051282,hellaswag,13.0,0.1111111111111111,mmlu-business-ethics,12.0,0.10256410256410256,mmlu-management,12.0,0.10256410256410256,mmlu-professional-psychology,8.0,0.06837606837606838
1182,17,hellaswag,0.47058823529411764,hellaswag,8,0.47058823529411764,mmlu-professional-law,3.0,0.17647058823529413,consensus_summary,2.0,0.11764705882352941,mmlu-high-school-us-history,2.0,0.11764705882352941,mmlu-logical-fallacies,1.0,0.058823529411764705
1183,121,mmlu-miscellaneous,0.19008264462809918,mmlu-miscellaneous,23,0.19008264462809918,hellaswag,19.0,0.15702479338842976,mmlu-high-school-government-and-politics,16.0,0.1322314049586777,chinese_zodiac,13.0,0.10743801652892562,mmlu-professional-law,7.0,0.05785123966942149
1184,2,mbpp,1.0,mbpp,2,1.0,,,,,,,,,,,,
1185,110,hellaswag,0.34545454545454546,hellaswag,38,0.34545454545454546,winogrande,35.0,0.3181818181818182,mmlu-astronomy,10.0,0.09090909090909091,arc-challenge,7.0,0.06363636363636363,mmlu-prehistory,7.0,0.06363636363636363
1186,1285,hellaswag,0.5252918287937743,hellaswag,675,0.5252918287937743,mmlu-professional-medicine,117.0,0.09105058365758754,mmlu-professional-law,53.0,0.04124513618677043,arc-challenge,27.0,0.021011673151750974,mmlu-professional-psychology,23.0,0.0178988326848249
1187,2,abstract2title,0.5,abstract2title,1,0.5,mmlu-management,1.0,0.5,,,,,,,,,
1188,9,hellaswag,0.6666666666666666,hellaswag,6,0.6666666666666666,mmlu-professional-law,1.0,0.1111111111111111,mmlu-professional-medicine,1.0,0.1111111111111111,mmlu-sociology,1.0,0.1111111111111111,,,
1190,1,consensus_summary,1.0,consensus_summary,1,1.0,,,,,,,,,,,,
1191,3,consensus_summary,0.6666666666666666,consensus_summary,2,0.6666666666666666,mmlu-professional-medicine,1.0,0.3333333333333333,,,,,,,,,
1192,1,hellaswag,1.0,hellaswag,1,1.0,,,,,,,,,,,,
1193,583,hellaswag,0.4665523156089194,hellaswag,272,0.4665523156089194,bias_detection,78.0,0.13379073756432247,winogrande,56.0,0.09605488850771869,arc-challenge,38.0,0.06518010291595197,mmlu-professional-law,34.0,0.058319039451114926
1194,184,mmlu-marketing,0.21739130434782608,mmlu-marketing,40,0.21739130434782608,hellaswag,34.0,0.18478260869565216,mmlu-public-relations,28.0,0.15217391304347827,bias_detection,22.0,0.11956521739130435,mmlu-professional-law,6.0,0.03260869565217391
1195,1,mbpp,1.0,mbpp,1,1.0,,,,,,,,,,,,
1196,13,mmlu-high-school-us-history,0.3076923076923077,mmlu-high-school-us-history,4,0.3076923076923077,consensus_summary,3.0,0.23076923076923078,hellaswag,1.0,0.07692307692307693,mmlu-electrical-engineering,1.0,0.07692307692307693,mmlu-high-school-mathematics,1.0,0.07692307692307693
1197,9,mmlu-professional-law,0.3333333333333333,mmlu-professional-law,3,0.3333333333333333,mmlu-moral-scenarios,2.0,0.2222222222222222,mmlu-elementary-mathematics,1.0,0.1111111111111111,mmlu-high-school-mathematics,1.0,0.1111111111111111,mmlu-logical-fallacies,1.0,0.1111111111111111
1198,1570,hellaswag,0.5611464968152866,hellaswag,881,0.5611464968152866,arc-challenge,179.0,0.11401273885350319,mmlu-professional-law,64.0,0.04076433121019108,winogrande,55.0,0.03503184713375796,mmlu-miscellaneous,36.0,0.022929936305732482
1199,1,hellaswag,1.0,hellaswag,1,1.0,,,,,,,,,,,,
1201,41,consensus_summary,0.21951219512195122,consensus_summary,9,0.21951219512195122,hellaswag,9.0,0.21951219512195122,arc-challenge,6.0,0.14634146341463414,mmlu-machine-learning,4.0,0.0975609756097561,mmlu-high-school-us-history,3.0,0.07317073170731707
1206,63,hellaswag,0.30158730158730157,hellaswag,19,0.30158730158730157,mmlu-professional-law,9.0,0.14285714285714285,arc-challenge,6.0,0.09523809523809523,consensus_summary,5.0,0.07936507936507936,mmlu-high-school-physics,5.0,0.07936507936507936
1207,43,hellaswag,0.8837209302325582,hellaswag,38,0.8837209302325582,mmlu-high-school-mathematics,2.0,0.046511627906976744,mbpp,1.0,0.023255813953488372,mmlu-high-school-physics,1.0,0.023255813953488372,mmlu-virology,1.0,0.023255813953488372
1208,181,hellaswag,0.3867403314917127,hellaswag,70,0.3867403314917127,abstract2title,26.0,0.143646408839779,mmlu-world-religions,12.0,0.06629834254143646,arc-challenge,10.0,0.055248618784530384,mmlu-logical-fallacies,10.0,0.055248618784530384
1213,1,mmlu-econometrics,1.0,mmlu-econometrics,1,1.0,,,,,,,,,,,,
1214,84,abstract2title,0.8333333333333334,abstract2title,70,0.8333333333333334,mmlu-professional-law,4.0,0.047619047619047616,mmlu-high-school-us-history,3.0,0.03571428571428571,hellaswag,2.0,0.023809523809523808,mmlu-college-computer-science,2.0,0.023809523809523808
1216,1705,hellaswag,0.39002932551319647,hellaswag,665,0.39002932551319647,arc-challenge,138.0,0.08093841642228738,winogrande,110.0,0.06451612903225806,mmlu-professional-law,61.0,0.03577712609970674,mmlu-high-school-statistics,52.0,0.030498533724340176
1218,577,hellaswag,0.6308492201039861,hellaswag,364,0.6308492201039861,winogrande,61.0,0.10571923743500866,mmlu-high-school-world-history,16.0,0.02772963604852686,mmlu-miscellaneous,14.0,0.024263431542461005,mmlu-professional-law,14.0,0.024263431542461005
1219,2,abstract2title,1.0,abstract2title,2,1.0,,,,,,,,,,,,
1220,98,hellaswag,0.3979591836734694,hellaswag,39,0.3979591836734694,consensus_summary,24.0,0.24489795918367346,abstract2title,11.0,0.11224489795918367,mmlu-professional-medicine,5.0,0.05102040816326531,arc-challenge,3.0,0.030612244897959183
1221,179,hellaswag,0.7094972067039106,hellaswag,127,0.7094972067039106,mmlu-professional-psychology,17.0,0.09497206703910614,mmlu-high-school-psychology,4.0,0.0223463687150838,mmlu-high-school-world-history,4.0,0.0223463687150838,mmlu-moral-disputes,4.0,0.0223463687150838
1222,4,hellaswag,0.5,hellaswag,2,0.5,consensus_summary,1.0,0.25,mmlu-professional-law,1.0,0.25,,,,,,
1223,615,hellaswag,0.7414634146341463,hellaswag,456,0.7414634146341463,mbpp,19.0,0.030894308943089432,mmlu-high-school-government-and-politics,13.0,0.02113821138211382,mmlu-miscellaneous,12.0,0.01951219512195122,winogrande,12.0,0.01951219512195122
1224,1,mmlu-conceptual-physics,1.0,mmlu-conceptual-physics,1,1.0,,,,,,,,,,,,
1225,13,arc-challenge,0.15384615384615385,arc-challenge,2,0.15384615384615385,mmlu-high-school-physics,2.0,0.15384615384615385,winogrande,2.0,0.15384615384615385,abstract2title,1.0,0.07692307692307693,mmlu-abstract-algebra,1.0,0.07692307692307693
1226,24,hellaswag,0.4583333333333333,hellaswag,11,0.4583333333333333,mmlu-econometrics,3.0,0.125,chinese_song_ci,2.0,0.08333333333333333,Chinese_character_riddles,1.0,0.041666666666666664,arc-challenge,1.0,0.041666666666666664
1227,523,abstract2title,0.2695984703632887,abstract2title,141,0.2695984703632887,hellaswag,103.0,0.19694072657743786,arc-challenge,71.0,0.13575525812619502,mmlu-security-studies,25.0,0.04780114722753346,mmlu-high-school-us-history,16.0,0.030592734225621414
1228,1,mmlu-professional-law,1.0,mmlu-professional-law,1,1.0,,,,,,,,,,,,
1229,765,hellaswag,0.2235294117647059,hellaswag,171,0.2235294117647059,mmlu-miscellaneous,71.0,0.09281045751633987,mmlu-high-school-us-history,68.0,0.08888888888888889,mmlu-prehistory,43.0,0.05620915032679739,winogrande,43.0,0.05620915032679739
1230,39,hellaswag,0.38461538461538464,hellaswag,15,0.38461538461538464,mbpp,9.0,0.23076923076923078,mmlu-high-school-european-history,3.0,0.07692307692307693,mmlu-high-school-macroeconomics,3.0,0.07692307692307693,arc-challenge,2.0,0.05128205128205128
1231,103,hellaswag,0.2621359223300971,hellaswag,27,0.2621359223300971,mbpp,16.0,0.1553398058252427,consensus_summary,12.0,0.11650485436893204,mmlu-high-school-world-history,11.0,0.10679611650485436,mmlu-college-computer-science,3.0,0.02912621359223301
1232,1,abstract2title,1.0,abstract2title,1,1.0,,,,,,,,,,,,
1233,5,mmlu-high-school-european-history,0.8,mmlu-high-school-european-history,4,0.8,hellaswag,1.0,0.2,,,,,,,,,
1234,24,hellaswag,0.20833333333333334,hellaswag,5,0.20833333333333334,mmlu-sociology,5.0,0.20833333333333334,mmlu-elementary-mathematics,3.0,0.125,mmlu-nutrition,3.0,0.125,mmlu-high-school-geography,2.0,0.08333333333333333
1235,512,hellaswag,0.427734375,hellaswag,219,0.427734375,arc-challenge,29.0,0.056640625,winogrande,29.0,0.056640625,mmlu-professional-law,24.0,0.046875,mmlu-professional-medicine,20.0,0.0390625
1236,1,consensus_summary,1.0,consensus_summary,1,1.0,,,,,,,,,,,,
1237,28,abstract2title,0.5357142857142857,abstract2title,15,0.5357142857142857,consensus_summary,6.0,0.21428571428571427,hellaswag,3.0,0.10714285714285714,mmlu-professional-psychology,2.0,0.07142857142857142,mmlu-miscellaneous,1.0,0.03571428571428571
1238,350,chinese_zodiac,0.7142857142857143,chinese_zodiac,250,0.7142857142857143,mmlu-astronomy,16.0,0.045714285714285714,hellaswag,10.0,0.02857142857142857,arc-challenge,8.0,0.022857142857142857,mmlu-prehistory,7.0,0.02
1240,113,mmlu-professional-psychology,0.08849557522123894,mmlu-professional-psychology,10,0.08849557522123894,mmlu-high-school-psychology,8.0,0.07079646017699115,mmlu-high-school-biology,7.0,0.061946902654867256,arc-challenge,6.0,0.05309734513274336,mmlu-global-facts,6.0,0.05309734513274336
1241,3,hellaswag,0.3333333333333333,hellaswag,1,0.3333333333333333,mmlu-econometrics,1.0,0.3333333333333333,mtbench,1.0,0.3333333333333333,,,,,,
1242,16,mmlu-global-facts,0.25,mmlu-global-facts,4,0.25,mmlu-high-school-us-history,3.0,0.1875,mmlu-human-aging,2.0,0.125,consensus_summary,1.0,0.0625,hellaswag,1.0,0.0625
1244,13,hellaswag,0.5384615384615384,hellaswag,7,0.5384615384615384,abstract2title,2.0,0.15384615384615385,mmlu-econometrics,1.0,0.07692307692307693,mmlu-jurisprudence,1.0,0.07692307692307693,mmlu-professional-law,1.0,0.07692307692307693
1246,946,hellaswag,0.10887949260042283,hellaswag,103,0.10887949260042283,winogrande,87.0,0.0919661733615222,mmlu-miscellaneous,86.0,0.09090909090909091,mmlu-high-school-macroeconomics,57.0,0.06025369978858351,arc-challenge,44.0,0.046511627906976744
1247,94,hellaswag,1.0,hellaswag,94,1.0,,,,,,,,,,,,
1248,7,hellaswag,0.7142857142857143,hellaswag,5,0.7142857142857143,arc-challenge,1.0,0.14285714285714285,mmlu-professional-psychology,1.0,0.14285714285714285,,,,,,
1249,2700,hellaswag,0.3559259259259259,hellaswag,961,0.3559259259259259,winogrande,719.0,0.2662962962962963,mmlu-miscellaneous,222.0,0.08222222222222222,arc-challenge,158.0,0.05851851851851852,mmlu-professional-law,82.0,0.03037037037037037
1252,9,hellaswag,0.2222222222222222,hellaswag,2,0.2222222222222222,mmlu-anatomy,1.0,0.1111111111111111,mmlu-clinical-knowledge,1.0,0.1111111111111111,mmlu-conceptual-physics,1.0,0.1111111111111111,mmlu-high-school-mathematics,1.0,0.1111111111111111
1253,506,hellaswag,0.34189723320158105,hellaswag,173,0.34189723320158105,mmlu-high-school-world-history,48.0,0.09486166007905138,Chinese_character_riddles,22.0,0.043478260869565216,mbpp,20.0,0.039525691699604744,winogrande,20.0,0.039525691699604744
1255,102,hellaswag,0.7549019607843137,hellaswag,77,0.7549019607843137,consensus_summary,5.0,0.049019607843137254,mmlu-high-school-european-history,3.0,0.029411764705882353,mmlu-professional-law,3.0,0.029411764705882353,arc-challenge,2.0,0.0196078431372549
1257,5,mbpp,0.6,mbpp,3,0.6,consensus_summary,2.0,0.4,,,,,,,,,
1258,668,hellaswag,0.1601796407185629,hellaswag,107,0.1601796407185629,mmlu-high-school-statistics,91.0,0.13622754491017963,mmlu-professional-psychology,39.0,0.058383233532934134,mmlu-machine-learning,36.0,0.05389221556886228,arc-challenge,33.0,0.04940119760479042
1260,752,mmlu-professional-law,0.45611702127659576,mmlu-professional-law,343,0.45611702127659576,winogrande,144.0,0.19148936170212766,hellaswag,44.0,0.05851063829787234,mmlu-miscellaneous,28.0,0.03723404255319149,arc-challenge,22.0,0.02925531914893617
1261,2,abstract2title,1.0,abstract2title,2,1.0,,,,,,,,,,,,
1262,4,hellaswag,0.75,hellaswag,3,0.75,mmlu-professional-medicine,1.0,0.25,,,,,,,,,
1263,1747,hellaswag,0.27361190612478536,hellaswag,478,0.27361190612478536,bias_detection,138.0,0.07899255867200916,mmlu-professional-law,118.0,0.06754436176302232,winogrande,92.0,0.05266170578133944,arc-challenge,91.0,0.052089295935890095
1264,3,mmlu-high-school-world-history,1.0,mmlu-high-school-world-history,3,1.0,,,,,,,,,,,,
1266,1346,hellaswag,0.11664190193164933,hellaswag,157,0.11664190193164933,mmlu-high-school-psychology,128.0,0.0950965824665676,mmlu-professional-psychology,111.0,0.0824665676077266,mmlu-high-school-biology,108.0,0.08023774145616643,arc-challenge,80.0,0.05943536404160475
1267,2114,hellaswag,0.4153263954588458,hellaswag,878,0.4153263954588458,arc-challenge,146.0,0.06906338694418164,winogrande,111.0,0.05250709555345317,mmlu-professional-law,92.0,0.043519394512771994,mmlu-philosophy,64.0,0.030274361400189215
1268,2,mmlu-high-school-world-history,1.0,mmlu-high-school-world-history,2,1.0,,,,,,,,,,,,
1269,117,hellaswag,0.3247863247863248,hellaswag,38,0.3247863247863248,mbpp,17.0,0.1452991452991453,abstract2title,14.0,0.11965811965811966,mmlu-professional-psychology,11.0,0.09401709401709402,consensus_summary,8.0,0.06837606837606838
1270,1278,hellaswag,0.4874804381846635,hellaswag,623,0.4874804381846635,mmlu-nutrition,78.0,0.06103286384976526,mmlu-miscellaneous,74.0,0.057902973395931145,arc-challenge,46.0,0.03599374021909233,winogrande,39.0,0.03051643192488263
1272,5,hellaswag,0.8,hellaswag,4,0.8,mmlu-prehistory,1.0,0.2,,,,,,,,,
1274,290,hellaswag,0.7931034482758621,hellaswag,230,0.7931034482758621,mmlu-high-school-microeconomics,8.0,0.027586206896551724,mbpp,5.0,0.017241379310344827,mmlu-elementary-mathematics,5.0,0.017241379310344827,mmlu-professional-psychology,4.0,0.013793103448275862
1275,352,chinese_zodiac,0.6647727272727273,chinese_zodiac,234,0.6647727272727273,mmlu-anatomy,19.0,0.05397727272727273,arc-challenge,14.0,0.03977272727272727,hellaswag,10.0,0.028409090909090908,mmlu-professional-medicine,8.0,0.022727272727272728
1277,4,mbpp,1.0,mbpp,4,1.0,,,,,,,,,,,,
1278,148,mmlu-elementary-mathematics,0.2905405405405405,mmlu-elementary-mathematics,43,0.2905405405405405,mmlu-miscellaneous,13.0,0.08783783783783784,mmlu-philosophy,13.0,0.08783783783783784,mmlu-global-facts,8.0,0.05405405405405406,mmlu-high-school-mathematics,8.0,0.05405405405405406
1279,117,hellaswag,0.8290598290598291,hellaswag,97,0.8290598290598291,arc-challenge,4.0,0.03418803418803419,mmlu-high-school-european-history,3.0,0.02564102564102564,mmlu-professional-law,3.0,0.02564102564102564,consensus_summary,2.0,0.017094017094017096
1281,39,hellaswag,0.46153846153846156,hellaswag,18,0.46153846153846156,consensus_summary,3.0,0.07692307692307693,mmlu-high-school-chemistry,3.0,0.07692307692307693,mmlu-miscellaneous,3.0,0.07692307692307693,mmlu-global-facts,2.0,0.05128205128205128
1283,8182,grade-school-math,0.7284282571498412,grade-school-math,5960,0.7284282571498412,hellaswag,893.0,0.10914201906624298,mmlu-professional-law,296.0,0.03617697384502567,mmlu-elementary-mathematics,183.0,0.02236616964067465,arc-challenge,138.0,0.016866291860180883
1284,198,hellaswag,0.797979797979798,hellaswag,158,0.797979797979798,mmlu-professional-law,10.0,0.050505050505050504,mmlu-nutrition,6.0,0.030303030303030304,mmlu-elementary-mathematics,4.0,0.020202020202020204,mmlu-world-religions,2.0,0.010101010101010102
1287,31,mmlu-high-school-world-history,0.2903225806451613,mmlu-high-school-world-history,9,0.2903225806451613,hellaswag,8.0,0.25806451612903225,abstract2title,5.0,0.16129032258064516,mmlu-high-school-us-history,4.0,0.12903225806451613,mmlu-prehistory,2.0,0.06451612903225806
1288,29,mmlu-high-school-us-history,0.3793103448275862,mmlu-high-school-us-history,11,0.3793103448275862,mmlu-miscellaneous,4.0,0.13793103448275862,mmlu-professional-law,4.0,0.13793103448275862,consensus_summary,3.0,0.10344827586206896,winogrande,3.0,0.10344827586206896
1290,13,hellaswag,0.38461538461538464,hellaswag,5,0.38461538461538464,mmlu-high-school-macroeconomics,2.0,0.15384615384615385,mmlu-high-school-geography,1.0,0.07692307692307693,mmlu-marketing,1.0,0.07692307692307693,mmlu-miscellaneous,1.0,0.07692307692307693
1291,151,hellaswag,0.304635761589404,hellaswag,46,0.304635761589404,arc-challenge,15.0,0.09933774834437085,mmlu-conceptual-physics,13.0,0.08609271523178808,mmlu-high-school-chemistry,9.0,0.059602649006622516,mmlu-machine-learning,8.0,0.052980132450331126
1292,61,arc-challenge,0.14754098360655737,arc-challenge,9,0.14754098360655737,hellaswag,8.0,0.13114754098360656,mmlu-anatomy,6.0,0.09836065573770492,mmlu-miscellaneous,6.0,0.09836065573770492,mmlu-clinical-knowledge,3.0,0.04918032786885246
1293,17,hellaswag,0.4117647058823529,hellaswag,7,0.4117647058823529,consensus_summary,3.0,0.17647058823529413,mmlu-astronomy,1.0,0.058823529411764705,mmlu-elementary-mathematics,1.0,0.058823529411764705,mmlu-high-school-macroeconomics,1.0,0.058823529411764705
1294,3,abstract2title,0.3333333333333333,abstract2title,1,0.3333333333333333,hellaswag,1.0,0.3333333333333333,mbpp,1.0,0.3333333333333333,,,,,,
1295,2770,hellaswag,0.2703971119133574,hellaswag,749,0.2703971119133574,mmlu-high-school-psychology,223.0,0.08050541516245488,mmlu-professional-psychology,184.0,0.0664259927797834,mmlu-security-studies,150.0,0.05415162454873646,winogrande,101.0,0.03646209386281588
1296,33,hellaswag,0.2727272727272727,hellaswag,9,0.2727272727272727,mmlu-miscellaneous,8.0,0.24242424242424243,consensus_summary,5.0,0.15151515151515152,mmlu-professional-law,4.0,0.12121212121212122,mmlu-elementary-mathematics,2.0,0.06060606060606061
1297,51,chinese_zodiac,0.45098039215686275,chinese_zodiac,23,0.45098039215686275,hellaswag,9.0,0.17647058823529413,winogrande,4.0,0.0784313725490196,mmlu-high-school-psychology,2.0,0.0392156862745098,mmlu-high-school-world-history,2.0,0.0392156862745098
1301,83,hellaswag,0.2289156626506024,hellaswag,19,0.2289156626506024,accounting_audit,10.0,0.12048192771084337,winogrande,8.0,0.0963855421686747,mmlu-high-school-statistics,5.0,0.060240963855421686,mmlu-professional-accounting,5.0,0.060240963855421686
1302,391,mmlu-high-school-us-history,0.16624040920716113,mmlu-high-school-us-history,65,0.16624040920716113,mmlu-high-school-world-history,45.0,0.11508951406649616,consensus_summary,26.0,0.06649616368286446,mmlu-global-facts,26.0,0.06649616368286446,mmlu-us-foreign-policy,26.0,0.06649616368286446
1303,1,mmlu-high-school-mathematics,1.0,mmlu-high-school-mathematics,1,1.0,,,,,,,,,,,,
1304,2,hellaswag,1.0,hellaswag,2,1.0,,,,,,,,,,,,
1305,95,winogrande,0.16842105263157894,winogrande,16,0.16842105263157894,hellaswag,10.0,0.10526315789473684,mmlu-high-school-statistics,8.0,0.08421052631578947,consensus_summary,7.0,0.07368421052631578,mmlu-high-school-psychology,6.0,0.06315789473684211
1306,2,consensus_summary,1.0,consensus_summary,2,1.0,,,,,,,,,,,,
1307,1814,mmlu-moral-scenarios,0.36549062844542446,mmlu-moral-scenarios,663,0.36549062844542446,mmlu-elementary-mathematics,129.0,0.0711135611907387,mmlu-professional-law,65.0,0.03583241455347299,mmlu-professional-psychology,61.0,0.03362734288864388,mmlu-philosophy,57.0,0.031422271223814774
1308,1208,hellaswag,0.18460264900662252,hellaswag,223,0.18460264900662252,mmlu-professional-law,197.0,0.1630794701986755,mmlu-miscellaneous,97.0,0.0802980132450331,mmlu-sociology,74.0,0.061258278145695365,arc-challenge,52.0,0.04304635761589404
1309,1278,hellaswag,0.5242566510172144,hellaswag,670,0.5242566510172144,mmlu-professional-accounting,61.0,0.04773082942097027,mmlu-high-school-psychology,31.0,0.024256651017214397,mmlu-miscellaneous,31.0,0.024256651017214397,mmlu-professional-psychology,31.0,0.024256651017214397
1310,55,mmlu-electrical-engineering,0.12727272727272726,mmlu-electrical-engineering,7,0.12727272727272726,consensus_summary,6.0,0.10909090909090909,mbpp,6.0,0.10909090909090909,arc-challenge,5.0,0.09090909090909091,winogrande,5.0,0.09090909090909091
1312,5960,grade-school-math,1.0,grade-school-math,5960,1.0,,,,,,,,,,,,
1314,9,hellaswag,0.4444444444444444,hellaswag,4,0.4444444444444444,mbpp,3.0,0.3333333333333333,abstract2title,1.0,0.1111111111111111,consensus_summary,1.0,0.1111111111111111,,,
1315,3,hellaswag,1.0,hellaswag,3,1.0,,,,,,,,,,,,
1316,1,hellaswag,1.0,hellaswag,1,1.0,,,,,,,,,,,,
1318,237,hellaswag,0.2911392405063291,hellaswag,69,0.2911392405063291,accounting_audit,19.0,0.08016877637130802,arc-challenge,14.0,0.05907172995780591,mmlu-professional-law,13.0,0.05485232067510549,mbpp,12.0,0.05063291139240506
1319,2134,mmlu-high-school-psychology,0.09325210871602624,mmlu-high-school-psychology,199,0.09325210871602624,hellaswag,168.0,0.07872539831302718,mmlu-professional-psychology,156.0,0.07310215557638237,mmlu-prehistory,151.0,0.07075913776944705,mmlu-miscellaneous,131.0,0.06138706654170572
1320,22,hellaswag,0.36363636363636365,hellaswag,8,0.36363636363636365,consensus_summary,3.0,0.13636363636363635,mmlu-professional-medicine,2.0,0.09090909090909091,mmlu-conceptual-physics,1.0,0.045454545454545456,mmlu-global-facts,1.0,0.045454545454545456
1321,84,mmlu-professional-law,0.23809523809523808,mmlu-professional-law,20,0.23809523809523808,hellaswag,15.0,0.17857142857142858,mmlu-high-school-us-history,11.0,0.13095238095238096,mmlu-high-school-european-history,6.0,0.07142857142857142,mmlu-elementary-mathematics,5.0,0.05952380952380952
1322,2,mmlu-econometrics,1.0,mmlu-econometrics,2,1.0,,,,,,,,,,,,
1323,68,mmlu-machine-learning,0.3088235294117647,mmlu-machine-learning,21,0.3088235294117647,mmlu-marketing,8.0,0.11764705882352941,mmlu-high-school-computer-science,5.0,0.07352941176470588,mmlu-college-computer-science,4.0,0.058823529411764705,mmlu-computer-security,4.0,0.058823529411764705
1324,33,arc-challenge,0.21212121212121213,arc-challenge,7,0.21212121212121213,hellaswag,7.0,0.21212121212121213,mmlu-sociology,4.0,0.12121212121212122,mmlu-marketing,3.0,0.09090909090909091,mmlu-high-school-microeconomics,2.0,0.06060606060606061
1325,39,hellaswag,0.8205128205128205,hellaswag,32,0.8205128205128205,arc-challenge,3.0,0.07692307692307693,mmlu-human-sexuality,1.0,0.02564102564102564,mmlu-prehistory,1.0,0.02564102564102564,mtbench,1.0,0.02564102564102564
1329,4,mmlu-econometrics,0.25,mmlu-econometrics,1,0.25,mmlu-high-school-geography,1.0,0.25,mmlu-high-school-psychology,1.0,0.25,winogrande,1.0,0.25,,,
1330,2,mmlu-high-school-european-history,1.0,mmlu-high-school-european-history,2,1.0,,,,,,,,,,,,
1331,5960,grade-school-math,1.0,grade-school-math,5960,1.0,,,,,,,,,,,,
1335,785,hellaswag,0.8152866242038217,hellaswag,640,0.8152866242038217,arc-challenge,24.0,0.030573248407643312,mbpp,13.0,0.016560509554140127,mmlu-formal-logic,13.0,0.016560509554140127,consensus_summary,11.0,0.014012738853503185
1336,363,winogrande,0.8760330578512396,winogrande,318,0.8760330578512396,mmlu-moral-scenarios,13.0,0.03581267217630854,mmlu-miscellaneous,8.0,0.02203856749311295,hellaswag,6.0,0.01652892561983471,mmlu-world-religions,5.0,0.013774104683195593
1339,9,hellaswag,0.8888888888888888,hellaswag,8,0.8888888888888888,mmlu-high-school-psychology,1.0,0.1111111111111111,,,,,,,,,
1340,1130,hellaswag,0.24424778761061947,hellaswag,276,0.24424778761061947,winogrande,202.0,0.17876106194690267,arc-challenge,120.0,0.10619469026548672,mmlu-professional-psychology,40.0,0.035398230088495575,mmlu-miscellaneous,34.0,0.03008849557522124
1342,2,mmlu-professional-law,1.0,mmlu-professional-law,2,1.0,,,,,,,,,,,,
1343,852,hellaswag,0.7992957746478874,hellaswag,681,0.7992957746478874,mmlu-professional-medicine,24.0,0.028169014084507043,arc-challenge,14.0,0.01643192488262911,mmlu-professional-law,13.0,0.015258215962441314,consensus_summary,11.0,0.012910798122065728
1344,207,abstract2title,0.6280193236714976,abstract2title,130,0.6280193236714976,hellaswag,17.0,0.0821256038647343,mbpp,8.0,0.03864734299516908,arc-challenge,4.0,0.01932367149758454,mmlu-econometrics,4.0,0.01932367149758454
1346,13,hellaswag,0.9230769230769231,hellaswag,12,0.9230769230769231,mmlu-college-computer-science,1.0,0.07692307692307693,,,,,,,,,
1347,274,hellaswag,0.16058394160583941,hellaswag,44,0.16058394160583941,mmlu-high-school-macroeconomics,35.0,0.12773722627737227,mmlu-professional-medicine,23.0,0.08394160583941605,mmlu-nutrition,19.0,0.06934306569343066,mmlu-professional-law,14.0,0.051094890510948905
1348,134,mmlu-high-school-macroeconomics,0.26119402985074625,mmlu-high-school-macroeconomics,35,0.26119402985074625,hellaswag,28.0,0.208955223880597,mmlu-professional-accounting,23.0,0.17164179104477612,mmlu-professional-law,9.0,0.06716417910447761,mmlu-miscellaneous,6.0,0.04477611940298507
1349,62,consensus_summary,0.3548387096774194,consensus_summary,22,0.3548387096774194,hellaswag,18.0,0.2903225806451613,mmlu-high-school-us-history,8.0,0.12903225806451613,mmlu-professional-law,8.0,0.12903225806451613,abstract2title,3.0,0.04838709677419355
1354,1860,hellaswag,0.5032258064516129,hellaswag,936,0.5032258064516129,arc-challenge,166.0,0.08924731182795699,mmlu-professional-law,105.0,0.056451612903225805,mmlu-miscellaneous,73.0,0.03924731182795699,winogrande,59.0,0.031720430107526884
1356,1,hellaswag,1.0,hellaswag,1,1.0,,,,,,,,,,,,
1357,233,mmlu-high-school-us-history,0.20600858369098712,mmlu-high-school-us-history,48,0.20600858369098712,mmlu-high-school-world-history,22.0,0.0944206008583691,Chinese_character_riddles,17.0,0.07296137339055794,mmlu-high-school-macroeconomics,15.0,0.06437768240343347,mmlu-high-school-european-history,12.0,0.05150214592274678
1358,3319,hellaswag,0.6275986742994878,hellaswag,2083,0.6275986742994878,winogrande,149.0,0.04489304007231094,arc-challenge,100.0,0.030129557095510694,mmlu-nutrition,99.0,0.029828261524555588,mmlu-miscellaneous,89.0,0.02681530581500452
1359,25,hellaswag,0.44,hellaswag,11,0.44,winogrande,5.0,0.2,mmlu-abstract-algebra,2.0,0.08,consensus_summary,1.0,0.04,mmlu-clinical-knowledge,1.0,0.04
1360,401,arc-challenge,0.1970074812967581,arc-challenge,79,0.1970074812967581,mmlu-high-school-microeconomics,33.0,0.08229426433915212,mmlu-professional-law,30.0,0.07481296758104738,hellaswag,28.0,0.06982543640897755,mmlu-high-school-macroeconomics,20.0,0.04987531172069826
1361,6,hellaswag,0.3333333333333333,hellaswag,2,0.3333333333333333,mmlu-logical-fallacies,2.0,0.3333333333333333,mmlu-high-school-european-history,1.0,0.16666666666666666,mmlu-high-school-us-history,1.0,0.16666666666666666,,,
1362,2,abstract2title,1.0,abstract2title,2,1.0,,,,,,,,,,,,
1363,8,abstract2title,0.625,abstract2title,5,0.625,mmlu-high-school-european-history,3.0,0.375,,,,,,,,,
1364,766,hellaswag,0.5443864229765013,hellaswag,417,0.5443864229765013,mmlu-high-school-world-history,45.0,0.0587467362924282,mmlu-world-religions,33.0,0.04308093994778068,mmlu-professional-law,24.0,0.031331592689295036,mmlu-professional-medicine,21.0,0.02741514360313316
1365,313,hellaswag,0.2108626198083067,hellaswag,66,0.2108626198083067,mmlu-professional-law,50.0,0.1597444089456869,mmlu-miscellaneous,26.0,0.08306709265175719,arc-challenge,19.0,0.06070287539936102,mmlu-high-school-world-history,13.0,0.04153354632587859
1366,369,hellaswag,0.5230352303523035,hellaswag,193,0.5230352303523035,mmlu-high-school-macroeconomics,49.0,0.13279132791327913,consensus_summary,19.0,0.051490514905149054,mmlu-professional-psychology,16.0,0.04336043360433604,mmlu-high-school-psychology,15.0,0.04065040650406504
1367,7,hellaswag,0.7142857142857143,hellaswag,5,0.7142857142857143,consensus_summary,1.0,0.14285714285714285,mtbench,1.0,0.14285714285714285,,,,,,
1369,9,arc-challenge,0.3333333333333333,arc-challenge,3,0.3333333333333333,mmlu-professional-law,2.0,0.2222222222222222,consensus_summary,1.0,0.1111111111111111,hellaswag,1.0,0.1111111111111111,mmlu-high-school-biology,1.0,0.1111111111111111
1371,152,hellaswag,0.4407894736842105,hellaswag,67,0.4407894736842105,mmlu-computer-security,13.0,0.08552631578947369,mmlu-security-studies,8.0,0.05263157894736842,mmlu-high-school-world-history,7.0,0.046052631578947366,mmlu-econometrics,6.0,0.039473684210526314
1372,46,abstract2title,0.5217391304347826,abstract2title,24,0.5217391304347826,winogrande,5.0,0.10869565217391304,hellaswag,4.0,0.08695652173913043,arc-challenge,3.0,0.06521739130434782,mmlu-professional-law,3.0,0.06521739130434782
1373,41,mbpp,0.34146341463414637,mbpp,14,0.34146341463414637,arc-challenge,10.0,0.24390243902439024,hellaswag,4.0,0.0975609756097561,mmlu-miscellaneous,2.0,0.04878048780487805,mmlu-astronomy,1.0,0.024390243902439025
1374,621,hellaswag,0.4524959742351047,hellaswag,281,0.4524959742351047,arc-challenge,42.0,0.06763285024154589,mmlu-high-school-psychology,36.0,0.057971014492753624,mmlu-conceptual-physics,26.0,0.04186795491143317,mmlu-miscellaneous,20.0,0.0322061191626409
1375,1014,hellaswag,0.40927021696252464,hellaswag,415,0.40927021696252464,mmlu-professional-medicine,73.0,0.07199211045364892,mmlu-clinical-knowledge,68.0,0.0670611439842209,arc-challenge,59.0,0.05818540433925049,mbpp,59.0,0.05818540433925049
1376,6,hellaswag,0.6666666666666666,hellaswag,4,0.6666666666666666,consensus_summary,1.0,0.16666666666666666,mbpp,1.0,0.16666666666666666,,,,,,
1378,470,hellaswag,0.24468085106382978,hellaswag,115,0.24468085106382978,mbpp,64.0,0.13617021276595745,bias_detection,45.0,0.09574468085106383,mmlu-high-school-computer-science,21.0,0.04468085106382979,mmlu-college-computer-science,15.0,0.031914893617021274
1379,123,hellaswag,0.2682926829268293,hellaswag,33,0.2682926829268293,arc-challenge,7.0,0.056910569105691054,mmlu-high-school-psychology,7.0,0.056910569105691054,mmlu-high-school-macroeconomics,6.0,0.04878048780487805,mmlu-professional-law,6.0,0.04878048780487805
1382,109,hellaswag,0.8165137614678899,hellaswag,89,0.8165137614678899,mmlu-high-school-european-history,7.0,0.06422018348623854,mmlu-machine-learning,3.0,0.027522935779816515,consensus_summary,2.0,0.01834862385321101,mmlu-high-school-geography,2.0,0.01834862385321101
1383,928,hellaswag,0.6875,hellaswag,638,0.6875,arc-challenge,39.0,0.04202586206896552,winogrande,17.0,0.018318965517241378,mmlu-high-school-psychology,15.0,0.016163793103448277,mmlu-human-sexuality,13.0,0.014008620689655173
1385,325,arc-challenge,0.26153846153846155,arc-challenge,85,0.26153846153846155,mmlu-prehistory,46.0,0.14153846153846153,mmlu-astronomy,45.0,0.13846153846153847,mmlu-high-school-psychology,22.0,0.06769230769230769,mmlu-college-biology,16.0,0.04923076923076923
1386,814,hellaswag,0.5687960687960688,hellaswag,463,0.5687960687960688,arc-challenge,74.0,0.09090909090909091,mmlu-miscellaneous,34.0,0.04176904176904177,winogrande,25.0,0.030712530712530713,mmlu-elementary-mathematics,17.0,0.020884520884520884
1388,226,chinese_zodiac,0.36283185840707965,chinese_zodiac,82,0.36283185840707965,hellaswag,60.0,0.26548672566371684,winogrande,29.0,0.12831858407079647,accounting_audit,8.0,0.035398230088495575,mmlu-miscellaneous,6.0,0.02654867256637168
1389,262,mbpp,0.1183206106870229,mbpp,31,0.1183206106870229,mmlu-miscellaneous,29.0,0.11068702290076336,hellaswag,21.0,0.08015267175572519,mmlu-machine-learning,20.0,0.07633587786259542,mmlu-nutrition,13.0,0.04961832061068702
1391,1,consensus_summary,1.0,consensus_summary,1,1.0,,,,,,,,,,,,
1392,4311,hellaswag,0.2929714683368128,hellaswag,1263,0.2929714683368128,arc-challenge,312.0,0.07237299930410578,mmlu-professional-medicine,200.0,0.046392948271862675,mmlu-miscellaneous,189.0,0.04384133611691023,mmlu-high-school-psychology,176.0,0.040825794479239154
1394,18,mmlu-moral-scenarios,0.2777777777777778,mmlu-moral-scenarios,5,0.2777777777777778,mmlu-high-school-world-history,3.0,0.16666666666666666,mmlu-high-school-mathematics,2.0,0.1111111111111111,mmlu-world-religions,2.0,0.1111111111111111,mmlu-abstract-algebra,1.0,0.05555555555555555
1395,612,hellaswag,0.3137254901960784,hellaswag,192,0.3137254901960784,mmlu-high-school-psychology,72.0,0.11764705882352941,arc-challenge,60.0,0.09803921568627451,mmlu-philosophy,35.0,0.05718954248366013,winogrande,31.0,0.05065359477124183
1396,1383,hellaswag,0.41720896601590746,hellaswag,577,0.41720896601590746,arc-challenge,149.0,0.10773680404916848,mmlu-security-studies,61.0,0.044107013738250184,bias_detection,57.0,0.04121475054229935,mmlu-miscellaneous,43.0,0.03109182935647144
1398,195,hellaswag,0.8358974358974359,hellaswag,163,0.8358974358974359,mmlu-computer-security,6.0,0.03076923076923077,mmlu-human-sexuality,5.0,0.02564102564102564,mmlu-miscellaneous,3.0,0.015384615384615385,mmlu-college-medicine,2.0,0.010256410256410256
1399,1240,hellaswag,0.660483870967742,hellaswag,819,0.660483870967742,arc-challenge,65.0,0.05241935483870968,mbpp,28.0,0.02258064516129032,mmlu-college-chemistry,21.0,0.016935483870967744,mmlu-high-school-mathematics,20.0,0.016129032258064516
1400,238,hellaswag,0.7226890756302521,hellaswag,172,0.7226890756302521,mbpp,19.0,0.07983193277310924,mmlu-computer-security,11.0,0.046218487394957986,mmlu-college-computer-science,7.0,0.029411764705882353,mmlu-formal-logic,7.0,0.029411764705882353
1401,1171,mmlu-professional-law,0.24594363791631085,mmlu-professional-law,288,0.24594363791631085,hellaswag,198.0,0.1690862510674637,arc-challenge,137.0,0.11699402220324509,mmlu-professional-accounting,41.0,0.035012809564474806,winogrande,40.0,0.034158838599487616
1402,129,hellaswag,0.3023255813953488,hellaswag,39,0.3023255813953488,mmlu-professional-law,20.0,0.15503875968992248,mmlu-professional-medicine,16.0,0.12403100775193798,consensus_summary,13.0,0.10077519379844961,arc-challenge,7.0,0.05426356589147287
1403,1,mbpp,1.0,mbpp,1,1.0,,,,,,,,,,,,
1404,1216,hellaswag,0.5041118421052632,hellaswag,613,0.5041118421052632,abstract2title,178.0,0.14638157894736842,consensus_summary,120.0,0.09868421052631579,mmlu-professional-medicine,39.0,0.032072368421052634,mmlu-security-studies,29.0,0.023848684210526317
1405,168,hellaswag,0.20833333333333334,hellaswag,35,0.20833333333333334,arc-challenge,15.0,0.08928571428571429,mmlu-high-school-european-history,14.0,0.08333333333333333,mmlu-professional-law,13.0,0.07738095238095238,mbpp,7.0,0.041666666666666664
1407,1025,hellaswag,0.49658536585365853,hellaswag,509,0.49658536585365853,bias_detection,138.0,0.13463414634146342,arc-challenge,70.0,0.06829268292682927,mmlu-professional-law,34.0,0.033170731707317075,winogrande,27.0,0.026341463414634145
1408,12,abstract2title,0.25,abstract2title,3,0.25,hellaswag,2.0,0.16666666666666666,mmlu-formal-logic,2.0,0.16666666666666666,mbpp,1.0,0.08333333333333333,mmlu-econometrics,1.0,0.08333333333333333
1409,622,hellaswag,0.6157556270096463,hellaswag,383,0.6157556270096463,mmlu-professional-law,29.0,0.04662379421221865,arc-challenge,24.0,0.03858520900321544,mbpp,23.0,0.03697749196141479,winogrande,22.0,0.03536977491961415
1410,49,winogrande,0.2857142857142857,winogrande,14,0.2857142857142857,hellaswag,13.0,0.2653061224489796,consensus_summary,9.0,0.1836734693877551,mmlu-high-school-microeconomics,3.0,0.061224489795918366,mmlu-computer-security,2.0,0.04081632653061224
1411,769,hellaswag,0.293888166449935,hellaswag,226,0.293888166449935,mmlu-professional-psychology,63.0,0.08192457737321196,arc-challenge,49.0,0.06371911573472042,mmlu-high-school-us-history,33.0,0.04291287386215865,mmlu-professional-law,24.0,0.031209362808842653
1413,2,mmlu-high-school-world-history,0.5,mmlu-high-school-world-history,1,0.5,mmlu-management,1.0,0.5,,,,,,,,,
1414,1611,mmlu-high-school-macroeconomics,0.16883923029174425,mmlu-high-school-macroeconomics,272,0.16883923029174425,mmlu-high-school-microeconomics,170.0,0.10552451893234016,arc-challenge,96.0,0.0595903165735568,hellaswag,91.0,0.05648665425201738,mmlu-professional-accounting,77.0,0.04779639975170701
1416,743,hellaswag,0.3633916554508748,hellaswag,270,0.3633916554508748,mbpp,81.0,0.10901749663526245,mmlu-professional-law,41.0,0.05518169582772544,winogrande,33.0,0.04441453566621804,Chinese_character_riddles,22.0,0.029609690444145357
1417,9,consensus_summary,1.0,consensus_summary,9,1.0,,,,,,,,,,,,
1418,5960,grade-school-math,1.0,grade-school-math,5960,1.0,,,,,,,,,,,,
1419,2512,hellaswag,0.3073248407643312,hellaswag,772,0.3073248407643312,mmlu-high-school-macroeconomics,288.0,0.11464968152866242,mmlu-high-school-microeconomics,150.0,0.059713375796178345,mmlu-professional-law,146.0,0.058121019108280256,arc-challenge,116.0,0.04617834394904458
1421,214,hellaswag,0.397196261682243,hellaswag,85,0.397196261682243,bias_detection,15.0,0.07009345794392523,mmlu-high-school-chemistry,12.0,0.056074766355140186,arc-challenge,9.0,0.04205607476635514,mmlu-college-chemistry,8.0,0.037383177570093455
1422,207,hellaswag,0.5217391304347826,hellaswag,108,0.5217391304347826,abstract2title,13.0,0.06280193236714976,arc-challenge,13.0,0.06280193236714976,mmlu-conceptual-physics,5.0,0.024154589371980676,mmlu-electrical-engineering,5.0,0.024154589371980676
1424,789,mmlu-prehistory,0.1888466413181242,mmlu-prehistory,149,0.1888466413181242,arc-challenge,107.0,0.13561470215462612,mmlu-miscellaneous,93.0,0.11787072243346007,hellaswag,42.0,0.053231939163498096,mmlu-high-school-us-history,35.0,0.044359949302915085
1425,344,hellaswag,0.4883720930232558,hellaswag,168,0.4883720930232558,mmlu-moral-scenarios,48.0,0.13953488372093023,mmlu-professional-psychology,19.0,0.055232558139534885,mmlu-high-school-psychology,17.0,0.04941860465116279,arc-challenge,13.0,0.0377906976744186
1427,597,hellaswag,0.2613065326633166,hellaswag,156,0.2613065326633166,abstract2title,52.0,0.08710217755443886,mmlu-professional-accounting,33.0,0.05527638190954774,mmlu-elementary-mathematics,28.0,0.04690117252931323,mmlu-marketing,25.0,0.04187604690117253
1428,1,chinese_famous_novel,1.0,chinese_famous_novel,1,1.0,,,,,,,,,,,,
1429,351,arc-challenge,0.39316239316239315,arc-challenge,138,0.39316239316239315,mmlu-high-school-macroeconomics,30.0,0.08547008547008547,mmlu-miscellaneous,26.0,0.07407407407407407,mmlu-nutrition,20.0,0.05698005698005698,mmlu-high-school-psychology,16.0,0.045584045584045586
1430,8,mmlu-high-school-european-history,0.5,mmlu-high-school-european-history,4,0.5,hellaswag,1.0,0.125,mmlu-high-school-chemistry,1.0,0.125,mmlu-high-school-us-history,1.0,0.125,mmlu-high-school-world-history,1.0,0.125
1431,10,hellaswag,0.3,hellaswag,3,0.3,consensus_summary,2.0,0.2,abstract2title,1.0,0.1,mbpp,1.0,0.1,mmlu-college-computer-science,1.0,0.1
1432,8,hellaswag,0.25,hellaswag,2,0.25,mmlu-miscellaneous,2.0,0.25,mmlu-clinical-knowledge,1.0,0.125,mmlu-conceptual-physics,1.0,0.125,mmlu-high-school-mathematics,1.0,0.125
1433,800,hellaswag,0.62,hellaswag,496,0.62,mmlu-professional-law,77.0,0.09625,mmlu-security-studies,29.0,0.03625,mmlu-professional-psychology,26.0,0.0325,mmlu-professional-medicine,15.0,0.01875
1434,108,consensus_summary,0.19444444444444445,consensus_summary,21,0.19444444444444445,mmlu-college-chemistry,8.0,0.07407407407407407,mmlu-security-studies,8.0,0.07407407407407407,hellaswag,7.0,0.06481481481481481,mmlu-professional-law,7.0,0.06481481481481481
1436,2317,hellaswag,0.33621061717738454,hellaswag,779,0.33621061717738454,mmlu-professional-law,142.0,0.06128614587829089,winogrande,121.0,0.05222270176952956,mmlu-professional-psychology,98.0,0.04229607250755287,mmlu-professional-accounting,96.0,0.041432887354337505
1437,579,chinese_zodiac,0.4905008635578584,chinese_zodiac,284,0.4905008635578584,winogrande,48.0,0.08290155440414508,hellaswag,40.0,0.0690846286701209,arc-challenge,32.0,0.055267702936096716,Chinese_character_riddles,22.0,0.037996545768566495
1438,157,hellaswag,0.20382165605095542,hellaswag,32,0.20382165605095542,winogrande,21.0,0.1337579617834395,mmlu-high-school-microeconomics,17.0,0.10828025477707007,mmlu-machine-learning,14.0,0.08917197452229299,mmlu-miscellaneous,14.0,0.08917197452229299
1439,12,arc-challenge,0.16666666666666666,arc-challenge,2,0.16666666666666666,hellaswag,2.0,0.16666666666666666,mmlu-college-physics,2.0,0.16666666666666666,mmlu-conceptual-physics,2.0,0.16666666666666666,mmlu-high-school-psychology,1.0,0.08333333333333333
1440,2216,arc-challenge,0.29693140794223827,arc-challenge,658,0.29693140794223827,hellaswag,232.0,0.10469314079422383,mmlu-miscellaneous,110.0,0.04963898916967509,mmlu-prehistory,110.0,0.04963898916967509,mmlu-high-school-biology,98.0,0.04422382671480144
1442,653,hellaswag,0.0781010719754977,hellaswag,51,0.0781010719754977,mmlu-high-school-psychology,39.0,0.05972434915773354,mmlu-professional-psychology,36.0,0.055130168453292494,mmlu-security-studies,28.0,0.042879019908116385,mmlu-sociology,28.0,0.042879019908116385
1444,205,hellaswag,0.44390243902439025,hellaswag,91,0.44390243902439025,mmlu-nutrition,11.0,0.05365853658536585,mmlu-high-school-psychology,9.0,0.04390243902439024,mmlu-miscellaneous,8.0,0.03902439024390244,mmlu-philosophy,8.0,0.03902439024390244
1447,618,hellaswag,0.23462783171521034,hellaswag,145,0.23462783171521034,winogrande,81.0,0.13106796116504854,mmlu-high-school-biology,36.0,0.05825242718446602,mmlu-virology,32.0,0.05177993527508091,mmlu-professional-law,27.0,0.043689320388349516
1449,1,mbpp,1.0,mbpp,1,1.0,,,,,,,,,,,,
1450,6267,grade-school-math,0.9510132439763842,grade-school-math,5960,0.9510132439763842,mbpp,78.0,0.01244614648157013,winogrande,55.0,0.00877612892931227,hellaswag,39.0,0.006223073240785065,mmlu-miscellaneous,33.0,0.005265677357587362
1451,5,hellaswag,0.6,hellaswag,3,0.6,abstract2title,1.0,0.2,consensus_summary,1.0,0.2,,,,,,
1452,40,hellaswag,0.425,hellaswag,17,0.425,arc-challenge,3.0,0.075,mbpp,3.0,0.075,mmlu-miscellaneous,3.0,0.075,mmlu-virology,3.0,0.075
1453,740,mmlu-professional-law,0.27297297297297296,mmlu-professional-law,202,0.27297297297297296,consensus_summary,134.0,0.1810810810810811,hellaswag,101.0,0.13648648648648648,mmlu-professional-accounting,27.0,0.03648648648648649,winogrande,21.0,0.02837837837837838
1454,103,mmlu-prehistory,0.1941747572815534,mmlu-prehistory,20,0.1941747572815534,arc-challenge,19.0,0.18446601941747573,mmlu-high-school-biology,17.0,0.1650485436893204,mmlu-miscellaneous,10.0,0.0970873786407767,hellaswag,6.0,0.05825242718446602
1455,1,mmlu-professional-law,1.0,mmlu-professional-law,1,1.0,,,,,,,,,,,,
1456,100,hellaswag,0.31,hellaswag,31,0.31,abstract2title,9.0,0.09,arc-challenge,8.0,0.08,mmlu-college-medicine,7.0,0.07,mmlu-clinical-knowledge,5.0,0.05
1457,11,abstract2title,1.0,abstract2title,11,1.0,,,,,,,,,,,,
1458,173,mbpp,0.12716763005780346,mbpp,22,0.12716763005780346,hellaswag,19.0,0.10982658959537572,winogrande,19.0,0.10982658959537572,arc-challenge,12.0,0.06936416184971098,mmlu-professional-law,11.0,0.06358381502890173
1459,1250,hellaswag,0.4344,hellaswag,543,0.4344,mmlu-professional-law,69.0,0.0552,winogrande,63.0,0.0504,mmlu-miscellaneous,49.0,0.0392,arc-challenge,34.0,0.0272
1461,1555,hellaswag,0.2077170418006431,hellaswag,323,0.2077170418006431,mmlu-high-school-macroeconomics,236.0,0.1517684887459807,mmlu-professional-accounting,87.0,0.05594855305466238,mmlu-high-school-microeconomics,71.0,0.04565916398713826,mmlu-high-school-psychology,59.0,0.037942122186495175
1462,21,hellaswag,0.42857142857142855,hellaswag,9,0.42857142857142855,mmlu-high-school-macroeconomics,5.0,0.23809523809523808,arc-challenge,1.0,0.047619047619047616,mmlu-clinical-knowledge,1.0,0.047619047619047616,mmlu-electrical-engineering,1.0,0.047619047619047616
1464,15,arc-challenge,0.13333333333333333,arc-challenge,2,0.13333333333333333,bias_detection,2.0,0.13333333333333333,mmlu-moral-scenarios,2.0,0.13333333333333333,accounting_audit,1.0,0.06666666666666667,mmlu-high-school-statistics,1.0,0.06666666666666667
1465,135,hellaswag,0.6444444444444445,hellaswag,87,0.6444444444444445,mmlu-high-school-mathematics,6.0,0.044444444444444446,mmlu-prehistory,5.0,0.037037037037037035,mmlu-miscellaneous,4.0,0.02962962962962963,mmlu-abstract-algebra,3.0,0.022222222222222223
1466,1,mmlu-college-biology,1.0,mmlu-college-biology,1,1.0,,,,,,,,,,,,
1467,28,hellaswag,0.32142857142857145,hellaswag,9,0.32142857142857145,mmlu-professional-law,8.0,0.2857142857142857,mmlu-high-school-biology,3.0,0.10714285714285714,mmlu-marketing,3.0,0.10714285714285714,arc-challenge,1.0,0.03571428571428571
1468,8,mmlu-high-school-geography,0.375,mmlu-high-school-geography,3,0.375,arc-challenge,1.0,0.125,consensus_summary,1.0,0.125,hellaswag,1.0,0.125,mbpp,1.0,0.125
1470,28,abstract2title,0.39285714285714285,abstract2title,11,0.39285714285714285,consensus_summary,8.0,0.2857142857142857,mmlu-high-school-european-history,2.0,0.07142857142857142,mbpp,1.0,0.03571428571428571,mmlu-abstract-algebra,1.0,0.03571428571428571
1471,1,consensus_summary,1.0,consensus_summary,1,1.0,,,,,,,,,,,,
1472,86,mmlu-high-school-world-history,0.1511627906976744,mmlu-high-school-world-history,13,0.1511627906976744,mmlu-high-school-european-history,11.0,0.12790697674418605,hellaswag,7.0,0.08139534883720931,mmlu-high-school-us-history,7.0,0.08139534883720931,consensus_summary,6.0,0.06976744186046512
1473,6,hellaswag,0.16666666666666666,hellaswag,1,0.16666666666666666,mmlu-college-mathematics,1.0,0.16666666666666666,mmlu-conceptual-physics,1.0,0.16666666666666666,mmlu-high-school-psychology,1.0,0.16666666666666666,mmlu-human-sexuality,1.0,0.16666666666666666
1474,2,mmlu-professional-law,1.0,mmlu-professional-law,2,1.0,,,,,,,,,,,,
1475,44,consensus_summary,0.22727272727272727,consensus_summary,10,0.22727272727272727,mmlu-high-school-european-history,10.0,0.22727272727272727,hellaswag,7.0,0.1590909090909091,mmlu-high-school-world-history,5.0,0.11363636363636363,mmlu-professional-law,3.0,0.06818181818181818
1476,1140,hellaswag,0.2964912280701754,hellaswag,338,0.2964912280701754,chinese_zodiac,284.0,0.24912280701754386,mmlu-professional-psychology,43.0,0.037719298245614034,mmlu-human-aging,36.0,0.031578947368421054,mmlu-marketing,34.0,0.02982456140350877
1477,68,hellaswag,0.25,hellaswag,17,0.25,consensus_summary,8.0,0.11764705882352941,mmlu-high-school-world-history,8.0,0.11764705882352941,mmlu-professional-law,7.0,0.10294117647058823,abstract2title,6.0,0.08823529411764706
1478,1217,hellaswag,0.38044371405094496,hellaswag,463,0.38044371405094496,mmlu-professional-law,95.0,0.0780608052588332,mmlu-world-religions,56.0,0.04601479046836483,mmlu-high-school-world-history,51.0,0.0419063270336894,mmlu-high-school-european-history,49.0,0.04026294165981923
1479,271,mmlu-professional-law,0.2915129151291513,mmlu-professional-law,79,0.2915129151291513,hellaswag,74.0,0.2730627306273063,winogrande,13.0,0.04797047970479705,arc-challenge,10.0,0.03690036900369004,mmlu-high-school-physics,8.0,0.02952029520295203
1481,185,hellaswag,0.772972972972973,hellaswag,143,0.772972972972973,arc-challenge,15.0,0.08108108108108109,mmlu-high-school-biology,5.0,0.02702702702702703,mmlu-security-studies,3.0,0.016216216216216217,mmlu-college-biology,2.0,0.010810810810810811
1483,1677,hellaswag,0.12462731067382231,hellaswag,209,0.12462731067382231,mmlu-professional-law,148.0,0.08825283243887895,mmlu-high-school-world-history,143.0,0.08527131782945736,mmlu-philosophy,133.0,0.07930828861061419,mmlu-high-school-european-history,112.0,0.06678592725104353
1484,2184,hellaswag,0.3882783882783883,hellaswag,848,0.3882783882783883,mmlu-professional-law,436.0,0.19963369963369965,winogrande,89.0,0.04075091575091575,mmlu-miscellaneous,68.0,0.031135531135531136,arc-challenge,57.0,0.0260989010989011
1489,17,winogrande,0.23529411764705882,winogrande,4,0.23529411764705882,hellaswag,3.0,0.17647058823529413,mmlu-professional-accounting,2.0,0.11764705882352941,arc-challenge,1.0,0.058823529411764705,mmlu-clinical-knowledge,1.0,0.058823529411764705
1490,181,hellaswag,0.292817679558011,hellaswag,53,0.292817679558011,mmlu-high-school-us-history,18.0,0.09944751381215469,mbpp,17.0,0.09392265193370165,mmlu-prehistory,14.0,0.07734806629834254,mmlu-high-school-world-history,12.0,0.06629834254143646
1491,604,mbpp,0.3543046357615894,mbpp,214,0.3543046357615894,mmlu-elementary-mathematics,85.0,0.14072847682119205,hellaswag,58.0,0.09602649006622517,mmlu-high-school-mathematics,41.0,0.06788079470198675,mmlu-high-school-computer-science,40.0,0.06622516556291391
1492,1,hellaswag,1.0,hellaswag,1,1.0,,,,,,,,,,,,
1493,884,hellaswag,0.3009049773755656,hellaswag,266,0.3009049773755656,mmlu-professional-law,152.0,0.17194570135746606,consensus_summary,47.0,0.053167420814479636,mmlu-virology,40.0,0.04524886877828054,mmlu-security-studies,37.0,0.0418552036199095
1494,1930,hellaswag,0.6435233160621762,hellaswag,1242,0.6435233160621762,arc-challenge,154.0,0.07979274611398963,mmlu-high-school-psychology,56.0,0.029015544041450778,winogrande,42.0,0.021761658031088083,mmlu-miscellaneous,40.0,0.02072538860103627
1495,5961,grade-school-math,0.999832242912263,grade-school-math,5960,0.999832242912263,mtbench-math,1.0,0.00016775708773695687,,,,,,,,,
1496,28,hellaswag,0.21428571428571427,hellaswag,6,0.21428571428571427,abstract2title,4.0,0.14285714285714285,winogrande,3.0,0.10714285714285714,arc-challenge,2.0,0.07142857142857142,mmlu-conceptual-physics,2.0,0.07142857142857142
1497,2067,hellaswag,0.2447992259313014,hellaswag,506,0.2447992259313014,mmlu-high-school-psychology,174.0,0.0841799709724238,arc-challenge,136.0,0.06579583938074504,mmlu-professional-psychology,120.0,0.05805515239477504,mmlu-marketing,75.0,0.036284470246734396
1498,3,mmlu-high-school-us-history,0.6666666666666666,mmlu-high-school-us-history,2,0.6666666666666666,mbpp,1.0,0.3333333333333333,,,,,,,,,
1499,5187,winogrande,0.19144013880855987,winogrande,993,0.19144013880855987,hellaswag,722.0,0.1391941391941392,mmlu-moral-scenarios,663.0,0.12781954887218044,mmlu-miscellaneous,317.0,0.06111432427221901,arc-challenge,307.0,0.05918642760748024
1501,128,hellaswag,0.1953125,hellaswag,25,0.1953125,mmlu-miscellaneous,10.0,0.078125,mmlu-virology,9.0,0.0703125,arc-challenge,8.0,0.0625,mmlu-high-school-geography,8.0,0.0625
1502,467,hellaswag,0.7837259100642399,hellaswag,366,0.7837259100642399,arc-challenge,42.0,0.08993576017130621,winogrande,13.0,0.027837259100642397,mmlu-conceptual-physics,10.0,0.021413276231263382,mmlu-high-school-physics,8.0,0.017130620985010708
1504,834,mmlu-moral-scenarios,0.7949640287769785,mmlu-moral-scenarios,663,0.7949640287769785,hellaswag,26.0,0.03117505995203837,mmlu-professional-law,25.0,0.02997601918465228,mmlu-moral-disputes,13.0,0.015587529976019185,mmlu-miscellaneous,10.0,0.011990407673860911
1507,4,consensus_summary,0.5,consensus_summary,2,0.5,hellaswag,1.0,0.25,mmlu-high-school-mathematics,1.0,0.25,,,,,,
1508,47,hellaswag,0.2765957446808511,hellaswag,13,0.2765957446808511,mmlu-high-school-psychology,9.0,0.19148936170212766,mmlu-human-sexuality,5.0,0.10638297872340426,arc-challenge,3.0,0.06382978723404255,mmlu-professional-psychology,3.0,0.06382978723404255
1509,54,hellaswag,0.8703703703703703,hellaswag,47,0.8703703703703703,mmlu-human-aging,2.0,0.037037037037037035,mmlu-professional-psychology,2.0,0.037037037037037035,mmlu-management,1.0,0.018518518518518517,mmlu-nutrition,1.0,0.018518518518518517
1510,477,mmlu-moral-scenarios,0.9014675052410901,mmlu-moral-scenarios,430,0.9014675052410901,hellaswag,12.0,0.025157232704402517,mmlu-professional-law,7.0,0.014675052410901468,mmlu-moral-disputes,4.0,0.008385744234800839,mbpp,2.0,0.0041928721174004195
1511,1330,hellaswag,0.337593984962406,hellaswag,449,0.337593984962406,abstract2title,203.0,0.15263157894736842,winogrande,120.0,0.09022556390977443,arc-challenge,87.0,0.06541353383458647,mmlu-professional-law,65.0,0.04887218045112782
1514,195,hellaswag,0.5948717948717949,hellaswag,116,0.5948717948717949,abstract2title,9.0,0.046153846153846156,mmlu-virology,9.0,0.046153846153846156,consensus_summary,8.0,0.041025641025641026,mmlu-miscellaneous,8.0,0.041025641025641026
1515,1671,hellaswag,0.4614003590664273,hellaswag,771,0.4614003590664273,arc-challenge,163.0,0.09754637941352484,winogrande,134.0,0.08019150209455415,mmlu-high-school-macroeconomics,80.0,0.047875523638539794,mmlu-conceptual-physics,48.0,0.02872531418312388
1516,18,hellaswag,0.5555555555555556,hellaswag,10,0.5555555555555556,consensus_summary,2.0,0.1111111111111111,abstract2title,1.0,0.05555555555555555,arc-challenge,1.0,0.05555555555555555,mmlu-college-chemistry,1.0,0.05555555555555555
1518,72,mbpp,0.20833333333333334,mbpp,15,0.20833333333333334,hellaswag,13.0,0.18055555555555555,consensus_summary,12.0,0.16666666666666666,mmlu-miscellaneous,10.0,0.1388888888888889,mmlu-high-school-biology,4.0,0.05555555555555555
1520,39,hellaswag,0.41025641025641024,hellaswag,16,0.41025641025641024,winogrande,9.0,0.23076923076923078,mmlu-high-school-psychology,4.0,0.10256410256410256,mmlu-professional-law,3.0,0.07692307692307693,Chinese_character_riddles,1.0,0.02564102564102564
1521,2,consensus_summary,0.5,consensus_summary,1,0.5,mmlu-electrical-engineering,1.0,0.5,,,,,,,,,
1523,896,mmlu-moral-scenarios,0.21875,mmlu-moral-scenarios,196,0.21875,hellaswag,192.0,0.21428571428571427,mmlu-professional-law,136.0,0.15178571428571427,winogrande,99.0,0.11049107142857142,mmlu-professional-accounting,52.0,0.05803571428571429
1525,309,hellaswag,0.7087378640776699,hellaswag,219,0.7087378640776699,winogrande,16.0,0.05177993527508091,mmlu-professional-law,11.0,0.03559870550161812,mmlu-miscellaneous,8.0,0.025889967637540454,arc-challenge,6.0,0.019417475728155338
1527,2,consensus_summary,1.0,consensus_summary,2,1.0,,,,,,,,,,,,
1529,59,hellaswag,0.6779661016949152,hellaswag,40,0.6779661016949152,winogrande,6.0,0.1016949152542373,mmlu-econometrics,3.0,0.05084745762711865,mmlu-machine-learning,2.0,0.03389830508474576,mtbench,2.0,0.03389830508474576
1531,2221,hellaswag,0.48626744709590275,hellaswag,1080,0.48626744709590275,winogrande,88.0,0.03962179198559208,arc-challenge,74.0,0.033318325078793336,mmlu-nutrition,70.0,0.0315173345339937,consensus_summary,66.0,0.029716343989194056
1533,185,hellaswag,0.16216216216216217,hellaswag,30,0.16216216216216217,mmlu-world-religions,23.0,0.12432432432432433,mmlu-high-school-geography,16.0,0.08648648648648649,mmlu-professional-law,16.0,0.08648648648648649,arc-challenge,10.0,0.05405405405405406
1535,253,mmlu-professional-law,0.8023715415019763,mmlu-professional-law,203,0.8023715415019763,hellaswag,33.0,0.13043478260869565,consensus_summary,4.0,0.015810276679841896,mmlu-high-school-world-history,4.0,0.015810276679841896,mmlu-high-school-european-history,2.0,0.007905138339920948
1537,8,abstract2title,0.625,abstract2title,5,0.625,hellaswag,2.0,0.25,mmlu-philosophy,1.0,0.125,,,,,,
1538,23,hellaswag,0.9130434782608695,hellaswag,21,0.9130434782608695,mbpp,1.0,0.043478260869565216,mmlu-miscellaneous,1.0,0.043478260869565216,,,,,,
1539,286,winogrande,0.11538461538461539,winogrande,33,0.11538461538461539,hellaswag,31.0,0.10839160839160839,mmlu-marketing,19.0,0.06643356643356643,Chinese_character_riddles,18.0,0.06293706293706294,mmlu-world-religions,17.0,0.05944055944055944
1540,535,mbpp,0.4523364485981308,mbpp,242,0.4523364485981308,hellaswag,167.0,0.3121495327102804,arc-challenge,26.0,0.048598130841121495,mmlu-electrical-engineering,13.0,0.024299065420560748,winogrande,13.0,0.024299065420560748
1541,35,hellaswag,0.5142857142857142,hellaswag,18,0.5142857142857142,arc-challenge,4.0,0.11428571428571428,consensus_summary,3.0,0.08571428571428572,mmlu-miscellaneous,2.0,0.05714285714285714,mtbench,2.0,0.05714285714285714
1542,2279,hellaswag,0.5340061430451952,hellaswag,1217,0.5340061430451952,mbpp,130.0,0.05704256252742431,arc-challenge,85.0,0.03729706011408512,mmlu-professional-psychology,85.0,0.03729706011408512,winogrande,82.0,0.035980693286529176
1543,67,hellaswag,0.3582089552238806,hellaswag,24,0.3582089552238806,mmlu-world-religions,10.0,0.14925373134328357,winogrande,8.0,0.11940298507462686,mbpp,6.0,0.08955223880597014,mmlu-high-school-world-history,6.0,0.08955223880597014
1544,365,hellaswag,0.10410958904109589,hellaswag,38,0.10410958904109589,mmlu-formal-logic,32.0,0.08767123287671233,mmlu-econometrics,24.0,0.06575342465753424,mbpp,21.0,0.057534246575342465,mmlu-machine-learning,19.0,0.052054794520547946
1545,33,hellaswag,0.36363636363636365,hellaswag,12,0.36363636363636365,mbpp,11.0,0.3333333333333333,winogrande,5.0,0.15151515151515152,mmlu-elementary-mathematics,2.0,0.06060606060606061,consensus_summary,1.0,0.030303030303030304
1547,1324,hellaswag,0.4637462235649547,hellaswag,614,0.4637462235649547,mmlu-security-studies,60.0,0.045317220543806644,mmlu-professional-law,53.0,0.04003021148036254,arc-challenge,49.0,0.03700906344410876,mmlu-computer-security,48.0,0.03625377643504532
1549,7,mmlu-miscellaneous,0.42857142857142855,mmlu-miscellaneous,3,0.42857142857142855,mmlu-high-school-mathematics,2.0,0.2857142857142857,mmlu-college-physics,1.0,0.14285714285714285,mmlu-high-school-chemistry,1.0,0.14285714285714285,,,
1550,1288,hellaswag,0.3687888198757764,hellaswag,475,0.3687888198757764,bias_detection,93.0,0.07220496894409938,mmlu-professional-medicine,80.0,0.062111801242236024,arc-challenge,74.0,0.05745341614906832,mmlu-miscellaneous,36.0,0.027950310559006212
1551,4,consensus_summary,1.0,consensus_summary,4,1.0,,,,,,,,,,,,
1552,201,hellaswag,0.5024875621890548,hellaswag,101,0.5024875621890548,mmlu-nutrition,11.0,0.05472636815920398,mmlu-high-school-microeconomics,8.0,0.03980099502487562,mmlu-miscellaneous,8.0,0.03980099502487562,arc-challenge,7.0,0.03482587064676617
1554,9,mmlu-high-school-us-history,0.3333333333333333,mmlu-high-school-us-history,3,0.3333333333333333,mbpp,2.0,0.2222222222222222,mmlu-high-school-world-history,2.0,0.2222222222222222,hellaswag,1.0,0.1111111111111111,mmlu-econometrics,1.0,0.1111111111111111
1555,127,mmlu-professional-law,0.5433070866141733,mmlu-professional-law,69,0.5433070866141733,hellaswag,42.0,0.33070866141732286,arc-challenge,4.0,0.031496062992125984,mmlu-sociology,2.0,0.015748031496062992,mmlu-college-biology,1.0,0.007874015748031496
1556,3159,hellaswag,0.3355492244381133,hellaswag,1060,0.3355492244381133,arc-challenge,299.0,0.09465020576131687,mmlu-high-school-psychology,222.0,0.07027540360873694,mmlu-professional-psychology,148.0,0.0468502690724913,mmlu-miscellaneous,93.0,0.029439696106362774
1557,1071,chinese_zodiac,0.26517273576097106,chinese_zodiac,284,0.26517273576097106,hellaswag,261.0,0.24369747899159663,mmlu-miscellaneous,35.0,0.032679738562091505,winogrande,34.0,0.031746031746031744,mmlu-high-school-world-history,27.0,0.025210084033613446
1560,62,winogrande,0.27419354838709675,winogrande,17,0.27419354838709675,hellaswag,16.0,0.25806451612903225,mmlu-professional-medicine,8.0,0.12903225806451613,mmlu-clinical-knowledge,5.0,0.08064516129032258,mmlu-formal-logic,3.0,0.04838709677419355
1561,451,hellaswag,0.3303769401330377,hellaswag,149,0.3303769401330377,mmlu-professional-law,138.0,0.30598669623059865,winogrande,61.0,0.1352549889135255,arc-challenge,15.0,0.03325942350332594,mmlu-conceptual-physics,7.0,0.015521064301552107
1562,111,hellaswag,0.5765765765765766,hellaswag,64,0.5765765765765766,winogrande,13.0,0.11711711711711711,arc-challenge,9.0,0.08108108108108109,mmlu-miscellaneous,4.0,0.036036036036036036,mmlu-high-school-biology,3.0,0.02702702702702703
1563,136,consensus_summary,0.3161764705882353,consensus_summary,43,0.3161764705882353,mmlu-professional-law,14.0,0.10294117647058823,chinese_famous_novel,8.0,0.058823529411764705,mmlu-high-school-psychology,8.0,0.058823529411764705,mmlu-professional-psychology,8.0,0.058823529411764705
1564,38,winogrande,0.42105263157894735,winogrande,16,0.42105263157894735,hellaswag,8.0,0.21052631578947367,mmlu-professional-law,3.0,0.07894736842105263,mmlu-astronomy,2.0,0.05263157894736842,mmlu-high-school-psychology,2.0,0.05263157894736842
1565,61,hellaswag,0.47540983606557374,hellaswag,29,0.47540983606557374,mmlu-miscellaneous,8.0,0.13114754098360656,mmlu-clinical-knowledge,4.0,0.06557377049180328,mmlu-college-medicine,4.0,0.06557377049180328,mmlu-anatomy,2.0,0.03278688524590164
1566,400,hellaswag,0.1825,hellaswag,73,0.1825,abstract2title,47.0,0.1175,mmlu-professional-law,43.0,0.1075,mmlu-high-school-chemistry,31.0,0.0775,arc-challenge,28.0,0.07
1567,459,hellaswag,0.5337690631808278,hellaswag,245,0.5337690631808278,mbpp,21.0,0.0457516339869281,winogrande,20.0,0.04357298474945534,consensus_summary,17.0,0.037037037037037035,mmlu-professional-law,16.0,0.034858387799564274
1568,38,hellaswag,0.7368421052631579,hellaswag,28,0.7368421052631579,consensus_summary,3.0,0.07894736842105263,mmlu-high-school-mathematics,2.0,0.05263157894736842,mmlu-high-school-us-history,2.0,0.05263157894736842,mmlu-computer-security,1.0,0.02631578947368421
1570,512,hellaswag,0.58984375,hellaswag,302,0.58984375,mbpp,38.0,0.07421875,mmlu-high-school-computer-science,18.0,0.03515625,mmlu-computer-security,17.0,0.033203125,mmlu-college-computer-science,13.0,0.025390625
1571,57,hellaswag,0.7368421052631579,hellaswag,42,0.7368421052631579,mmlu-human-aging,3.0,0.05263157894736842,mmlu-professional-medicine,3.0,0.05263157894736842,mbpp,2.0,0.03508771929824561,consensus_summary,1.0,0.017543859649122806
1572,558,hellaswag,0.3996415770609319,hellaswag,223,0.3996415770609319,arc-challenge,46.0,0.08243727598566308,mmlu-high-school-statistics,39.0,0.06989247311827956,mmlu-professional-law,19.0,0.034050179211469536,mmlu-professional-accounting,16.0,0.02867383512544803
1573,174,mbpp,0.47701149425287354,mbpp,83,0.47701149425287354,hellaswag,27.0,0.15517241379310345,mmlu-high-school-computer-science,9.0,0.05172413793103448,mmlu-high-school-mathematics,8.0,0.04597701149425287,mmlu-elementary-mathematics,7.0,0.040229885057471264
1574,63,mmlu-machine-learning,0.4444444444444444,mmlu-machine-learning,28,0.4444444444444444,mmlu-econometrics,10.0,0.15873015873015872,mmlu-high-school-statistics,4.0,0.06349206349206349,mmlu-electrical-engineering,3.0,0.047619047619047616,mmlu-high-school-physics,3.0,0.047619047619047616
1576,1,hellaswag,1.0,hellaswag,1,1.0,,,,,,,,,,,,
1578,272,hellaswag,0.6139705882352942,hellaswag,167,0.6139705882352942,consensus_summary,30.0,0.11029411764705882,mbpp,11.0,0.04044117647058824,mmlu-clinical-knowledge,11.0,0.04044117647058824,mmlu-professional-medicine,7.0,0.025735294117647058
1579,152,hellaswag,0.26973684210526316,hellaswag,41,0.26973684210526316,mmlu-high-school-psychology,20.0,0.13157894736842105,mmlu-professional-psychology,18.0,0.11842105263157894,mmlu-professional-accounting,17.0,0.1118421052631579,mmlu-marketing,11.0,0.07236842105263158
1580,3,abstract2title,1.0,abstract2title,3,1.0,,,,,,,,,,,,
1581,7,abstract2title,0.5714285714285714,abstract2title,4,0.5714285714285714,hellaswag,2.0,0.2857142857142857,mmlu-medical-genetics,1.0,0.14285714285714285,,,,,,
1582,81,Chinese_character_riddles,0.1728395061728395,Chinese_character_riddles,14,0.1728395061728395,chinese_famous_novel,8.0,0.09876543209876543,mmlu-high-school-european-history,6.0,0.07407407407407407,chinese_hard_translations,5.0,0.06172839506172839,mmlu-abstract-algebra,5.0,0.06172839506172839
1583,98,abstract2title,1.0,abstract2title,98,1.0,,,,,,,,,,,,
1584,652,hellaswag,0.5076687116564417,hellaswag,331,0.5076687116564417,mbpp,49.0,0.07515337423312883,mmlu-professional-law,41.0,0.06288343558282208,arc-challenge,31.0,0.04754601226993865,mmlu-conceptual-physics,17.0,0.02607361963190184
1587,4,consensus_summary,0.75,consensus_summary,3,0.75,mbpp,1.0,0.25,,,,,,,,,
1588,594,hellaswag,0.3552188552188552,hellaswag,211,0.3552188552188552,abstract2title,89.0,0.14983164983164984,mmlu-professional-law,41.0,0.06902356902356903,mmlu-high-school-us-history,25.0,0.04208754208754209,mmlu-miscellaneous,24.0,0.04040404040404041
1589,75,hellaswag,0.72,hellaswag,54,0.72,consensus_summary,9.0,0.12,mmlu-econometrics,2.0,0.02666666666666667,mmlu-professional-law,2.0,0.02666666666666667,abstract2title,1.0,0.013333333333333334
1590,7523,hellaswag,0.32114847800079754,hellaswag,2416,0.32114847800079754,winogrande,650.0,0.08640170144889008,arc-challenge,623.0,0.08281270769639772,mmlu-moral-scenarios,482.0,0.0640701847667154,mmlu-miscellaneous,358.0,0.04758739864415792
1591,730,hellaswag,0.5068493150684932,hellaswag,370,0.5068493150684932,mmlu-security-studies,42.0,0.057534246575342465,mmlu-high-school-world-history,27.0,0.036986301369863014,mmlu-professional-law,24.0,0.03287671232876712,mmlu-high-school-psychology,19.0,0.026027397260273973
1592,450,arc-challenge,0.23777777777777778,arc-challenge,107,0.23777777777777778,mmlu-high-school-chemistry,41.0,0.09111111111111111,mmlu-high-school-macroeconomics,40.0,0.08888888888888889,mmlu-high-school-microeconomics,31.0,0.06888888888888889,mmlu-econometrics,22.0,0.04888888888888889
1594,2,hellaswag,1.0,hellaswag,2,1.0,,,,,,,,,,,,
1595,2,mmlu-business-ethics,0.5,mmlu-business-ethics,1,0.5,mmlu-philosophy,1.0,0.5,,,,,,,,,
1598,35,chinese_tang_poetries,0.17142857142857143,chinese_tang_poetries,6,0.17142857142857143,chinese_ancient_poetry,3.0,0.08571428571428572,chinese_famous_novel,3.0,0.08571428571428572,hellaswag,3.0,0.08571428571428572,mmlu-elementary-mathematics,3.0,0.08571428571428572
1600,97,hellaswag,0.29896907216494845,hellaswag,29,0.29896907216494845,mbpp,24.0,0.24742268041237114,mmlu-professional-law,10.0,0.10309278350515463,arc-challenge,6.0,0.061855670103092786,mmlu-conceptual-physics,5.0,0.05154639175257732
1601,10,hellaswag,0.5,hellaswag,5,0.5,arc-challenge,1.0,0.1,mmlu-conceptual-physics,1.0,0.1,mmlu-high-school-macroeconomics,1.0,0.1,mmlu-high-school-microeconomics,1.0,0.1
1603,2,abstract2title,0.5,abstract2title,1,0.5,hellaswag,1.0,0.5,,,,,,,,,
1604,636,winogrande,0.1761006289308176,winogrande,112,0.1761006289308176,mmlu-moral-scenarios,74.0,0.11635220125786164,arc-challenge,70.0,0.11006289308176101,mmlu-clinical-knowledge,38.0,0.059748427672955975,mmlu-logical-fallacies,34.0,0.05345911949685535
1607,1557,mmlu-professional-law,0.1123956326268465,mmlu-professional-law,175,0.1123956326268465,hellaswag,155.0,0.09955041746949261,mmlu-high-school-government-and-politics,77.0,0.04945407835581246,mmlu-security-studies,76.0,0.048811817597944764,mmlu-high-school-macroeconomics,75.0,0.04816955684007707
1609,605,chinese_zodiac,0.46942148760330576,chinese_zodiac,284,0.46942148760330576,hellaswag,78.0,0.12892561983471074,mbpp,23.0,0.03801652892561983,mmlu-abstract-algebra,20.0,0.03305785123966942,mmlu-philosophy,20.0,0.03305785123966942
1610,5,abstract2title,0.4,abstract2title,2,0.4,consensus_summary,1.0,0.2,hellaswag,1.0,0.2,mmlu-high-school-chemistry,1.0,0.2,,,
1612,3,hellaswag,0.3333333333333333,hellaswag,1,0.3333333333333333,mmlu-international-law,1.0,0.3333333333333333,mmlu-miscellaneous,1.0,0.3333333333333333,,,,,,
1613,24,hellaswag,0.875,hellaswag,21,0.875,mbpp,1.0,0.041666666666666664,mmlu-high-school-macroeconomics,1.0,0.041666666666666664,mmlu-professional-law,1.0,0.041666666666666664,,,
1614,1,mmlu-college-mathematics,1.0,mmlu-college-mathematics,1,1.0,,,,,,,,,,,,
1616,173,hellaswag,0.791907514450867,hellaswag,137,0.791907514450867,winogrande,10.0,0.057803468208092484,arc-challenge,5.0,0.028901734104046242,mmlu-professional-law,4.0,0.023121387283236993,mmlu-conceptual-physics,3.0,0.017341040462427744
1617,875,hellaswag,0.17485714285714285,hellaswag,153,0.17485714285714285,bias_detection,133.0,0.152,mmlu-professional-law,80.0,0.09142857142857143,arc-challenge,61.0,0.06971428571428571,winogrande,46.0,0.052571428571428575
1619,1420,winogrande,0.4936619718309859,winogrande,701,0.4936619718309859,mmlu-professional-law,164.0,0.11549295774647887,hellaswag,157.0,0.11056338028169015,mmlu-professional-psychology,39.0,0.027464788732394368,mmlu-miscellaneous,34.0,0.023943661971830985
1621,4,arc-challenge,0.25,arc-challenge,1,0.25,hellaswag,1.0,0.25,mmlu-elementary-mathematics,1.0,0.25,mmlu-miscellaneous,1.0,0.25,,,
1622,51,hellaswag,0.45098039215686275,hellaswag,23,0.45098039215686275,mmlu-professional-law,5.0,0.09803921568627451,consensus_summary,3.0,0.058823529411764705,mmlu-high-school-chemistry,3.0,0.058823529411764705,mmlu-high-school-us-history,3.0,0.058823529411764705
1624,991,hellaswag,0.6508577194752775,hellaswag,645,0.6508577194752775,mmlu-miscellaneous,35.0,0.035317860746720484,arc-challenge,32.0,0.03229061553985873,mmlu-professional-law,22.0,0.022199798183652877,mmlu-high-school-biology,20.0,0.020181634712411706
1626,473,mmlu-philosophy,0.1543340380549683,mmlu-philosophy,73,0.1543340380549683,mmlu-logical-fallacies,55.0,0.11627906976744186,mmlu-moral-disputes,50.0,0.10570824524312897,arc-challenge,28.0,0.05919661733615222,mmlu-high-school-macroeconomics,26.0,0.05496828752642706
1627,507,mmlu-sociology,0.07692307692307693,mmlu-sociology,39,0.07692307692307693,mmlu-miscellaneous,38.0,0.07495069033530571,mmlu-prehistory,37.0,0.07297830374753451,mmlu-human-sexuality,33.0,0.0650887573964497,mmlu-professional-psychology,30.0,0.05917159763313609
1628,1026,hellaswag,0.550682261208577,hellaswag,565,0.550682261208577,arc-challenge,84.0,0.08187134502923976,mmlu-nutrition,38.0,0.037037037037037035,mmlu-miscellaneous,32.0,0.031189083820662766,mmlu-professional-medicine,25.0,0.024366471734892786
1629,20,hellaswag,0.3,hellaswag,6,0.3,mmlu-high-school-psychology,4.0,0.2,mmlu-professional-psychology,3.0,0.15,consensus_summary,2.0,0.1,mmlu-clinical-knowledge,1.0,0.05
1630,5,mmlu-miscellaneous,0.4,mmlu-miscellaneous,2,0.4,abstract2title,1.0,0.2,hellaswag,1.0,0.2,mmlu-professional-law,1.0,0.2,,,
1631,1,mmlu-professional-law,1.0,mmlu-professional-law,1,1.0,,,,,,,,,,,,
1632,2082,arc-challenge,0.0941402497598463,arc-challenge,196,0.0941402497598463,winogrande,166.0,0.07973102785782901,mmlu-miscellaneous,144.0,0.069164265129683,mmlu-high-school-macroeconomics,115.0,0.05523535062439962,mmlu-security-studies,112.0,0.053794428434197884
1633,488,hellaswag,0.375,hellaswag,183,0.375,mmlu-professional-law,77.0,0.15778688524590165,mmlu-high-school-chemistry,56.0,0.11475409836065574,arc-challenge,53.0,0.10860655737704918,winogrande,20.0,0.040983606557377046
1634,3,mmlu-high-school-us-history,1.0,mmlu-high-school-us-history,3,1.0,,,,,,,,,,,,
1636,2,mmlu-elementary-mathematics,0.5,mmlu-elementary-mathematics,1,0.5,mmlu-high-school-mathematics,1.0,0.5,,,,,,,,,
1637,210,mmlu-marketing,0.20476190476190476,mmlu-marketing,43,0.20476190476190476,mmlu-high-school-microeconomics,19.0,0.09047619047619047,hellaswag,16.0,0.0761904761904762,mmlu-professional-psychology,16.0,0.0761904761904762,mmlu-high-school-macroeconomics,13.0,0.06190476190476191
1639,908,hellaswag,0.8524229074889867,hellaswag,774,0.8524229074889867,arc-challenge,65.0,0.07158590308370044,winogrande,25.0,0.02753303964757709,mmlu-clinical-knowledge,6.0,0.006607929515418502,chinese_tang_poetries,5.0,0.005506607929515419
1640,1960,hellaswag,0.30714285714285716,hellaswag,602,0.30714285714285716,mmlu-professional-law,175.0,0.08928571428571429,mmlu-marketing,145.0,0.07397959183673469,mmlu-high-school-microeconomics,119.0,0.060714285714285714,mmlu-miscellaneous,101.0,0.05153061224489796
1641,202,hellaswag,0.698019801980198,hellaswag,141,0.698019801980198,abstract2title,20.0,0.09900990099009901,mmlu-professional-medicine,7.0,0.034653465346534656,mmlu-miscellaneous,5.0,0.024752475247524754,mbpp,4.0,0.019801980198019802
1642,34,hellaswag,0.29411764705882354,hellaswag,10,0.29411764705882354,mmlu-marketing,8.0,0.23529411764705882,mmlu-elementary-mathematics,3.0,0.08823529411764706,mmlu-anatomy,2.0,0.058823529411764705,mmlu-miscellaneous,2.0,0.058823529411764705
1643,25,chinese_famous_novel,0.36,chinese_famous_novel,9,0.36,chinese_shi_jing,6.0,0.24,chinese_modern_poem_identification,5.0,0.2,chinese_chu_ci,2.0,0.08,chinese_homonym,2.0,0.08
1645,2240,arc-challenge,0.14330357142857142,arc-challenge,321,0.14330357142857142,hellaswag,210.0,0.09375,mmlu-miscellaneous,124.0,0.055357142857142855,mmlu-professional-law,123.0,0.054910714285714285,mmlu-high-school-biology,100.0,0.044642857142857144
1646,96,mmlu-econometrics,0.10416666666666667,mmlu-econometrics,10,0.10416666666666667,mmlu-machine-learning,9.0,0.09375,mmlu-professional-accounting,7.0,0.07291666666666667,mmlu-professional-law,7.0,0.07291666666666667,hellaswag,6.0,0.0625
1648,477,hellaswag,0.4339622641509434,hellaswag,207,0.4339622641509434,winogrande,76.0,0.15932914046121593,consensus_summary,30.0,0.06289308176100629,mmlu-high-school-psychology,24.0,0.050314465408805034,mmlu-human-sexuality,21.0,0.0440251572327044
1650,919,hellaswag,0.18063112078346028,hellaswag,166,0.18063112078346028,bias_detection,122.0,0.13275299238302501,mmlu-moral-scenarios,105.0,0.11425462459194777,winogrande,53.0,0.05767138193688792,mmlu-marketing,52.0,0.056583242655059846
1651,1,mmlu-professional-law,1.0,mmlu-professional-law,1,1.0,,,,,,,,,,,,
1652,534,hellaswag,0.26217228464419473,hellaswag,140,0.26217228464419473,arc-challenge,41.0,0.07677902621722846,Chinese_character_riddles,22.0,0.04119850187265917,mmlu-high-school-world-history,19.0,0.035580524344569285,chinese_homonym,16.0,0.0299625468164794
1654,150,abstract2title,0.24666666666666667,abstract2title,37,0.24666666666666667,hellaswag,19.0,0.12666666666666668,mmlu-high-school-psychology,15.0,0.1,consensus_summary,7.0,0.04666666666666667,mmlu-electrical-engineering,6.0,0.04
1655,67,winogrande,0.373134328358209,winogrande,25,0.373134328358209,mmlu-miscellaneous,10.0,0.14925373134328357,mmlu-prehistory,10.0,0.14925373134328357,mmlu-professional-psychology,4.0,0.05970149253731343,mmlu-sociology,4.0,0.05970149253731343
1656,410,hellaswag,0.6926829268292682,hellaswag,284,0.6926829268292682,consensus_summary,18.0,0.04390243902439024,mmlu-security-studies,12.0,0.02926829268292683,winogrande,9.0,0.02195121951219512,mmlu-high-school-european-history,6.0,0.014634146341463415
1657,409,hellaswag,0.4034229828850856,hellaswag,165,0.4034229828850856,mmlu-security-studies,67.0,0.16381418092909536,consensus_summary,17.0,0.04156479217603912,mmlu-high-school-psychology,17.0,0.04156479217603912,mmlu-professional-law,15.0,0.03667481662591687
1659,95,mbpp,0.7368421052631579,mbpp,70,0.7368421052631579,mmlu-high-school-computer-science,7.0,0.07368421052631578,arc-challenge,3.0,0.031578947368421054,mmlu-machine-learning,3.0,0.031578947368421054,mmlu-college-computer-science,2.0,0.021052631578947368
1661,1152,mmlu-moral-scenarios,0.5668402777777778,mmlu-moral-scenarios,653,0.5668402777777778,mmlu-professional-psychology,73.0,0.06336805555555555,hellaswag,61.0,0.05295138888888889,mmlu-high-school-macroeconomics,38.0,0.03298611111111111,mmlu-high-school-psychology,33.0,0.028645833333333332
1662,399,mmlu-professional-law,0.42105263157894735,mmlu-professional-law,168,0.42105263157894735,mmlu-high-school-government-and-politics,83.0,0.20802005012531327,hellaswag,54.0,0.13533834586466165,mmlu-high-school-us-history,17.0,0.042606516290726815,mmlu-elementary-mathematics,12.0,0.03007518796992481
1664,700,winogrande,0.5171428571428571,winogrande,362,0.5171428571428571,hellaswag,68.0,0.09714285714285714,mmlu-high-school-psychology,52.0,0.07428571428571429,mmlu-human-aging,44.0,0.06285714285714286,mmlu-professional-psychology,43.0,0.06142857142857143
1665,289,mmlu-high-school-biology,0.17993079584775087,mmlu-high-school-biology,52,0.17993079584775087,mmlu-virology,36.0,0.1245674740484429,arc-challenge,35.0,0.12110726643598616,mmlu-astronomy,27.0,0.09342560553633218,mmlu-medical-genetics,19.0,0.0657439446366782
1666,197,hellaswag,0.25888324873096447,hellaswag,51,0.25888324873096447,arc-challenge,37.0,0.18781725888324874,mmlu-prehistory,25.0,0.12690355329949238,mmlu-high-school-biology,18.0,0.09137055837563451,mmlu-college-biology,12.0,0.06091370558375635
1667,1776,hellaswag,0.4403153153153153,hellaswag,782,0.4403153153153153,mmlu-security-studies,104.0,0.05855855855855856,arc-challenge,83.0,0.046734234234234236,mmlu-conceptual-physics,54.0,0.030405405405405407,winogrande,53.0,0.029842342342342343
1668,786,hellaswag,0.41857506361323155,hellaswag,329,0.41857506361323155,winogrande,264.0,0.33587786259541985,mmlu-high-school-world-history,11.0,0.013994910941475827,mmlu-miscellaneous,11.0,0.013994910941475827,mmlu-professional-law,11.0,0.013994910941475827
1669,1192,mmlu-moral-scenarios,0.5511744966442953,mmlu-moral-scenarios,657,0.5511744966442953,mmlu-professional-psychology,61.0,0.051174496644295304,mmlu-professional-accounting,40.0,0.03355704697986577,mmlu-high-school-psychology,37.0,0.03104026845637584,mmlu-international-law,35.0,0.02936241610738255
1670,185,mbpp,0.1945945945945946,mbpp,36,0.1945945945945946,mmlu-high-school-psychology,31.0,0.16756756756756758,hellaswag,18.0,0.0972972972972973,arc-challenge,13.0,0.07027027027027027,mmlu-high-school-computer-science,10.0,0.05405405405405406
1671,51,mbpp,0.45098039215686275,mbpp,23,0.45098039215686275,mmlu-high-school-world-history,9.0,0.17647058823529413,mmlu-high-school-european-history,4.0,0.0784313725490196,mmlu-high-school-us-history,4.0,0.0784313725490196,hellaswag,2.0,0.0392156862745098
1672,1,mmlu-professional-law,1.0,mmlu-professional-law,1,1.0,,,,,,,,,,,,
1673,18,mmlu-prehistory,0.2222222222222222,mmlu-prehistory,4,0.2222222222222222,arc-challenge,3.0,0.16666666666666666,hellaswag,3.0,0.16666666666666666,mmlu-college-computer-science,3.0,0.16666666666666666,mmlu-high-school-us-history,3.0,0.16666666666666666
1674,52,abstract2title,0.6346153846153846,abstract2title,33,0.6346153846153846,hellaswag,4.0,0.07692307692307693,mmlu-high-school-world-history,4.0,0.07692307692307693,mmlu-professional-psychology,3.0,0.057692307692307696,bias_detection,1.0,0.019230769230769232
1677,676,hellaswag,0.1863905325443787,hellaswag,126,0.1863905325443787,mmlu-professional-medicine,101.0,0.14940828402366865,winogrande,81.0,0.11982248520710059,mmlu-clinical-knowledge,44.0,0.0650887573964497,mmlu-anatomy,41.0,0.060650887573964495
1678,696,hellaswag,0.5962643678160919,hellaswag,415,0.5962643678160919,abstract2title,98.0,0.14080459770114942,mmlu-high-school-chemistry,18.0,0.02586206896551724,mmlu-miscellaneous,14.0,0.020114942528735632,mmlu-professional-law,11.0,0.015804597701149427
1679,66,chinese_zodiac,0.8939393939393939,chinese_zodiac,59,0.8939393939393939,mbpp,3.0,0.045454545454545456,chinese_tang_poetries,1.0,0.015151515151515152,hellaswag,1.0,0.015151515151515152,mmlu-computer-security,1.0,0.015151515151515152
1680,334,hellaswag,0.5868263473053892,hellaswag,196,0.5868263473053892,mmlu-professional-law,45.0,0.1347305389221557,abstract2title,17.0,0.05089820359281437,mmlu-professional-medicine,14.0,0.041916167664670656,mmlu-high-school-psychology,12.0,0.03592814371257485
1681,2075,hellaswag,0.6453012048192771,hellaswag,1339,0.6453012048192771,bias_detection,111.0,0.05349397590361446,arc-challenge,109.0,0.05253012048192771,winogrande,65.0,0.03132530120481928,mmlu-professional-law,55.0,0.02650602409638554
1682,53,consensus_summary,0.18867924528301888,consensus_summary,10,0.18867924528301888,mmlu-high-school-us-history,10.0,0.18867924528301888,mmlu-professional-medicine,10.0,0.18867924528301888,mmlu-high-school-world-history,7.0,0.1320754716981132,mmlu-professional-law,6.0,0.11320754716981132
1683,23,chinese_zodiac,0.782608695652174,chinese_zodiac,18,0.782608695652174,hellaswag,1.0,0.043478260869565216,mmlu-high-school-physics,1.0,0.043478260869565216,mmlu-miscellaneous,1.0,0.043478260869565216,mmlu-philosophy,1.0,0.043478260869565216
1684,883,hellaswag,0.2695356738391846,hellaswag,238,0.2695356738391846,arc-challenge,80.0,0.09060022650056625,mmlu-professional-law,65.0,0.07361268403171008,consensus_summary,61.0,0.06908267270668177,mmlu-logical-fallacies,34.0,0.03850509626274066
1686,1354,hellaswag,0.5384047267355982,hellaswag,729,0.5384047267355982,mmlu-professional-law,44.0,0.03249630723781388,mmlu-miscellaneous,34.0,0.025110782865583457,arc-challenge,31.0,0.022895125553914326,mmlu-high-school-mathematics,31.0,0.022895125553914326
1687,2755,hellaswag,0.2471869328493648,hellaswag,681,0.2471869328493648,mmlu-professional-law,553.0,0.20072595281306715,mmlu-moral-scenarios,147.0,0.05335753176043557,mmlu-professional-medicine,138.0,0.050090744101633396,mmlu-professional-psychology,135.0,0.04900181488203267
1688,379,abstract2title,0.5145118733509235,abstract2title,195,0.5145118733509235,hellaswag,35.0,0.09234828496042216,arc-challenge,23.0,0.06068601583113457,mmlu-conceptual-physics,19.0,0.05013192612137203,mmlu-college-physics,11.0,0.029023746701846966
1690,171,hellaswag,0.14619883040935672,hellaswag,25,0.14619883040935672,mmlu-logical-fallacies,15.0,0.08771929824561403,Chinese_character_riddles,9.0,0.05263157894736842,mmlu-high-school-world-history,9.0,0.05263157894736842,mmlu-professional-law,8.0,0.04678362573099415
1691,293,mmlu-high-school-us-history,0.10580204778156997,mmlu-high-school-us-history,31,0.10580204778156997,mmlu-high-school-world-history,28.0,0.09556313993174062,mmlu-high-school-geography,23.0,0.07849829351535836,Chinese_character_riddles,22.0,0.07508532423208192,chinese_homonym,16.0,0.05460750853242321
1692,661,winogrande,0.17397881996974282,winogrande,115,0.17397881996974282,mmlu-miscellaneous,100.0,0.15128593040847202,mmlu-elementary-mathematics,40.0,0.060514372163388806,mmlu-high-school-mathematics,36.0,0.05446293494704992,hellaswag,33.0,0.049924357034795766
1693,213,mmlu-professional-medicine,0.19718309859154928,mmlu-professional-medicine,42,0.19718309859154928,arc-challenge,27.0,0.1267605633802817,hellaswag,27.0,0.1267605633802817,mmlu-virology,18.0,0.08450704225352113,consensus_summary,17.0,0.07981220657276995
1694,857,chinese_zodiac,0.3313885647607935,chinese_zodiac,284,0.3313885647607935,hellaswag,118.0,0.13768961493582263,mmlu-elementary-mathematics,69.0,0.08051341890315053,mmlu-high-school-mathematics,39.0,0.045507584597432905,arc-challenge,25.0,0.029171528588098017
1695,163,hellaswag,0.5950920245398773,hellaswag,97,0.5950920245398773,winogrande,28.0,0.17177914110429449,mmlu-professional-law,14.0,0.08588957055214724,mbpp,7.0,0.04294478527607362,mmlu-high-school-world-history,4.0,0.024539877300613498
1696,289,winogrande,0.7647058823529411,winogrande,221,0.7647058823529411,mmlu-professional-law,12.0,0.04152249134948097,mmlu-miscellaneous,9.0,0.031141868512110725,hellaswag,7.0,0.02422145328719723,mmlu-world-religions,6.0,0.020761245674740483
1698,4,consensus_summary,0.75,consensus_summary,3,0.75,hellaswag,1.0,0.25,,,,,,,,,
1699,92,hellaswag,0.7282608695652174,hellaswag,67,0.7282608695652174,consensus_summary,7.0,0.07608695652173914,mmlu-clinical-knowledge,4.0,0.043478260869565216,mmlu-anatomy,2.0,0.021739130434782608,mmlu-elementary-mathematics,2.0,0.021739130434782608
1700,54,hellaswag,0.3333333333333333,hellaswag,18,0.3333333333333333,mmlu-professional-law,11.0,0.2037037037037037,mmlu-high-school-world-history,7.0,0.12962962962962962,arc-challenge,4.0,0.07407407407407407,mmlu-high-school-us-history,4.0,0.07407407407407407
1702,2114,hellaswag,0.759697256385998,hellaswag,1606,0.759697256385998,winogrande,186.0,0.0879848628192999,mmlu-moral-scenarios,133.0,0.06291390728476821,mmlu-miscellaneous,64.0,0.030274361400189215,arc-challenge,38.0,0.017975402081362345
1703,5,hellaswag,0.4,hellaswag,2,0.4,mmlu-high-school-us-history,2.0,0.4,mmlu-high-school-statistics,1.0,0.2,,,,,,
1705,2536,hellaswag,0.6368296529968455,hellaswag,1615,0.6368296529968455,winogrande,96.0,0.03785488958990536,mmlu-miscellaneous,86.0,0.03391167192429022,mmlu-professional-law,58.0,0.022870662460567823,arc-challenge,56.0,0.022082018927444796
1706,1,hellaswag,1.0,hellaswag,1,1.0,,,,,,,,,,,,
1707,6,mmlu-high-school-world-history,0.6666666666666666,mmlu-high-school-world-history,4,0.6666666666666666,consensus_summary,2.0,0.3333333333333333,,,,,,,,,
1708,626,hellaswag,0.9121405750798722,hellaswag,571,0.9121405750798722,winogrande,14.0,0.022364217252396165,arc-challenge,5.0,0.007987220447284345,consensus_summary,4.0,0.006389776357827476,mmlu-clinical-knowledge,3.0,0.004792332268370607
1709,1293,chinese_zodiac,0.21964423820572312,chinese_zodiac,284,0.21964423820572312,hellaswag,275.0,0.21268368136117555,mmlu-professional-accounting,136.0,0.10518174787316319,mmlu-professional-law,128.0,0.09899458623356536,winogrande,54.0,0.04176334106728538
1711,6821,grade-school-math,0.8737721741680106,grade-school-math,5960,0.8737721741680106,mmlu-professional-law,233.0,0.03415921419146753,hellaswag,204.0,0.029907638176220497,winogrande,87.0,0.012754728045741093,mmlu-elementary-mathematics,62.0,0.00908957630845917
1712,1064,chinese_zodiac,0.2669172932330827,chinese_zodiac,284,0.2669172932330827,hellaswag,231.0,0.21710526315789475,bias_detection,119.0,0.1118421052631579,mmlu-prehistory,38.0,0.03571428571428571,arc-challenge,34.0,0.03195488721804511
1713,35,hellaswag,0.37142857142857144,hellaswag,13,0.37142857142857144,mbpp,7.0,0.2,mmlu-high-school-us-history,6.0,0.17142857142857143,mmlu-professional-law,5.0,0.14285714285714285,mmlu-high-school-mathematics,1.0,0.02857142857142857
1715,291,hellaswag,0.584192439862543,hellaswag,170,0.584192439862543,mmlu-professional-law,18.0,0.061855670103092786,mmlu-high-school-us-history,11.0,0.037800687285223365,mmlu-high-school-european-history,10.0,0.03436426116838488,mmlu-miscellaneous,9.0,0.030927835051546393
1716,7,mmlu-high-school-mathematics,0.42857142857142855,mmlu-high-school-mathematics,3,0.42857142857142855,mmlu-machine-learning,2.0,0.2857142857142857,mmlu-elementary-mathematics,1.0,0.14285714285714285,mmlu-professional-accounting,1.0,0.14285714285714285,,,
1717,24,hellaswag,0.2916666666666667,hellaswag,7,0.2916666666666667,winogrande,7.0,0.2916666666666667,abstract2title,4.0,0.16666666666666666,mmlu-high-school-macroeconomics,2.0,0.08333333333333333,consensus_summary,1.0,0.041666666666666664
1718,5960,grade-school-math,1.0,grade-school-math,5960,1.0,,,,,,,,,,,,
1721,3,hellaswag,0.3333333333333333,hellaswag,1,0.3333333333333333,mbpp,1.0,0.3333333333333333,mtbench-reference,1.0,0.3333333333333333,,,,,,
1722,773,hellaswag,0.4592496765847348,hellaswag,355,0.4592496765847348,mmlu-professional-law,146.0,0.1888745148771022,winogrande,27.0,0.03492884864165589,mmlu-miscellaneous,19.0,0.02457956015523933,mmlu-professional-medicine,19.0,0.02457956015523933
1723,225,hellaswag,0.28888888888888886,hellaswag,65,0.28888888888888886,mmlu-high-school-macroeconomics,22.0,0.09777777777777778,mmlu-abstract-algebra,16.0,0.07111111111111111,mmlu-econometrics,8.0,0.035555555555555556,mmlu-miscellaneous,8.0,0.035555555555555556
1724,53,mmlu-nutrition,0.1509433962264151,mmlu-nutrition,8,0.1509433962264151,hellaswag,7.0,0.1320754716981132,mmlu-human-aging,6.0,0.11320754716981132,mmlu-clinical-knowledge,4.0,0.07547169811320754,mmlu-college-medicine,4.0,0.07547169811320754
1726,671,hellaswag,0.19523099850968703,hellaswag,131,0.19523099850968703,abstract2title,70.0,0.10432190760059612,arc-challenge,50.0,0.07451564828614009,mmlu-electrical-engineering,47.0,0.07004470938897168,mmlu-miscellaneous,33.0,0.04918032786885246
1727,72,hellaswag,0.6805555555555556,hellaswag,49,0.6805555555555556,mmlu-nutrition,7.0,0.09722222222222222,mmlu-miscellaneous,5.0,0.06944444444444445,mmlu-machine-learning,2.0,0.027777777777777776,winogrande,2.0,0.027777777777777776
1728,33,hellaswag,0.36363636363636365,hellaswag,12,0.36363636363636365,abstract2title,9.0,0.2727272727272727,consensus_summary,5.0,0.15151515151515152,mmlu-college-biology,2.0,0.06060606060606061,mmlu-econometrics,2.0,0.06060606060606061
1730,7,arc-challenge,0.14285714285714285,arc-challenge,1,0.14285714285714285,mmlu-conceptual-physics,1.0,0.14285714285714285,mmlu-electrical-engineering,1.0,0.14285714285714285,mmlu-jurisprudence,1.0,0.14285714285714285,mmlu-moral-disputes,1.0,0.14285714285714285
1731,1,mbpp,1.0,mbpp,1,1.0,,,,,,,,,,,,
1732,2,hellaswag,0.5,hellaswag,1,0.5,mbpp,1.0,0.5,,,,,,,,,
1735,86,mmlu-elementary-mathematics,0.29069767441860467,mmlu-elementary-mathematics,25,0.29069767441860467,consensus_summary,11.0,0.12790697674418605,hellaswag,9.0,0.10465116279069768,mmlu-clinical-knowledge,4.0,0.046511627906976744,mmlu-high-school-mathematics,4.0,0.046511627906976744
1736,1,mmlu-professional-law,1.0,mmlu-professional-law,1,1.0,,,,,,,,,,,,
1737,216,mmlu-professional-law,0.19444444444444445,mmlu-professional-law,42,0.19444444444444445,mmlu-professional-accounting,22.0,0.10185185185185185,mmlu-electrical-engineering,20.0,0.09259259259259259,arc-challenge,14.0,0.06481481481481481,mmlu-conceptual-physics,12.0,0.05555555555555555
1738,22,mmlu-moral-scenarios,0.45454545454545453,mmlu-moral-scenarios,10,0.45454545454545453,mmlu-miscellaneous,4.0,0.18181818181818182,hellaswag,2.0,0.09090909090909091,mmlu-sociology,2.0,0.09090909090909091,mmlu-college-biology,1.0,0.045454545454545456
1740,267,hellaswag,0.8014981273408239,hellaswag,214,0.8014981273408239,mmlu-professional-law,7.0,0.026217228464419477,mmlu-professional-medicine,7.0,0.026217228464419477,arc-challenge,4.0,0.0149812734082397,mmlu-human-aging,4.0,0.0149812734082397
1742,231,hellaswag,0.670995670995671,hellaswag,155,0.670995670995671,mmlu-high-school-us-history,15.0,0.06493506493506493,mbpp,13.0,0.05627705627705628,mmlu-miscellaneous,6.0,0.025974025974025976,mmlu-professional-law,5.0,0.021645021645021644
1743,28,hellaswag,0.17857142857142858,hellaswag,5,0.17857142857142858,mmlu-high-school-macroeconomics,4.0,0.14285714285714285,mmlu-professional-accounting,4.0,0.14285714285714285,mmlu-global-facts,2.0,0.07142857142857142,mmlu-high-school-psychology,2.0,0.07142857142857142
1745,90,hellaswag,0.4888888888888889,hellaswag,44,0.4888888888888889,abstract2title,14.0,0.15555555555555556,consensus_summary,9.0,0.1,arc-challenge,5.0,0.05555555555555555,mmlu-econometrics,3.0,0.03333333333333333
1746,3,mmlu-high-school-world-history,1.0,mmlu-high-school-world-history,3,1.0,,,,,,,,,,,,
1750,8,hellaswag,0.5,hellaswag,4,0.5,mmlu-college-physics,2.0,0.25,mbpp,1.0,0.125,mmlu-high-school-physics,1.0,0.125,,,
1751,20,consensus_summary,0.25,consensus_summary,5,0.25,mmlu-professional-law,4.0,0.2,mmlu-college-biology,3.0,0.15,bias_detection,1.0,0.05,hellaswag,1.0,0.05
1752,3,mmlu-high-school-world-history,1.0,mmlu-high-school-world-history,3,1.0,,,,,,,,,,,,
1753,707,chinese_zodiac,0.22206506364922207,chinese_zodiac,157,0.22206506364922207,hellaswag,128.0,0.18104667609618105,mmlu-moral-scenarios,61.0,0.08628005657708628,mmlu-human-aging,49.0,0.06930693069306931,winogrande,36.0,0.05091937765205092
1754,401,hellaswag,0.8977556109725686,hellaswag,360,0.8977556109725686,mmlu-professional-law,8.0,0.0199501246882793,arc-challenge,6.0,0.014962593516209476,mbpp,5.0,0.012468827930174564,mmlu-miscellaneous,3.0,0.007481296758104738
1755,2,abstract2title,0.5,abstract2title,1,0.5,consensus_summary,1.0,0.5,,,,,,,,,
1757,34,consensus_summary,0.35294117647058826,consensus_summary,12,0.35294117647058826,hellaswag,6.0,0.17647058823529413,mmlu-professional-medicine,5.0,0.14705882352941177,mmlu-college-biology,3.0,0.08823529411764706,mmlu-nutrition,2.0,0.058823529411764705
1758,1224,hellaswag,0.21160130718954248,hellaswag,259,0.21160130718954248,arc-challenge,104.0,0.08496732026143791,mmlu-professional-law,100.0,0.08169934640522876,mmlu-miscellaneous,52.0,0.042483660130718956,mmlu-security-studies,52.0,0.042483660130718956
1759,348,hellaswag,0.22988505747126436,hellaswag,80,0.22988505747126436,mmlu-professional-law,48.0,0.13793103448275862,arc-challenge,36.0,0.10344827586206896,winogrande,17.0,0.04885057471264368,mmlu-high-school-us-history,16.0,0.04597701149425287
1760,23,hellaswag,0.21739130434782608,hellaswag,5,0.21739130434782608,mmlu-high-school-world-history,4.0,0.17391304347826086,abstract2title,3.0,0.13043478260869565,consensus_summary,3.0,0.13043478260869565,arc-challenge,2.0,0.08695652173913043
1761,5960,grade-school-math,1.0,grade-school-math,5960,1.0,,,,,,,,,,,,
1762,755,hellaswag,0.4728476821192053,hellaswag,357,0.4728476821192053,mmlu-professional-law,190.0,0.25165562913907286,abstract2title,39.0,0.051655629139072845,mmlu-miscellaneous,19.0,0.025165562913907286,mmlu-high-school-chemistry,18.0,0.02384105960264901
1763,1,hellaswag,1.0,hellaswag,1,1.0,,,,,,,,,,,,
1765,94,hellaswag,0.5851063829787234,hellaswag,55,0.5851063829787234,arc-challenge,10.0,0.10638297872340426,winogrande,6.0,0.06382978723404255,mmlu-high-school-world-history,4.0,0.0425531914893617,consensus_summary,3.0,0.031914893617021274
1767,21,hellaswag,0.42857142857142855,hellaswag,9,0.42857142857142855,mmlu-computer-security,3.0,0.14285714285714285,mmlu-anatomy,2.0,0.09523809523809523,mmlu-professional-medicine,2.0,0.09523809523809523,winogrande,2.0,0.09523809523809523
1768,39,hellaswag,0.4358974358974359,hellaswag,17,0.4358974358974359,mmlu-high-school-world-history,4.0,0.10256410256410256,mmlu-high-school-us-history,3.0,0.07692307692307693,mmlu-jurisprudence,3.0,0.07692307692307693,mmlu-miscellaneous,3.0,0.07692307692307693
1769,36,mbpp,0.3888888888888889,mbpp,14,0.3888888888888889,hellaswag,8.0,0.2222222222222222,consensus_summary,3.0,0.08333333333333333,mmlu-high-school-world-history,3.0,0.08333333333333333,mmlu-high-school-computer-science,2.0,0.05555555555555555
1770,213,hellaswag,0.5446009389671361,hellaswag,116,0.5446009389671361,arc-challenge,20.0,0.09389671361502347,chinese_homonym,12.0,0.056338028169014086,mmlu-marketing,6.0,0.028169014084507043,mmlu-professional-psychology,6.0,0.028169014084507043
1771,2947,hellaswag,0.8171021377672208,hellaswag,2408,0.8171021377672208,winogrande,111.0,0.037665422463522225,arc-challenge,93.0,0.03155751611808619,mmlu-high-school-psychology,44.0,0.01493043773328809,mmlu-prehistory,34.0,0.01153715643026807
1772,540,hellaswag,0.9685185185185186,hellaswag,523,0.9685185185185186,winogrande,8.0,0.014814814814814815,arc-challenge,2.0,0.003703703703703704,mmlu-miscellaneous,2.0,0.003703703703703704,mtbench,2.0,0.003703703703703704
1773,3,mmlu-high-school-us-history,0.6666666666666666,mmlu-high-school-us-history,2,0.6666666666666666,mmlu-security-studies,1.0,0.3333333333333333,,,,,,,,,
1774,1136,winogrande,0.1892605633802817,winogrande,215,0.1892605633802817,mmlu-professional-psychology,105.0,0.09242957746478873,mmlu-high-school-microeconomics,87.0,0.07658450704225352,mmlu-high-school-macroeconomics,70.0,0.061619718309859156,mmlu-high-school-psychology,55.0,0.04841549295774648
1775,17,consensus_summary,0.17647058823529413,consensus_summary,3,0.17647058823529413,mmlu-high-school-mathematics,3.0,0.17647058823529413,hellaswag,2.0,0.11764705882352941,mmlu-astronomy,2.0,0.11764705882352941,mmlu-college-physics,2.0,0.11764705882352941
1776,487,hellaswag,0.47638603696098564,hellaswag,232,0.47638603696098564,mbpp,30.0,0.061601642710472276,consensus_summary,22.0,0.045174537987679675,winogrande,18.0,0.03696098562628337,mmlu-professional-law,16.0,0.03285420944558522
1777,94,hellaswag,0.3829787234042553,hellaswag,36,0.3829787234042553,consensus_summary,15.0,0.1595744680851064,mmlu-security-studies,9.0,0.09574468085106383,mmlu-professional-law,6.0,0.06382978723404255,mmlu-college-mathematics,3.0,0.031914893617021274
1782,30,hellaswag,0.6333333333333333,hellaswag,19,0.6333333333333333,mbpp,2.0,0.06666666666666667,mmlu-miscellaneous,2.0,0.06666666666666667,mmlu-college-biology,1.0,0.03333333333333333,mmlu-conceptual-physics,1.0,0.03333333333333333
1783,630,arc-challenge,0.10952380952380952,arc-challenge,69,0.10952380952380952,mmlu-miscellaneous,55.0,0.0873015873015873,mmlu-prehistory,55.0,0.0873015873015873,hellaswag,42.0,0.06666666666666667,mmlu-high-school-microeconomics,35.0,0.05555555555555555
1784,254,hellaswag,0.3700787401574803,hellaswag,94,0.3700787401574803,mmlu-miscellaneous,27.0,0.1062992125984252,arc-challenge,16.0,0.06299212598425197,chinese_tang_poetries,14.0,0.05511811023622047,winogrande,14.0,0.05511811023622047
1786,701,hellaswag,0.2781740370898716,hellaswag,195,0.2781740370898716,mmlu-professional-law,115.0,0.16405135520684735,winogrande,37.0,0.052781740370898715,mmlu-high-school-european-history,34.0,0.04850213980028531,mmlu-miscellaneous,33.0,0.047075606276747506
1787,2,mmlu-high-school-us-history,1.0,mmlu-high-school-us-history,2,1.0,,,,,,,,,,,,
1788,2948,hellaswag,0.4806648575305292,hellaswag,1417,0.4806648575305292,arc-challenge,153.0,0.05189959294436906,mmlu-nutrition,110.0,0.03731343283582089,mmlu-professional-psychology,104.0,0.035278154681139755,winogrande,103.0,0.034938941655359566
1789,39,consensus_summary,0.3333333333333333,consensus_summary,13,0.3333333333333333,mmlu-professional-law,7.0,0.1794871794871795,hellaswag,6.0,0.15384615384615385,arc-challenge,3.0,0.07692307692307693,mmlu-miscellaneous,2.0,0.05128205128205128
1790,1156,hellaswag,0.7093425605536332,hellaswag,820,0.7093425605536332,winogrande,76.0,0.0657439446366782,mmlu-nutrition,73.0,0.06314878892733564,arc-challenge,41.0,0.03546712802768166,consensus_summary,38.0,0.0328719723183391
1791,2209,arc-challenge,0.17111815301041194,arc-challenge,378,0.17111815301041194,mmlu-prehistory,207.0,0.09370755998189226,mmlu-miscellaneous,170.0,0.07695789950203712,hellaswag,157.0,0.0710728836577637,mmlu-astronomy,112.0,0.05070167496604799
1792,78,hellaswag,0.5769230769230769,hellaswag,45,0.5769230769230769,mbpp,9.0,0.11538461538461539,mmlu-machine-learning,5.0,0.0641025641025641,mmlu-world-religions,4.0,0.05128205128205128,arc-challenge,3.0,0.038461538461538464
1793,11,abstract2title,0.6363636363636364,abstract2title,7,0.6363636363636364,mmlu-professional-law,2.0,0.18181818181818182,chinese_famous_novel,1.0,0.09090909090909091,hellaswag,1.0,0.09090909090909091,,,
1794,397,hellaswag,0.5012594458438288,hellaswag,199,0.5012594458438288,mmlu-professional-law,47.0,0.11838790931989925,arc-challenge,12.0,0.030226700251889168,mmlu-anatomy,11.0,0.027707808564231738,mmlu-clinical-knowledge,11.0,0.027707808564231738
1795,450,hellaswag,0.34444444444444444,hellaswag,155,0.34444444444444444,consensus_summary,57.0,0.12666666666666668,mmlu-professional-medicine,40.0,0.08888888888888889,abstract2title,37.0,0.08222222222222222,mmlu-professional-law,17.0,0.03777777777777778
1797,115,hellaswag,0.22608695652173913,hellaswag,26,0.22608695652173913,mmlu-professional-medicine,20.0,0.17391304347826086,consensus_summary,18.0,0.1565217391304348,mmlu-anatomy,9.0,0.0782608695652174,arc-challenge,6.0,0.05217391304347826
1798,423,hellaswag,0.2695035460992908,hellaswag,114,0.2695035460992908,mmlu-prehistory,37.0,0.08747044917257683,mbpp,33.0,0.07801418439716312,mmlu-high-school-geography,24.0,0.05673758865248227,mmlu-miscellaneous,23.0,0.054373522458628844
1801,557,hellaswag,0.23877917414721722,hellaswag,133,0.23877917414721722,mmlu-professional-psychology,49.0,0.08797127468581688,mmlu-high-school-psychology,44.0,0.07899461400359066,consensus_summary,28.0,0.05026929982046679,mmlu-human-aging,25.0,0.04488330341113106
1802,75,hellaswag,0.13333333333333333,hellaswag,10,0.13333333333333333,mmlu-high-school-psychology,9.0,0.12,mmlu-professional-psychology,9.0,0.12,mmlu-global-facts,6.0,0.08,mmlu-human-aging,6.0,0.08
1803,381,hellaswag,0.8293963254593176,hellaswag,316,0.8293963254593176,mmlu-high-school-world-history,10.0,0.026246719160104987,arc-challenge,8.0,0.02099737532808399,mmlu-professional-law,6.0,0.015748031496062992,mmlu-moral-disputes,5.0,0.013123359580052493
1805,742,hellaswag,0.8814016172506739,hellaswag,654,0.8814016172506739,winogrande,15.0,0.02021563342318059,consensus_summary,12.0,0.016172506738544475,mbpp,7.0,0.009433962264150943,mmlu-professional-law,7.0,0.009433962264150943
1806,25,hellaswag,0.4,hellaswag,10,0.4,mmlu-professional-law,5.0,0.2,arc-challenge,2.0,0.08,mmlu-high-school-mathematics,2.0,0.08,mmlu-college-biology,1.0,0.04
1809,1,mbpp,1.0,mbpp,1,1.0,,,,,,,,,,,,
1810,3,hellaswag,1.0,hellaswag,3,1.0,,,,,,,,,,,,
1811,26,hellaswag,0.5769230769230769,hellaswag,15,0.5769230769230769,arc-challenge,2.0,0.07692307692307693,mmlu-professional-law,2.0,0.07692307692307693,abstract2title,1.0,0.038461538461538464,mbpp,1.0,0.038461538461538464
1812,180,hellaswag,0.7055555555555556,hellaswag,127,0.7055555555555556,mbpp,23.0,0.12777777777777777,mmlu-elementary-mathematics,6.0,0.03333333333333333,mmlu-miscellaneous,4.0,0.022222222222222223,winogrande,4.0,0.022222222222222223
1813,94,hellaswag,0.3617021276595745,hellaswag,34,0.3617021276595745,mbpp,13.0,0.13829787234042554,chinese_homonym,7.0,0.07446808510638298,mmlu-miscellaneous,7.0,0.07446808510638298,mmlu-high-school-geography,6.0,0.06382978723404255
1814,114,hellaswag,0.2719298245614035,hellaswag,31,0.2719298245614035,mmlu-professional-law,13.0,0.11403508771929824,mmlu-high-school-biology,8.0,0.07017543859649122,consensus_summary,5.0,0.043859649122807015,mmlu-college-biology,5.0,0.043859649122807015
1816,412,mmlu-high-school-statistics,0.16747572815533981,mmlu-high-school-statistics,69,0.16747572815533981,hellaswag,53.0,0.12864077669902912,mmlu-sociology,36.0,0.08737864077669903,mmlu-high-school-geography,31.0,0.07524271844660194,mmlu-professional-psychology,19.0,0.04611650485436893
1817,129,hellaswag,0.5193798449612403,hellaswag,67,0.5193798449612403,arc-challenge,7.0,0.05426356589147287,mmlu-high-school-psychology,6.0,0.046511627906976744,mmlu-conceptual-physics,5.0,0.03875968992248062,mmlu-professional-law,5.0,0.03875968992248062
1819,32,consensus_summary,0.40625,consensus_summary,13,0.40625,mmlu-professional-medicine,11.0,0.34375,mmlu-clinical-knowledge,2.0,0.0625,hellaswag,1.0,0.03125,mmlu-college-medicine,1.0,0.03125
1820,105,hellaswag,0.819047619047619,hellaswag,86,0.819047619047619,consensus_summary,8.0,0.0761904761904762,mmlu-high-school-european-history,3.0,0.02857142857142857,mbpp,2.0,0.01904761904761905,abstract2title,1.0,0.009523809523809525
1821,60,consensus_summary,0.11666666666666667,consensus_summary,7,0.11666666666666667,hellaswag,7.0,0.11666666666666667,mmlu-high-school-us-history,7.0,0.11666666666666667,mmlu-high-school-world-history,6.0,0.1,mmlu-elementary-mathematics,4.0,0.06666666666666667
1822,17,hellaswag,0.8823529411764706,hellaswag,15,0.8823529411764706,consensus_summary,2.0,0.11764705882352941,,,,,,,,,
1823,59,mbpp,0.3050847457627119,mbpp,18,0.3050847457627119,hellaswag,10.0,0.1694915254237288,mmlu-high-school-mathematics,7.0,0.11864406779661017,mmlu-professional-law,4.0,0.06779661016949153,mmlu-conceptual-physics,3.0,0.05084745762711865
1824,756,arc-challenge,0.2619047619047619,arc-challenge,198,0.2619047619047619,mmlu-high-school-biology,74.0,0.09788359788359788,hellaswag,55.0,0.07275132275132275,mmlu-high-school-psychology,52.0,0.06878306878306878,mmlu-college-biology,39.0,0.051587301587301584
1825,48,mmlu-high-school-us-history,0.22916666666666666,mmlu-high-school-us-history,11,0.22916666666666666,hellaswag,8.0,0.16666666666666666,mmlu-high-school-world-history,5.0,0.10416666666666667,mmlu-professional-law,5.0,0.10416666666666667,mmlu-astronomy,4.0,0.08333333333333333
1826,115,hellaswag,0.8521739130434782,hellaswag,98,0.8521739130434782,mmlu-high-school-world-history,5.0,0.043478260869565216,mmlu-security-studies,4.0,0.034782608695652174,mmlu-human-aging,2.0,0.017391304347826087,winogrande,2.0,0.017391304347826087
1827,472,hellaswag,0.3453389830508475,hellaswag,163,0.3453389830508475,arc-challenge,89.0,0.1885593220338983,winogrande,20.0,0.0423728813559322,mmlu-miscellaneous,17.0,0.036016949152542374,mmlu-astronomy,16.0,0.03389830508474576
1829,184,hellaswag,0.6521739130434783,hellaswag,120,0.6521739130434783,mmlu-marketing,14.0,0.07608695652173914,chinese_hard_translations,6.0,0.03260869565217391,consensus_summary,5.0,0.02717391304347826,mmlu-high-school-microeconomics,5.0,0.02717391304347826
1830,13,winogrande,0.5384615384615384,winogrande,7,0.5384615384615384,mmlu-professional-psychology,3.0,0.23076923076923078,mmlu-professional-law,2.0,0.15384615384615385,hellaswag,1.0,0.07692307692307693,,,
1831,1,mmlu-college-computer-science,1.0,mmlu-college-computer-science,1,1.0,,,,,,,,,,,,
1833,1253,hellaswag,0.46288906624102155,hellaswag,580,0.46288906624102155,arc-challenge,62.0,0.04948124501197127,mmlu-professional-medicine,52.0,0.041500399042298484,mmlu-professional-psychology,44.0,0.035115722266560255,mmlu-high-school-psychology,40.0,0.03192338387869114
1834,222,abstract2title,0.6396396396396397,abstract2title,142,0.6396396396396397,hellaswag,40.0,0.18018018018018017,mmlu-miscellaneous,4.0,0.018018018018018018,mmlu-professional-law,4.0,0.018018018018018018,winogrande,4.0,0.018018018018018018
1835,1686,hellaswag,0.0753262158956109,hellaswag,127,0.0753262158956109,arc-challenge,122.0,0.07236061684460261,mmlu-professional-law,115.0,0.06820877817319099,mmlu-virology,91.0,0.05397390272835113,mmlu-high-school-biology,87.0,0.051601423487544484
1838,1349,hellaswag,0.5211267605633803,hellaswag,703,0.5211267605633803,mmlu-professional-law,115.0,0.08524833209785027,arc-challenge,58.0,0.042994810971089696,mmlu-professional-medicine,44.0,0.03261675315048184,mmlu-miscellaneous,42.0,0.031134173461823574
1839,8,consensus_summary,0.75,consensus_summary,6,0.75,hellaswag,1.0,0.125,mtbench-reference,1.0,0.125,,,,,,
1840,4,hellaswag,0.5,hellaswag,2,0.5,mmlu-college-physics,1.0,0.25,mmlu-miscellaneous,1.0,0.25,,,,,,
1841,3307,mmlu-professional-law,0.20260054429996976,mmlu-professional-law,670,0.20260054429996976,mmlu-moral-scenarios,484.0,0.14635621409132143,hellaswag,252.0,0.07620199576655579,mmlu-professional-psychology,129.0,0.039008164499546416,mmlu-high-school-macroeconomics,128.0,0.03870577562745691
1842,5,mmlu-conceptual-physics,0.2,mmlu-conceptual-physics,1,0.2,mmlu-jurisprudence,1.0,0.2,mmlu-philosophy,1.0,0.2,mmlu-security-studies,1.0,0.2,mmlu-sociology,1.0,0.2
1843,29,hellaswag,0.3103448275862069,hellaswag,9,0.3103448275862069,mmlu-high-school-macroeconomics,4.0,0.13793103448275862,mmlu-miscellaneous,2.0,0.06896551724137931,mmlu-anatomy,1.0,0.034482758620689655,mmlu-astronomy,1.0,0.034482758620689655
1844,4,abstract2title,0.5,abstract2title,2,0.5,mmlu-professional-psychology,1.0,0.25,mmlu-virology,1.0,0.25,,,,,,
1845,499,mmlu-high-school-macroeconomics,0.374749498997996,mmlu-high-school-macroeconomics,187,0.374749498997996,mmlu-high-school-microeconomics,61.0,0.12224448897795591,consensus_summary,25.0,0.050100200400801605,arc-challenge,24.0,0.04809619238476954,mmlu-econometrics,24.0,0.04809619238476954
1847,62,hellaswag,0.16129032258064516,hellaswag,10,0.16129032258064516,mmlu-high-school-psychology,9.0,0.14516129032258066,mmlu-nutrition,9.0,0.14516129032258066,mmlu-professional-medicine,7.0,0.11290322580645161,mmlu-clinical-knowledge,6.0,0.0967741935483871
1852,3,mmlu-high-school-us-history,1.0,mmlu-high-school-us-history,3,1.0,,,,,,,,,,,,
1854,566,chinese_zodiac,0.5017667844522968,chinese_zodiac,284,0.5017667844522968,hellaswag,145.0,0.25618374558303886,mbpp,23.0,0.04063604240282685,mmlu-miscellaneous,15.0,0.026501766784452298,consensus_summary,10.0,0.0176678445229682
1855,17,hellaswag,0.6470588235294118,hellaswag,11,0.6470588235294118,arc-challenge,1.0,0.058823529411764705,consensus_summary,1.0,0.058823529411764705,mmlu-elementary-mathematics,1.0,0.058823529411764705,mmlu-high-school-biology,1.0,0.058823529411764705
1857,23,mbpp,0.2608695652173913,mbpp,6,0.2608695652173913,arc-challenge,3.0,0.13043478260869565,mmlu-conceptual-physics,3.0,0.13043478260869565,mmlu-college-physics,2.0,0.08695652173913043,mmlu-electrical-engineering,2.0,0.08695652173913043
1858,171,mmlu-security-studies,0.1286549707602339,mmlu-security-studies,22,0.1286549707602339,mmlu-high-school-us-history,18.0,0.10526315789473684,hellaswag,15.0,0.08771929824561403,mmlu-high-school-world-history,15.0,0.08771929824561403,mmlu-prehistory,11.0,0.06432748538011696
1859,19,consensus_summary,0.2631578947368421,consensus_summary,5,0.2631578947368421,hellaswag,3.0,0.15789473684210525,mmlu-miscellaneous,3.0,0.15789473684210525,mmlu-econometrics,2.0,0.10526315789473684,mmlu-virology,2.0,0.10526315789473684
1863,154,hellaswag,0.8441558441558441,hellaswag,130,0.8441558441558441,consensus_summary,6.0,0.03896103896103896,mmlu-high-school-european-history,4.0,0.025974025974025976,mmlu-professional-law,3.0,0.01948051948051948,mmlu-high-school-biology,2.0,0.012987012987012988
1864,2669,mmlu-moral-scenarios,0.2484076433121019,mmlu-moral-scenarios,663,0.2484076433121019,mmlu-professional-law,562.0,0.21056575496440613,hellaswag,233.0,0.08729861371300113,mmlu-logical-fallacies,120.0,0.04496065942300487,bias_detection,107.0,0.04008992131884601
1865,125,hellaswag,0.952,hellaswag,119,0.952,mmlu-professional-law,3.0,0.024,arc-challenge,1.0,0.008,mbpp,1.0,0.008,winogrande,1.0,0.008
1866,290,hellaswag,0.1413793103448276,hellaswag,41,0.1413793103448276,mmlu-anatomy,28.0,0.09655172413793103,winogrande,26.0,0.0896551724137931,arc-challenge,21.0,0.07241379310344828,mmlu-miscellaneous,21.0,0.07241379310344828
1867,1,hellaswag,1.0,hellaswag,1,1.0,,,,,,,,,,,,
1868,251,abstract2title,0.2868525896414343,abstract2title,72,0.2868525896414343,mmlu-professional-law,60.0,0.23904382470119523,hellaswag,27.0,0.10756972111553785,mmlu-high-school-european-history,25.0,0.099601593625498,mmlu-high-school-world-history,25.0,0.099601593625498
1870,25,hellaswag,0.6,hellaswag,15,0.6,mmlu-high-school-statistics,2.0,0.08,consensus_summary,1.0,0.04,mbpp,1.0,0.04,mmlu-elementary-mathematics,1.0,0.04
1871,136,hellaswag,0.39705882352941174,hellaswag,54,0.39705882352941174,mbpp,15.0,0.11029411764705882,winogrande,9.0,0.0661764705882353,mmlu-professional-accounting,8.0,0.058823529411764705,mmlu-professional-medicine,6.0,0.04411764705882353
1872,2843,hellaswag,0.19345761519521631,hellaswag,550,0.19345761519521631,arc-challenge,212.0,0.07456911712979247,mmlu-miscellaneous,134.0,0.04713330988392543,mmlu-elementary-mathematics,119.0,0.041857193105874074,mmlu-high-school-macroeconomics,118.0,0.04150545198733732
1873,1,hellaswag,1.0,hellaswag,1,1.0,,,,,,,,,,,,
1874,122,hellaswag,0.6229508196721312,hellaswag,76,0.6229508196721312,mbpp,16.0,0.13114754098360656,winogrande,7.0,0.05737704918032787,mmlu-computer-security,5.0,0.040983606557377046,consensus_summary,2.0,0.01639344262295082
1875,2,mmlu-high-school-us-history,1.0,mmlu-high-school-us-history,2,1.0,,,,,,,,,,,,
1878,1,hellaswag,1.0,hellaswag,1,1.0,,,,,,,,,,,,
1881,4,hellaswag,1.0,hellaswag,4,1.0,,,,,,,,,,,,
1884,2,hellaswag,0.5,hellaswag,1,0.5,mmlu-college-biology,1.0,0.5,,,,,,,,,
1885,49,hellaswag,0.9795918367346939,hellaswag,48,0.9795918367346939,mmlu-professional-law,1.0,0.02040816326530612,,,,,,,,,
1886,727,hellaswag,0.5144429160935351,hellaswag,374,0.5144429160935351,mbpp,51.0,0.07015130674002751,mmlu-high-school-mathematics,30.0,0.04126547455295736,mmlu-professional-medicine,26.0,0.03576341127922971,arc-challenge,24.0,0.033012379642365884
1887,212,hellaswag,0.16037735849056603,hellaswag,34,0.16037735849056603,abstract2title,16.0,0.07547169811320754,mmlu-high-school-psychology,12.0,0.05660377358490566,mmlu-human-aging,11.0,0.05188679245283019,mmlu-conceptual-physics,10.0,0.04716981132075472
1888,11,hellaswag,0.2727272727272727,hellaswag,3,0.2727272727272727,mmlu-jurisprudence,2.0,0.18181818181818182,mmlu-philosophy,2.0,0.18181818181818182,mmlu-anatomy,1.0,0.09090909090909091,mmlu-clinical-knowledge,1.0,0.09090909090909091
1889,79,mmlu-high-school-psychology,0.17721518987341772,mmlu-high-school-psychology,14,0.17721518987341772,mmlu-high-school-biology,12.0,0.1518987341772152,mmlu-medical-genetics,6.0,0.0759493670886076,mmlu-miscellaneous,5.0,0.06329113924050633,arc-challenge,4.0,0.05063291139240506
1890,1238,hellaswag,0.27948303715670436,hellaswag,346,0.27948303715670436,arc-challenge,112.0,0.09046849757673667,mmlu-miscellaneous,67.0,0.05411954765751212,mmlu-virology,66.0,0.05331179321486268,mmlu-professional-law,47.0,0.03796445880452343
1891,144,hellaswag,0.6805555555555556,hellaswag,98,0.6805555555555556,arc-challenge,7.0,0.04861111111111111,mmlu-econometrics,6.0,0.041666666666666664,consensus_summary,4.0,0.027777777777777776,mmlu-elementary-mathematics,4.0,0.027777777777777776
1892,1589,hellaswag,0.08370044052863436,hellaswag,133,0.08370044052863436,abstract2title,121.0,0.07614852108244179,mmlu-high-school-biology,101.0,0.06356198867212083,arc-challenge,94.0,0.0591567023285085,mmlu-nutrition,87.0,0.05475141598489616
1894,164,hellaswag,0.49390243902439024,hellaswag,81,0.49390243902439024,mmlu-professional-law,35.0,0.21341463414634146,mmlu-professional-medicine,7.0,0.042682926829268296,mmlu-high-school-european-history,6.0,0.036585365853658534,mmlu-high-school-us-history,5.0,0.03048780487804878
1895,244,hellaswag,0.3524590163934426,hellaswag,86,0.3524590163934426,abstract2title,75.0,0.3073770491803279,mmlu-high-school-us-history,15.0,0.06147540983606557,mmlu-miscellaneous,14.0,0.05737704918032787,mmlu-high-school-mathematics,6.0,0.02459016393442623
1896,1,hellaswag,1.0,hellaswag,1,1.0,,,,,,,,,,,,
1897,2,mmlu-medical-genetics,0.5,mmlu-medical-genetics,1,0.5,mtbench-math,1.0,0.5,,,,,,,,,
1898,1252,hellaswag,0.28115015974440893,hellaswag,352,0.28115015974440893,mmlu-professional-law,127.0,0.10143769968051118,winogrande,62.0,0.04952076677316294,mmlu-miscellaneous,54.0,0.04313099041533546,arc-challenge,52.0,0.04153354632587859
1899,149,arc-challenge,0.2550335570469799,arc-challenge,38,0.2550335570469799,mmlu-high-school-psychology,15.0,0.10067114093959731,mmlu-miscellaneous,9.0,0.06040268456375839,mmlu-professional-psychology,9.0,0.06040268456375839,mmlu-human-aging,7.0,0.04697986577181208
1900,1,mmlu-high-school-european-history,1.0,mmlu-high-school-european-history,1,1.0,,,,,,,,,,,,
1902,540,hellaswag,0.3648148148148148,hellaswag,197,0.3648148148148148,arc-challenge,44.0,0.08148148148148149,winogrande,37.0,0.06851851851851852,mmlu-miscellaneous,36.0,0.06666666666666667,mmlu-prehistory,22.0,0.040740740740740744
1903,942,hellaswag,0.2356687898089172,hellaswag,222,0.2356687898089172,arc-challenge,100.0,0.10615711252653928,mmlu-clinical-knowledge,71.0,0.07537154989384288,mmlu-college-medicine,42.0,0.044585987261146494,mmlu-high-school-biology,42.0,0.044585987261146494
1904,14,hellaswag,0.7142857142857143,hellaswag,10,0.7142857142857143,winogrande,2.0,0.14285714285714285,mbpp,1.0,0.07142857142857142,mmlu-professional-psychology,1.0,0.07142857142857142,,,
1905,41,hellaswag,0.21951219512195122,hellaswag,9,0.21951219512195122,mmlu-sociology,4.0,0.0975609756097561,mmlu-human-sexuality,3.0,0.07317073170731707,mmlu-professional-medicine,3.0,0.07317073170731707,mmlu-public-relations,3.0,0.07317073170731707
1906,1,abstract2title,1.0,abstract2title,1,1.0,,,,,,,,,,,,
1907,838,hellaswag,0.3926014319809069,hellaswag,329,0.3926014319809069,mmlu-professional-law,106.0,0.12649164677804295,arc-challenge,31.0,0.03699284009546539,mmlu-formal-logic,29.0,0.034606205250596656,mbpp,28.0,0.03341288782816229
1908,150,hellaswag,0.7066666666666667,hellaswag,106,0.7066666666666667,consensus_summary,24.0,0.16,mbpp,11.0,0.07333333333333333,mmlu-clinical-knowledge,2.0,0.013333333333333334,mmlu-nutrition,2.0,0.013333333333333334
1910,1579,arc-challenge,0.12539582013932868,arc-challenge,198,0.12539582013932868,hellaswag,111.0,0.07029765674477517,mmlu-marketing,102.0,0.06459784673844206,mmlu-high-school-microeconomics,84.0,0.05319822672577581,mmlu-prehistory,76.0,0.048131728942368585
1911,24,hellaswag,0.375,hellaswag,9,0.375,mmlu-high-school-psychology,6.0,0.25,mmlu-high-school-mathematics,2.0,0.08333333333333333,mmlu-professional-psychology,2.0,0.08333333333333333,mmlu-college-computer-science,1.0,0.041666666666666664
1912,1254,hellaswag,0.3365231259968102,hellaswag,422,0.3365231259968102,mmlu-prehistory,88.0,0.07017543859649122,arc-challenge,80.0,0.06379585326953748,mmlu-miscellaneous,44.0,0.03508771929824561,mmlu-clinical-knowledge,30.0,0.023923444976076555
1915,24,bias_detection,0.4583333333333333,bias_detection,11,0.4583333333333333,mmlu-high-school-world-history,6.0,0.25,abstract2title,2.0,0.08333333333333333,hellaswag,2.0,0.08333333333333333,mmlu-high-school-us-history,2.0,0.08333333333333333
1916,1968,hellaswag,0.21341463414634146,hellaswag,420,0.21341463414634146,mmlu-philosophy,147.0,0.07469512195121951,mmlu-professional-law,115.0,0.058434959349593495,mmlu-high-school-world-history,112.0,0.056910569105691054,winogrande,111.0,0.056402439024390245
1918,2801,hellaswag,0.14958943234559086,hellaswag,419,0.14958943234559086,arc-challenge,217.0,0.07747233131024633,mmlu-high-school-biology,174.0,0.062120671188861123,mmlu-professional-psychology,160.0,0.057122456265619424,mmlu-high-school-psychology,159.0,0.0567654409139593
1919,252,hellaswag,0.20634920634920634,hellaswag,52,0.20634920634920634,mmlu-sociology,17.0,0.06746031746031746,mmlu-miscellaneous,15.0,0.05952380952380952,mmlu-professional-law,14.0,0.05555555555555555,arc-challenge,13.0,0.051587301587301584
1920,2583,hellaswag,0.15060007742934572,hellaswag,389,0.15060007742934572,mmlu-professional-law,222.0,0.0859465737514518,mmlu-high-school-macroeconomics,153.0,0.059233449477351915,mmlu-security-studies,135.0,0.05226480836236934,mmlu-high-school-government-and-politics,134.0,0.051877661633759196
1922,4,hellaswag,0.5,hellaswag,2,0.5,mmlu-high-school-us-history,1.0,0.25,mmlu-professional-psychology,1.0,0.25,,,,,,
1923,1465,hellaswag,0.4013651877133106,hellaswag,588,0.4013651877133106,mmlu-professional-law,72.0,0.049146757679180884,mbpp,71.0,0.048464163822525594,mmlu-virology,46.0,0.031399317406143344,mmlu-econometrics,41.0,0.027986348122866895
1924,84,mmlu-moral-scenarios,0.3333333333333333,mmlu-moral-scenarios,28,0.3333333333333333,mmlu-philosophy,11.0,0.13095238095238096,mmlu-moral-disputes,10.0,0.11904761904761904,mmlu-professional-psychology,10.0,0.11904761904761904,mmlu-professional-law,6.0,0.07142857142857142
1925,4,consensus_summary,0.25,consensus_summary,1,0.25,mbpp,1.0,0.25,mmlu-high-school-world-history,1.0,0.25,mmlu-professional-law,1.0,0.25,,,
1926,336,hellaswag,0.5,hellaswag,168,0.5,mmlu-prehistory,38.0,0.1130952380952381,mmlu-miscellaneous,25.0,0.0744047619047619,mmlu-logical-fallacies,18.0,0.05357142857142857,mmlu-high-school-world-history,17.0,0.050595238095238096
1927,4,mmlu-high-school-world-history,1.0,mmlu-high-school-world-history,4,1.0,,,,,,,,,,,,
1928,427,mmlu-high-school-microeconomics,0.0936768149882904,mmlu-high-school-microeconomics,40,0.0936768149882904,mmlu-professional-accounting,40.0,0.0936768149882904,mmlu-high-school-macroeconomics,33.0,0.07728337236533958,mmlu-high-school-statistics,31.0,0.07259953161592506,mmlu-miscellaneous,28.0,0.06557377049180328
1929,749,hellaswag,0.7797062750333779,hellaswag,584,0.7797062750333779,mbpp,15.0,0.020026702269692925,mmlu-professional-psychology,14.0,0.018691588785046728,consensus_summary,13.0,0.017356475300400534,arc-challenge,10.0,0.01335113484646195
1930,55,mmlu-professional-medicine,0.4727272727272727,mmlu-professional-medicine,26,0.4727272727272727,hellaswag,7.0,0.12727272727272726,mmlu-nutrition,6.0,0.10909090909090909,mmlu-college-medicine,3.0,0.05454545454545454,mmlu-human-sexuality,3.0,0.05454545454545454
1931,4746,hellaswag,0.3413400758533502,hellaswag,1620,0.3413400758533502,arc-challenge,395.0,0.08322798145806995,winogrande,364.0,0.07669616519174041,mmlu-miscellaneous,173.0,0.036451748841129374,mmlu-professional-psychology,167.0,0.035187526337968816
1933,148,hellaswag,0.722972972972973,hellaswag,107,0.722972972972973,consensus_summary,10.0,0.06756756756756757,arc-challenge,5.0,0.033783783783783786,winogrande,5.0,0.033783783783783786,mmlu-clinical-knowledge,4.0,0.02702702702702703
1935,207,hellaswag,0.5458937198067633,hellaswag,113,0.5458937198067633,mmlu-professional-law,50.0,0.24154589371980675,mmlu-electrical-engineering,8.0,0.03864734299516908,mmlu-clinical-knowledge,4.0,0.01932367149758454,consensus_summary,3.0,0.014492753623188406
1936,1,mmlu-professional-law,1.0,mmlu-professional-law,1,1.0,,,,,,,,,,,,
1937,60,mbpp,0.5666666666666667,mbpp,34,0.5666666666666667,hellaswag,8.0,0.13333333333333333,mmlu-high-school-chemistry,4.0,0.06666666666666667,mmlu-high-school-mathematics,3.0,0.05,mmlu-abstract-algebra,2.0,0.03333333333333333
1938,589,hellaswag,0.6621392190152802,hellaswag,390,0.6621392190152802,mmlu-high-school-world-history,33.0,0.05602716468590832,mmlu-high-school-european-history,27.0,0.04584040747028863,mmlu-miscellaneous,26.0,0.044142614601018676,mmlu-professional-law,24.0,0.04074702886247878
1939,167,hellaswag,0.19161676646706588,hellaswag,32,0.19161676646706588,arc-challenge,30.0,0.17964071856287425,mmlu-high-school-psychology,20.0,0.11976047904191617,mmlu-professional-psychology,14.0,0.08383233532934131,mmlu-human-aging,13.0,0.07784431137724551
1940,2,consensus_summary,1.0,consensus_summary,2,1.0,,,,,,,,,,,,
1941,4242,winogrande,0.2388024516737388,winogrande,1013,0.2388024516737388,mmlu-miscellaneous,326.0,0.07685054219707685,hellaswag,308.0,0.07260726072607261,chinese_zodiac,284.0,0.06694955209806695,arc-challenge,265.0,0.06247053276756247
1942,6,hellaswag,0.8333333333333334,hellaswag,5,0.8333333333333334,mmlu-security-studies,1.0,0.16666666666666666,,,,,,,,,
1943,7,consensus_summary,0.42857142857142855,consensus_summary,3,0.42857142857142855,mmlu-college-medicine,2.0,0.2857142857142857,arc-challenge,1.0,0.14285714285714285,mmlu-professional-law,1.0,0.14285714285714285,,,
1944,74,hellaswag,0.22972972972972974,hellaswag,17,0.22972972972972974,mmlu-professional-law,10.0,0.13513513513513514,mmlu-electrical-engineering,7.0,0.0945945945945946,mmlu-high-school-european-history,6.0,0.08108108108108109,mbpp,5.0,0.06756756756756757
1945,1018,mmlu-miscellaneous,0.06777996070726916,mmlu-miscellaneous,69,0.06777996070726916,mmlu-high-school-us-history,66.0,0.06483300589390963,hellaswag,60.0,0.05893909626719057,mmlu-professional-law,49.0,0.0481335952848723,mmlu-high-school-macroeconomics,44.0,0.043222003929273084
1946,1,consensus_summary,1.0,consensus_summary,1,1.0,,,,,,,,,,,,
1947,6,abstract2title,0.5,abstract2title,3,0.5,hellaswag,1.0,0.16666666666666666,mbpp,1.0,0.16666666666666666,mmlu-professional-psychology,1.0,0.16666666666666666,,,
1949,1,hellaswag,1.0,hellaswag,1,1.0,,,,,,,,,,,,
1952,16,hellaswag,0.5,hellaswag,8,0.5,mmlu-high-school-world-history,3.0,0.1875,abstract2title,2.0,0.125,mmlu-professional-medicine,2.0,0.125,consensus_summary,1.0,0.0625
1953,3,mmlu-high-school-european-history,0.6666666666666666,mmlu-high-school-european-history,2,0.6666666666666666,hellaswag,1.0,0.3333333333333333,,,,,,,,,
1954,1008,hellaswag,0.16666666666666666,hellaswag,168,0.16666666666666666,abstract2title,151.0,0.1498015873015873,arc-challenge,84.0,0.08333333333333333,mmlu-miscellaneous,39.0,0.03869047619047619,mmlu-high-school-physics,38.0,0.037698412698412696
1958,39,hellaswag,0.38461538461538464,hellaswag,15,0.38461538461538464,mmlu-miscellaneous,5.0,0.1282051282051282,consensus_summary,4.0,0.10256410256410256,abstract2title,3.0,0.07692307692307693,mmlu-high-school-european-history,3.0,0.07692307692307693
1961,91,mmlu-high-school-psychology,0.23076923076923078,mmlu-high-school-psychology,21,0.23076923076923078,mmlu-professional-psychology,12.0,0.13186813186813187,mbpp,9.0,0.0989010989010989,arc-challenge,5.0,0.054945054945054944,mmlu-human-aging,5.0,0.054945054945054944
1962,1,mmlu-professional-law,1.0,mmlu-professional-law,1,1.0,,,,,,,,,,,,
1963,2,hellaswag,1.0,hellaswag,2,1.0,,,,,,,,,,,,
1964,756,hellaswag,0.4537037037037037,hellaswag,343,0.4537037037037037,mmlu-marketing,41.0,0.05423280423280423,mmlu-professional-law,34.0,0.04497354497354497,mmlu-professional-psychology,28.0,0.037037037037037035,mmlu-high-school-psychology,26.0,0.03439153439153439
1967,12,mmlu-jurisprudence,0.16666666666666666,mmlu-jurisprudence,2,0.16666666666666666,mmlu-world-religions,2.0,0.16666666666666666,mmlu-business-ethics,1.0,0.08333333333333333,mmlu-electrical-engineering,1.0,0.08333333333333333,mmlu-high-school-geography,1.0,0.08333333333333333
1970,303,hellaswag,0.5247524752475248,hellaswag,159,0.5247524752475248,arc-challenge,28.0,0.0924092409240924,consensus_summary,22.0,0.07260726072607261,mmlu-professional-psychology,9.0,0.0297029702970297,mmlu-high-school-psychology,8.0,0.026402640264026403
1973,36,hellaswag,0.4166666666666667,hellaswag,15,0.4166666666666667,winogrande,11.0,0.3055555555555556,mmlu-high-school-european-history,3.0,0.08333333333333333,arc-challenge,2.0,0.05555555555555555,mmlu-college-computer-science,1.0,0.027777777777777776
1974,21,hellaswag,0.47619047619047616,hellaswag,10,0.47619047619047616,mmlu-high-school-us-history,4.0,0.19047619047619047,mmlu-high-school-european-history,2.0,0.09523809523809523,arc-challenge,1.0,0.047619047619047616,chinese_shi_jing,1.0,0.047619047619047616
1975,2,abstract2title,0.5,abstract2title,1,0.5,hellaswag,1.0,0.5,,,,,,,,,
1976,3359,hellaswag,0.7832688300089312,hellaswag,2631,0.7832688300089312,arc-challenge,223.0,0.06638880619231914,mmlu-professional-law,159.0,0.04733551652277464,winogrande,128.0,0.038106579339089015,mmlu-miscellaneous,26.0,0.007740398928252456
1977,1,consensus_summary,1.0,consensus_summary,1,1.0,,,,,,,,,,,,
1978,5970,grade-school-math,0.998324958123953,grade-school-math,5960,0.998324958123953,mmlu-elementary-mathematics,3.0,0.0005025125628140704,mmlu-high-school-geography,2.0,0.00033500837520938025,hellaswag,1.0,0.00016750418760469013,mmlu-astronomy,1.0,0.00016750418760469013
1979,7,consensus_summary,0.42857142857142855,consensus_summary,3,0.42857142857142855,abstract2title,2.0,0.2857142857142857,hellaswag,1.0,0.14285714285714285,mmlu-moral-disputes,1.0,0.14285714285714285,,,
1980,286,hellaswag,0.9615384615384616,hellaswag,275,0.9615384615384616,abstract2title,1.0,0.0034965034965034965,chinese_hard_translations,1.0,0.0034965034965034965,mbpp,1.0,0.0034965034965034965,mmlu-college-physics,1.0,0.0034965034965034965
1983,1,consensus_summary,1.0,consensus_summary,1,1.0,,,,,,,,,,,,
1984,1264,hellaswag,0.8401898734177216,hellaswag,1062,0.8401898734177216,winogrande,35.0,0.027689873417721517,mmlu-miscellaneous,26.0,0.020569620253164556,arc-challenge,21.0,0.01661392405063291,mmlu-professional-law,14.0,0.011075949367088608
1985,7,mmlu-high-school-world-history,0.5714285714285714,mmlu-high-school-world-history,4,0.5714285714285714,consensus_summary,1.0,0.14285714285714285,mmlu-global-facts,1.0,0.14285714285714285,mmlu-virology,1.0,0.14285714285714285,,,
1986,189,mmlu-miscellaneous,0.2857142857142857,mmlu-miscellaneous,54,0.2857142857142857,mmlu-prehistory,29.0,0.15343915343915343,mbpp,8.0,0.042328042328042326,mmlu-high-school-geography,7.0,0.037037037037037035,hellaswag,6.0,0.031746031746031744
1987,2,mmlu-high-school-european-history,1.0,mmlu-high-school-european-history,2,1.0,,,,,,,,,,,,
1988,50,hellaswag,0.26,hellaswag,13,0.26,bias_detection,8.0,0.16,mmlu-high-school-statistics,5.0,0.1,mmlu-miscellaneous,5.0,0.1,mmlu-professional-law,5.0,0.1
1989,550,hellaswag,0.4218181818181818,hellaswag,232,0.4218181818181818,winogrande,161.0,0.2927272727272727,mmlu-professional-law,75.0,0.13636363636363635,arc-challenge,19.0,0.034545454545454546,mbpp,8.0,0.014545454545454545
1990,185,hellaswag,0.32972972972972975,hellaswag,61,0.32972972972972975,mmlu-professional-psychology,12.0,0.06486486486486487,arc-challenge,7.0,0.03783783783783784,mmlu-high-school-european-history,7.0,0.03783783783783784,mmlu-high-school-biology,6.0,0.032432432432432434
1993,61,hellaswag,0.4098360655737705,hellaswag,25,0.4098360655737705,arc-challenge,8.0,0.13114754098360656,mmlu-conceptual-physics,5.0,0.08196721311475409,mmlu-college-mathematics,2.0,0.03278688524590164,mmlu-econometrics,2.0,0.03278688524590164
1994,3598,hellaswag,0.16370205669816565,hellaswag,589,0.16370205669816565,arc-challenge,205.0,0.05697609783212896,mmlu-high-school-macroeconomics,196.0,0.054474708171206226,mmlu-professional-psychology,184.0,0.05113952195664258,mmlu-professional-law,175.0,0.048638132295719845
1996,16,hellaswag,0.375,hellaswag,6,0.375,mmlu-professional-law,2.0,0.125,mmlu-professional-psychology,2.0,0.125,mmlu-public-relations,2.0,0.125,mmlu-international-law,1.0,0.0625
1998,4,hellaswag,0.75,hellaswag,3,0.75,mmlu-miscellaneous,1.0,0.25,,,,,,,,,
2000,63,hellaswag,0.49206349206349204,hellaswag,31,0.49206349206349204,arc-challenge,4.0,0.06349206349206349,mmlu-conceptual-physics,4.0,0.06349206349206349,mmlu-high-school-physics,4.0,0.06349206349206349,mmlu-high-school-us-history,4.0,0.06349206349206349
2001,6000,grade-school-math,0.9933333333333333,grade-school-math,5960,0.9933333333333333,mmlu-elementary-mathematics,24.0,0.004,mmlu-high-school-statistics,8.0,0.0013333333333333333,mmlu-high-school-mathematics,5.0,0.0008333333333333334,mmlu-professional-accounting,2.0,0.0003333333333333333
2002,2,abstract2title,0.5,abstract2title,1,0.5,mtbench-reference,1.0,0.5,,,,,,,,,
2003,109,hellaswag,0.21100917431192662,hellaswag,23,0.21100917431192662,winogrande,21.0,0.1926605504587156,mmlu-elementary-mathematics,14.0,0.12844036697247707,mmlu-machine-learning,10.0,0.09174311926605505,mmlu-professional-law,7.0,0.06422018348623854
2004,1763,hellaswag,0.5609756097560976,hellaswag,989,0.5609756097560976,mmlu-professional-law,104.0,0.05899035734543392,winogrande,45.0,0.025524673851389675,mmlu-marketing,44.0,0.024957458876914352,mmlu-professional-psychology,42.0,0.0238230289279637
2005,767,hellaswag,0.4276401564537158,hellaswag,328,0.4276401564537158,mmlu-professional-psychology,48.0,0.06258148631029987,mmlu-clinical-knowledge,38.0,0.04954367666232073,mmlu-college-medicine,34.0,0.04432855280312908,mmlu-high-school-psychology,34.0,0.04432855280312908
2006,45,mmlu-abstract-algebra,0.1111111111111111,mmlu-abstract-algebra,5,0.1111111111111111,chinese_ancient_poetry,4.0,0.08888888888888889,abstract2title,3.0,0.06666666666666667,mmlu-high-school-psychology,3.0,0.06666666666666667,mmlu-miscellaneous,3.0,0.06666666666666667
2007,1549,hellaswag,0.5067785668173015,hellaswag,785,0.5067785668173015,arc-challenge,118.0,0.07617817947062622,mbpp,76.0,0.04906391220142027,mmlu-astronomy,58.0,0.03744351194318916,mmlu-professional-law,34.0,0.02194964493221433
2010,661,hellaswag,0.7866868381240545,hellaswag,520,0.7866868381240545,mbpp,19.0,0.028744326777609682,mmlu-conceptual-physics,11.0,0.01664145234493192,mmlu-miscellaneous,10.0,0.015128593040847202,arc-challenge,9.0,0.01361573373676248
2011,1,mmlu-professional-medicine,1.0,mmlu-professional-medicine,1,1.0,,,,,,,,,,,,
2012,18,mbpp,0.5,mbpp,9,0.5,hellaswag,8.0,0.4444444444444444,mmlu-electrical-engineering,1.0,0.05555555555555555,,,,,,
2013,181,hellaswag,0.292817679558011,hellaswag,53,0.292817679558011,arc-challenge,18.0,0.09944751381215469,mmlu-miscellaneous,16.0,0.08839779005524862,abstract2title,12.0,0.06629834254143646,consensus_summary,8.0,0.04419889502762431
2014,62,hellaswag,0.5483870967741935,hellaswag,34,0.5483870967741935,mmlu-high-school-european-history,8.0,0.12903225806451613,mmlu-high-school-world-history,4.0,0.06451612903225806,mmlu-prehistory,4.0,0.06451612903225806,mmlu-high-school-us-history,2.0,0.03225806451612903
2016,848,hellaswag,0.4681603773584906,hellaswag,397,0.4681603773584906,mmlu-miscellaneous,54.0,0.06367924528301887,mmlu-high-school-geography,47.0,0.055424528301886794,mmlu-us-foreign-policy,26.0,0.030660377358490566,mmlu-international-law,24.0,0.02830188679245283
2017,30,mmlu-professional-medicine,0.5666666666666667,mmlu-professional-medicine,17,0.5666666666666667,hellaswag,11.0,0.36666666666666664,mmlu-professional-accounting,1.0,0.03333333333333333,mmlu-professional-law,1.0,0.03333333333333333,,,
2018,135,abstract2title,0.23703703703703705,abstract2title,32,0.23703703703703705,hellaswag,29.0,0.21481481481481482,mmlu-computer-security,11.0,0.08148148148148149,mbpp,7.0,0.05185185185185185,winogrande,7.0,0.05185185185185185
2019,36,arc-challenge,0.16666666666666666,arc-challenge,6,0.16666666666666666,mmlu-high-school-biology,4.0,0.1111111111111111,winogrande,4.0,0.1111111111111111,mmlu-miscellaneous,3.0,0.08333333333333333,mmlu-philosophy,3.0,0.08333333333333333
2023,2446,hellaswag,0.8724448078495503,hellaswag,2134,0.8724448078495503,mmlu-professional-law,75.0,0.030662305805396566,arc-challenge,34.0,0.013900245298446443,mmlu-miscellaneous,34.0,0.013900245298446443,winogrande,30.0,0.012264922322158627
2024,594,hellaswag,0.11784511784511785,hellaswag,70,0.11784511784511785,arc-challenge,47.0,0.07912457912457913,mmlu-nutrition,32.0,0.05387205387205387,mmlu-professional-law,32.0,0.05387205387205387,mmlu-miscellaneous,29.0,0.04882154882154882
2025,531,hellaswag,0.2523540489642185,hellaswag,134,0.2523540489642185,mmlu-high-school-world-history,60.0,0.11299435028248588,mmlu-world-religions,46.0,0.08662900188323917,mmlu-high-school-geography,38.0,0.07156308851224105,mmlu-prehistory,38.0,0.07156308851224105
2026,1,consensus_summary,1.0,consensus_summary,1,1.0,,,,,,,,,,,,
2028,1,mmlu-high-school-microeconomics,1.0,mmlu-high-school-microeconomics,1,1.0,,,,,,,,,,,,
2030,434,hellaswag,0.26036866359447003,hellaswag,113,0.26036866359447003,mbpp,95.0,0.21889400921658986,mmlu-high-school-mathematics,20.0,0.04608294930875576,mmlu-college-mathematics,16.0,0.03686635944700461,mmlu-clinical-knowledge,15.0,0.03456221198156682
2031,11,mmlu-logical-fallacies,0.2727272727272727,mmlu-logical-fallacies,3,0.2727272727272727,arc-challenge,2.0,0.18181818181818182,hellaswag,1.0,0.09090909090909091,mmlu-college-computer-science,1.0,0.09090909090909091,mmlu-elementary-mathematics,1.0,0.09090909090909091
2032,256,bias_detection,0.4921875,bias_detection,126,0.4921875,hellaswag,60.0,0.234375,mmlu-marketing,19.0,0.07421875,mmlu-professional-law,8.0,0.03125,mmlu-public-relations,8.0,0.03125
2033,1,mbpp,1.0,mbpp,1,1.0,,,,,,,,,,,,
2035,973,hellaswag,0.23741007194244604,hellaswag,231,0.23741007194244604,mbpp,170.0,0.1747173689619733,mmlu-professional-psychology,66.0,0.06783144912641316,arc-challenge,38.0,0.03905447070914697,mmlu-college-physics,35.0,0.03597122302158273
2037,103,hellaswag,0.3300970873786408,hellaswag,34,0.3300970873786408,abstract2title,28.0,0.27184466019417475,mmlu-high-school-world-history,7.0,0.06796116504854369,mmlu-elementary-mathematics,4.0,0.038834951456310676,mmlu-high-school-mathematics,4.0,0.038834951456310676
2038,323,hellaswag,0.44891640866873067,hellaswag,145,0.44891640866873067,mmlu-high-school-statistics,35.0,0.10835913312693499,mmlu-econometrics,23.0,0.07120743034055728,mmlu-machine-learning,14.0,0.043343653250773995,mmlu-professional-law,11.0,0.034055727554179564
2040,26,hellaswag,0.8076923076923077,hellaswag,21,0.8076923076923077,mmlu-virology,2.0,0.07692307692307693,arc-challenge,1.0,0.038461538461538464,mmlu-econometrics,1.0,0.038461538461538464,mtbench,1.0,0.038461538461538464
2041,15,mmlu-miscellaneous,0.4666666666666667,mmlu-miscellaneous,7,0.4666666666666667,mmlu-high-school-us-history,4.0,0.26666666666666666,hellaswag,1.0,0.06666666666666667,mbpp,1.0,0.06666666666666667,mmlu-high-school-mathematics,1.0,0.06666666666666667
2043,9,hellaswag,0.7777777777777778,hellaswag,7,0.7777777777777778,abstract2title,1.0,0.1111111111111111,mmlu-nutrition,1.0,0.1111111111111111,,,,,,
2045,2007,hellaswag,0.5665171898355755,hellaswag,1137,0.5665171898355755,winogrande,173.0,0.08619830592924764,arc-challenge,130.0,0.06477329347284504,mmlu-high-school-psychology,74.0,0.03687095166915795,mmlu-professional-psychology,66.0,0.03288490284005979
2046,35,hellaswag,0.8571428571428571,hellaswag,30,0.8571428571428571,mmlu-professional-law,2.0,0.05714285714285714,mbpp,1.0,0.02857142857142857,mmlu-high-school-world-history,1.0,0.02857142857142857,mmlu-professional-medicine,1.0,0.02857142857142857
2047,346,hellaswag,0.8554913294797688,hellaswag,296,0.8554913294797688,mmlu-professional-law,16.0,0.046242774566473986,consensus_summary,9.0,0.02601156069364162,mmlu-nutrition,4.0,0.011560693641618497,mmlu-high-school-macroeconomics,3.0,0.008670520231213872
2050,77,hellaswag,0.11688311688311688,hellaswag,9,0.11688311688311688,mbpp,9.0,0.11688311688311688,mmlu-professional-accounting,8.0,0.1038961038961039,mmlu-high-school-macroeconomics,6.0,0.07792207792207792,mmlu-global-facts,5.0,0.06493506493506493
2053,136,hellaswag,0.5588235294117647,hellaswag,76,0.5588235294117647,mmlu-nutrition,17.0,0.125,mbpp,11.0,0.08088235294117647,consensus_summary,5.0,0.03676470588235294,winogrande,4.0,0.029411764705882353
2054,1,consensus_summary,1.0,consensus_summary,1,1.0,,,,,,,,,,,,
2056,17,mmlu-miscellaneous,0.35294117647058826,mmlu-miscellaneous,6,0.35294117647058826,hellaswag,5.0,0.29411764705882354,mmlu-high-school-geography,2.0,0.11764705882352941,mmlu-professional-psychology,2.0,0.11764705882352941,mmlu-high-school-psychology,1.0,0.058823529411764705
2057,24,mmlu-miscellaneous,0.3333333333333333,mmlu-miscellaneous,8,0.3333333333333333,winogrande,5.0,0.20833333333333334,hellaswag,3.0,0.125,mmlu-world-religions,3.0,0.125,mmlu-high-school-european-history,2.0,0.08333333333333333
2061,1402,hellaswag,0.5485021398002853,hellaswag,769,0.5485021398002853,arc-challenge,100.0,0.07132667617689016,mmlu-professional-law,65.0,0.046362339514978604,mmlu-miscellaneous,45.0,0.03209700427960057,winogrande,38.0,0.02710413694721826
2062,180,hellaswag,0.43333333333333335,hellaswag,78,0.43333333333333335,mmlu-nutrition,23.0,0.12777777777777777,mmlu-clinical-knowledge,13.0,0.07222222222222222,mmlu-high-school-chemistry,13.0,0.07222222222222222,mmlu-college-medicine,12.0,0.06666666666666667
2063,58,hellaswag,0.39655172413793105,hellaswag,23,0.39655172413793105,consensus_summary,6.0,0.10344827586206896,mmlu-high-school-european-history,6.0,0.10344827586206896,mbpp,3.0,0.05172413793103448,arc-challenge,2.0,0.034482758620689655
2064,2,consensus_summary,0.5,consensus_summary,1,0.5,mmlu-econometrics,1.0,0.5,,,,,,,,,
2065,565,hellaswag,0.5610619469026549,hellaswag,317,0.5610619469026549,abstract2title,119.0,0.21061946902654868,mbpp,16.0,0.02831858407079646,arc-challenge,12.0,0.021238938053097345,mmlu-machine-learning,10.0,0.017699115044247787
2066,2815,mmlu-moral-scenarios,0.23552397868561278,mmlu-moral-scenarios,663,0.23552397868561278,hellaswag,328.0,0.11651865008880995,mmlu-moral-disputes,153.0,0.05435168738898757,bias_detection,140.0,0.0497335701598579,mmlu-philosophy,126.0,0.044760213143872116
2068,1,abstract2title,1.0,abstract2title,1,1.0,,,,,,,,,,,,
2069,1260,hellaswag,0.4746031746031746,hellaswag,598,0.4746031746031746,mmlu-nutrition,108.0,0.08571428571428572,bias_detection,87.0,0.06904761904761905,arc-challenge,51.0,0.04047619047619048,consensus_summary,43.0,0.034126984126984124
2072,1220,hellaswag,0.4262295081967213,hellaswag,520,0.4262295081967213,winogrande,220.0,0.18032786885245902,mmlu-miscellaneous,56.0,0.04590163934426229,arc-challenge,55.0,0.045081967213114756,mmlu-anatomy,32.0,0.02622950819672131
2073,106,hellaswag,0.839622641509434,hellaswag,89,0.839622641509434,consensus_summary,3.0,0.02830188679245283,mmlu-professional-law,3.0,0.02830188679245283,mbpp,2.0,0.018867924528301886,mmlu-high-school-european-history,2.0,0.018867924528301886
2075,1984,hellaswag,0.5327620967741935,hellaswag,1057,0.5327620967741935,mmlu-miscellaneous,86.0,0.04334677419354839,arc-challenge,75.0,0.03780241935483871,mmlu-professional-law,74.0,0.037298387096774195,winogrande,47.0,0.023689516129032258
2076,197,hellaswag,0.583756345177665,hellaswag,115,0.583756345177665,mbpp,26.0,0.1319796954314721,mmlu-miscellaneous,9.0,0.04568527918781726,winogrande,8.0,0.04060913705583756,mmlu-elementary-mathematics,7.0,0.03553299492385787
2077,14,hellaswag,0.5,hellaswag,7,0.5,mmlu-professional-law,3.0,0.21428571428571427,mbpp,1.0,0.07142857142857142,mmlu-anatomy,1.0,0.07142857142857142,mmlu-machine-learning,1.0,0.07142857142857142
2079,189,hellaswag,0.3333333333333333,hellaswag,63,0.3333333333333333,mmlu-professional-psychology,18.0,0.09523809523809523,mmlu-high-school-psychology,9.0,0.047619047619047616,consensus_summary,8.0,0.042328042328042326,mmlu-high-school-macroeconomics,8.0,0.042328042328042326
2081,32,mmlu-high-school-macroeconomics,0.28125,mmlu-high-school-macroeconomics,9,0.28125,mmlu-global-facts,7.0,0.21875,mmlu-high-school-statistics,2.0,0.0625,consensus_summary,1.0,0.03125,mmlu-astronomy,1.0,0.03125
2082,678,hellaswag,0.6106194690265486,hellaswag,414,0.6106194690265486,mmlu-professional-law,38.0,0.05604719764011799,consensus_summary,18.0,0.02654867256637168,winogrande,18.0,0.02654867256637168,arc-challenge,17.0,0.025073746312684365
2083,15,arc-challenge,0.2,arc-challenge,3,0.2,hellaswag,2.0,0.13333333333333333,mmlu-professional-law,2.0,0.13333333333333333,winogrande,2.0,0.13333333333333333,mbpp,1.0,0.06666666666666667
2084,416,hellaswag,0.43990384615384615,hellaswag,183,0.43990384615384615,mmlu-miscellaneous,44.0,0.10576923076923077,arc-challenge,20.0,0.04807692307692308,mmlu-high-school-psychology,19.0,0.04567307692307692,mmlu-astronomy,11.0,0.026442307692307692
2085,41,hellaswag,0.17073170731707318,hellaswag,7,0.17073170731707318,mmlu-high-school-chemistry,6.0,0.14634146341463414,mmlu-miscellaneous,5.0,0.12195121951219512,arc-challenge,3.0,0.07317073170731707,mbpp,3.0,0.07317073170731707
2086,4,mbpp,1.0,mbpp,4,1.0,,,,,,,,,,,,
2087,438,hellaswag,0.545662100456621,hellaswag,239,0.545662100456621,abstract2title,137.0,0.3127853881278539,mmlu-professional-law,6.0,0.0136986301369863,arc-challenge,5.0,0.01141552511415525,consensus_summary,5.0,0.01141552511415525
2088,1293,hellaswag,0.35962877030162416,hellaswag,465,0.35962877030162416,winogrande,71.0,0.05491105955143078,mmlu-miscellaneous,62.0,0.04795050270688322,mmlu-professional-law,57.0,0.04408352668213457,arc-challenge,48.0,0.037122969837587005
2090,250,hellaswag,0.252,hellaswag,63,0.252,mmlu-computer-security,27.0,0.108,mmlu-high-school-computer-science,20.0,0.08,mmlu-college-computer-science,19.0,0.076,arc-challenge,13.0,0.052
2091,677,mmlu-high-school-microeconomics,0.1964549483013294,mmlu-high-school-microeconomics,133,0.1964549483013294,mmlu-high-school-macroeconomics,73.0,0.10782865583456426,mmlu-marketing,70.0,0.103397341211226,mmlu-philosophy,46.0,0.06794682422451995,mmlu-miscellaneous,33.0,0.04874446085672083
2092,706,bias_detection,0.17988668555240794,bias_detection,127,0.17988668555240794,hellaswag,123.0,0.17422096317280453,mmlu-high-school-us-history,80.0,0.11331444759206799,mbpp,65.0,0.09206798866855524,mmlu-professional-law,50.0,0.0708215297450425
2093,2233,hellaswag,0.3412449619346171,hellaswag,762,0.3412449619346171,mmlu-professional-law,166.0,0.07433945364979848,mmlu-elementary-mathematics,71.0,0.03179579041648007,mmlu-professional-accounting,68.0,0.03045230631437528,arc-challenge,67.0,0.03000447828034035
2094,16,hellaswag,0.3125,hellaswag,5,0.3125,mmlu-high-school-psychology,3.0,0.1875,mmlu-professional-psychology,2.0,0.125,winogrande,2.0,0.125,mmlu-college-computer-science,1.0,0.0625
2095,321,arc-challenge,0.19626168224299065,arc-challenge,63,0.19626168224299065,mmlu-high-school-macroeconomics,56.0,0.17445482866043613,winogrande,30.0,0.09345794392523364,mmlu-high-school-world-history,21.0,0.06542056074766354,mmlu-moral-disputes,17.0,0.0529595015576324
2096,168,hellaswag,0.16071428571428573,hellaswag,27,0.16071428571428573,mmlu-formal-logic,22.0,0.13095238095238096,mmlu-world-religions,17.0,0.10119047619047619,mbpp,13.0,0.07738095238095238,mmlu-high-school-geography,13.0,0.07738095238095238
2097,2,hellaswag,1.0,hellaswag,2,1.0,,,,,,,,,,,,
2098,1,hellaswag,1.0,hellaswag,1,1.0,,,,,,,,,,,,
2099,989,hellaswag,0.27098078867542974,hellaswag,268,0.27098078867542974,winogrande,104.0,0.1051567239635996,arc-challenge,66.0,0.06673407482305359,mmlu-miscellaneous,57.0,0.057633973710819006,mmlu-astronomy,49.0,0.04954499494438827
2101,1198,mmlu-moral-scenarios,0.5283806343906511,mmlu-moral-scenarios,633,0.5283806343906511,mmlu-professional-law,106.0,0.08848080133555926,mmlu-high-school-us-history,88.0,0.07345575959933222,bias_detection,76.0,0.06343906510851419,mmlu-high-school-european-history,36.0,0.03005008347245409
2104,20,hellaswag,0.65,hellaswag,13,0.65,mmlu-high-school-psychology,3.0,0.15,arc-challenge,1.0,0.05,mmlu-high-school-physics,1.0,0.05,mmlu-professional-law,1.0,0.05
2107,225,hellaswag,0.20444444444444446,hellaswag,46,0.20444444444444446,mmlu-professional-medicine,43.0,0.19111111111111112,mmlu-virology,39.0,0.17333333333333334,consensus_summary,28.0,0.12444444444444444,mmlu-high-school-macroeconomics,17.0,0.07555555555555556
2110,1256,hellaswag,0.7173566878980892,hellaswag,901,0.7173566878980892,arc-challenge,51.0,0.04060509554140127,winogrande,51.0,0.04060509554140127,mmlu-professional-law,33.0,0.026273885350318472,mmlu-high-school-psychology,20.0,0.01592356687898089
2112,1892,hellaswag,0.8424947145877378,hellaswag,1594,0.8424947145877378,arc-challenge,52.0,0.02748414376321353,winogrande,40.0,0.021141649048625793,mmlu-virology,29.0,0.0153276955602537,mmlu-high-school-psychology,28.0,0.014799154334038054
2113,2028,hellaswag,0.34368836291913213,hellaswag,697,0.34368836291913213,mmlu-professional-medicine,182.0,0.08974358974358974,mmlu-professional-law,122.0,0.0601577909270217,mmlu-nutrition,103.0,0.050788954635108484,arc-challenge,80.0,0.03944773175542406
2114,2763,mmlu-moral-scenarios,0.23995656894679696,mmlu-moral-scenarios,663,0.23995656894679696,mmlu-professional-law,494.0,0.17879116901918204,hellaswag,315.0,0.11400651465798045,mmlu-moral-disputes,131.0,0.04741223307998552,bias_detection,112.0,0.040535649656170826
2115,1,hellaswag,1.0,hellaswag,1,1.0,,,,,,,,,,,,
2116,23,winogrande,0.6086956521739131,winogrande,14,0.6086956521739131,consensus_summary,3.0,0.13043478260869565,mmlu-miscellaneous,3.0,0.13043478260869565,mmlu-professional-law,3.0,0.13043478260869565,,,
2117,55,hellaswag,0.43636363636363634,hellaswag,24,0.43636363636363634,mmlu-professional-law,5.0,0.09090909090909091,consensus_summary,4.0,0.07272727272727272,mmlu-astronomy,3.0,0.05454545454545454,winogrande,3.0,0.05454545454545454
2120,80,mmlu-professional-law,0.7125,mmlu-professional-law,57,0.7125,hellaswag,5.0,0.0625,mmlu-high-school-microeconomics,3.0,0.0375,mmlu-international-law,3.0,0.0375,mmlu-econometrics,2.0,0.025
2121,6020,grade-school-math,0.9900332225913622,grade-school-math,5960,0.9900332225913622,mmlu-professional-law,25.0,0.004152823920265781,hellaswag,8.0,0.00132890365448505,mmlu-high-school-us-history,4.0,0.000664451827242525,winogrande,4.0,0.000664451827242525
2122,1075,hellaswag,0.8772093023255814,hellaswag,943,0.8772093023255814,arc-challenge,24.0,0.022325581395348838,mmlu-high-school-statistics,14.0,0.013023255813953489,mmlu-moral-scenarios,13.0,0.012093023255813953,mmlu-elementary-mathematics,11.0,0.010232558139534883
2123,5979,grade-school-math,0.9968222110720857,grade-school-math,5960,0.9968222110720857,mmlu-computer-security,7.0,0.0011707643418631879,hellaswag,5.0,0.0008362602441879914,consensus_summary,2.0,0.0003345040976751965,mmlu-high-school-psychology,2.0,0.0003345040976751965
2124,918,hellaswag,0.9270152505446623,hellaswag,851,0.9270152505446623,mmlu-professional-law,16.0,0.017429193899782137,arc-challenge,12.0,0.013071895424836602,winogrande,10.0,0.010893246187363835,mmlu-high-school-world-history,4.0,0.004357298474945534
2125,14,mmlu-miscellaneous,0.2857142857142857,mmlu-miscellaneous,4,0.2857142857142857,hellaswag,3.0,0.21428571428571427,mmlu-college-biology,2.0,0.14285714285714285,mmlu-nutrition,2.0,0.14285714285714285,mmlu-astronomy,1.0,0.07142857142857142
2126,18,hellaswag,0.5555555555555556,hellaswag,10,0.5555555555555556,mmlu-elementary-mathematics,2.0,0.1111111111111111,arc-challenge,1.0,0.05555555555555555,mbpp,1.0,0.05555555555555555,mmlu-high-school-chemistry,1.0,0.05555555555555555
2127,842,hellaswag,0.6306413301662708,hellaswag,531,0.6306413301662708,chinese_zodiac,40.0,0.047505938242280284,mmlu-moral-disputes,32.0,0.03800475059382423,winogrande,27.0,0.032066508313539195,arc-challenge,22.0,0.026128266033254157
2128,19,hellaswag,0.3157894736842105,hellaswag,6,0.3157894736842105,abstract2title,2.0,0.10526315789473684,consensus_summary,2.0,0.10526315789473684,mmlu-us-foreign-policy,2.0,0.10526315789473684,arc-challenge,1.0,0.05263157894736842
2129,1482,hellaswag,0.35560053981106615,hellaswag,527,0.35560053981106615,mmlu-professional-law,338.0,0.22807017543859648,arc-challenge,65.0,0.043859649122807015,winogrande,58.0,0.03913630229419703,mmlu-miscellaneous,32.0,0.021592442645074223
2131,64,hellaswag,0.34375,hellaswag,22,0.34375,consensus_summary,16.0,0.25,mbpp,9.0,0.140625,arc-challenge,5.0,0.078125,mmlu-high-school-macroeconomics,4.0,0.0625
2132,6,mbpp,0.8333333333333334,mbpp,5,0.8333333333333334,hellaswag,1.0,0.16666666666666666,,,,,,,,,
2133,77,mmlu-medical-genetics,0.15584415584415584,mmlu-medical-genetics,12,0.15584415584415584,mmlu-high-school-psychology,10.0,0.12987012987012986,mbpp,7.0,0.09090909090909091,mmlu-high-school-biology,6.0,0.07792207792207792,mmlu-professional-psychology,6.0,0.07792207792207792
2134,194,hellaswag,0.18556701030927836,hellaswag,36,0.18556701030927836,consensus_summary,23.0,0.11855670103092783,mmlu-moral-scenarios,19.0,0.0979381443298969,mmlu-high-school-government-and-politics,13.0,0.06701030927835051,arc-challenge,11.0,0.05670103092783505
2135,3597,hellaswag,0.41673616902974703,hellaswag,1499,0.41673616902974703,winogrande,407.0,0.11314984709480122,mmlu-professional-law,278.0,0.07728662774534334,mmlu-professional-psychology,143.0,0.039755351681957186,mmlu-high-school-government-and-politics,99.0,0.027522935779816515
2136,1835,hellaswag,0.5209809264305177,hellaswag,956,0.5209809264305177,mmlu-professional-law,143.0,0.0779291553133515,mmlu-high-school-world-history,81.0,0.044141689373297,winogrande,81.0,0.044141689373297,mmlu-world-religions,55.0,0.02997275204359673
2137,42,hellaswag,0.8095238095238095,hellaswag,34,0.8095238095238095,mmlu-professional-law,4.0,0.09523809523809523,bias_detection,1.0,0.023809523809523808,mmlu-management,1.0,0.023809523809523808,mtbench-reference,1.0,0.023809523809523808
2140,482,bias_detection,0.29045643153526973,bias_detection,140,0.29045643153526973,mmlu-professional-law,66.0,0.13692946058091288,hellaswag,65.0,0.13485477178423236,mmlu-security-studies,21.0,0.043568464730290454,mmlu-computer-security,16.0,0.03319502074688797
2141,15,chinese_ancient_poetry,0.26666666666666666,chinese_ancient_poetry,4,0.26666666666666666,chinese_song_ci,3.0,0.2,mmlu-high-school-us-history,2.0,0.13333333333333333,chinese_poem,1.0,0.06666666666666667,consensus_summary,1.0,0.06666666666666667
2142,2369,arc-challenge,0.12325875897002955,arc-challenge,292,0.12325875897002955,mmlu-professional-psychology,186.0,0.07851414098775855,mmlu-high-school-psychology,180.0,0.07598142676234698,mmlu-moral-disputes,144.0,0.060785141409877584,mmlu-philosophy,131.0,0.05529759392148586
2143,485,hellaswag,0.25773195876288657,hellaswag,125,0.25773195876288657,mmlu-high-school-statistics,45.0,0.09278350515463918,mmlu-professional-law,23.0,0.04742268041237113,mmlu-security-studies,21.0,0.04329896907216495,arc-challenge,19.0,0.03917525773195876
2144,1494,mmlu-moral-scenarios,0.4431057563587684,mmlu-moral-scenarios,662,0.4431057563587684,mmlu-philosophy,73.0,0.048862115127175365,mmlu-professional-psychology,72.0,0.04819277108433735,mmlu-high-school-psychology,58.0,0.038821954484605084,mmlu-miscellaneous,56.0,0.03748326639892905
2145,126,hellaswag,0.4444444444444444,hellaswag,56,0.4444444444444444,winogrande,7.0,0.05555555555555555,mmlu-professional-law,6.0,0.047619047619047616,consensus_summary,4.0,0.031746031746031744,mbpp,4.0,0.031746031746031744
2148,61,mmlu-high-school-geography,0.21311475409836064,mmlu-high-school-geography,13,0.21311475409836064,mmlu-high-school-mathematics,10.0,0.16393442622950818,mmlu-high-school-macroeconomics,6.0,0.09836065573770492,mmlu-elementary-mathematics,5.0,0.08196721311475409,hellaswag,4.0,0.06557377049180328
2149,44,hellaswag,0.7272727272727273,hellaswag,32,0.7272727272727273,consensus_summary,5.0,0.11363636363636363,mmlu-high-school-us-history,3.0,0.06818181818181818,mmlu-professional-law,2.0,0.045454545454545456,bias_detection,1.0,0.022727272727272728
2150,356,mmlu-human-sexuality,0.10955056179775281,mmlu-human-sexuality,39,0.10955056179775281,hellaswag,34.0,0.09550561797752809,mmlu-moral-disputes,21.0,0.05898876404494382,mmlu-high-school-biology,19.0,0.05337078651685393,mmlu-professional-law,16.0,0.0449438202247191
2151,104,hellaswag,0.5673076923076923,hellaswag,59,0.5673076923076923,mmlu-elementary-mathematics,7.0,0.0673076923076923,mbpp,5.0,0.04807692307692308,mmlu-high-school-european-history,5.0,0.04807692307692308,mmlu-high-school-us-history,5.0,0.04807692307692308
2152,1941,chinese_zodiac,0.14631633178773829,chinese_zodiac,284,0.14631633178773829,mmlu-miscellaneous,173.0,0.08912931478619268,arc-challenge,142.0,0.07315816589386914,mmlu-high-school-macroeconomics,127.0,0.06543019062339,mmlu-elementary-mathematics,123.0,0.0633693972179289
2153,505,hellaswag,0.8712871287128713,hellaswag,440,0.8712871287128713,mmlu-world-religions,23.0,0.04554455445544554,consensus_summary,9.0,0.01782178217821782,winogrande,5.0,0.009900990099009901,arc-challenge,4.0,0.007920792079207921
2154,4,hellaswag,0.5,hellaswag,2,0.5,mmlu-clinical-knowledge,1.0,0.25,mmlu-professional-psychology,1.0,0.25,,,,,,
2156,315,consensus_summary,0.1492063492063492,consensus_summary,47,0.1492063492063492,hellaswag,35.0,0.1111111111111111,mmlu-professional-psychology,31.0,0.09841269841269841,mmlu-professional-law,28.0,0.08888888888888889,mmlu-high-school-psychology,23.0,0.07301587301587302
2157,1896,hellaswag,0.6777426160337553,hellaswag,1285,0.6777426160337553,mmlu-professional-law,79.0,0.041666666666666664,winogrande,65.0,0.034282700421940926,arc-challenge,58.0,0.03059071729957806,mmlu-security-studies,30.0,0.015822784810126583
2158,3,mbpp,1.0,mbpp,3,1.0,,,,,,,,,,,,
2160,53,hellaswag,0.5660377358490566,hellaswag,30,0.5660377358490566,mmlu-astronomy,4.0,0.07547169811320754,mmlu-high-school-world-history,4.0,0.07547169811320754,consensus_summary,3.0,0.05660377358490566,mmlu-human-aging,2.0,0.03773584905660377
2161,3,mmlu-abstract-algebra,1.0,mmlu-abstract-algebra,3,1.0,,,,,,,,,,,,
2163,61,hellaswag,0.6721311475409836,hellaswag,41,0.6721311475409836,mmlu-miscellaneous,7.0,0.11475409836065574,mmlu-high-school-government-and-politics,3.0,0.04918032786885246,mmlu-formal-logic,2.0,0.03278688524590164,mmlu-logical-fallacies,2.0,0.03278688524590164
2166,2694,hellaswag,0.3615441722345954,hellaswag,974,0.3615441722345954,arc-challenge,255.0,0.09465478841870824,mmlu-professional-law,111.0,0.04120267260579064,mmlu-professional-psychology,94.0,0.034892353377876766,mmlu-high-school-statistics,87.0,0.03229398663697105
2167,6,hellaswag,0.3333333333333333,hellaswag,2,0.3333333333333333,mmlu-high-school-chemistry,2.0,0.3333333333333333,arc-challenge,1.0,0.16666666666666666,mmlu-high-school-mathematics,1.0,0.16666666666666666,,,
2168,52,hellaswag,0.09615384615384616,hellaswag,5,0.09615384615384616,mmlu-electrical-engineering,5.0,0.09615384615384616,mmlu-high-school-statistics,5.0,0.09615384615384616,mmlu-college-physics,4.0,0.07692307692307693,mmlu-high-school-chemistry,4.0,0.07692307692307693
2169,910,hellaswag,0.3945054945054945,hellaswag,359,0.3945054945054945,mbpp,49.0,0.05384615384615385,abstract2title,44.0,0.04835164835164835,mmlu-high-school-mathematics,31.0,0.03406593406593406,arc-challenge,30.0,0.03296703296703297
2170,3,consensus_summary,1.0,consensus_summary,3,1.0,,,,,,,,,,,,
2171,206,hellaswag,0.3737864077669903,hellaswag,77,0.3737864077669903,arc-challenge,35.0,0.16990291262135923,winogrande,26.0,0.1262135922330097,mmlu-high-school-psychology,9.0,0.043689320388349516,mmlu-anatomy,6.0,0.02912621359223301
2172,502,winogrande,0.4601593625498008,winogrande,231,0.4601593625498008,arc-challenge,66.0,0.13147410358565736,mmlu-high-school-psychology,47.0,0.09362549800796813,mmlu-conceptual-physics,19.0,0.037848605577689244,mmlu-high-school-biology,17.0,0.03386454183266932
2174,147,bias_detection,0.6530612244897959,bias_detection,96,0.6530612244897959,mbpp,11.0,0.07482993197278912,hellaswag,8.0,0.05442176870748299,chinese_hard_translations,5.0,0.034013605442176874,mmlu-conceptual-physics,3.0,0.02040816326530612
2175,2101,mmlu-high-school-macroeconomics,0.12232270347453593,mmlu-high-school-macroeconomics,257,0.12232270347453593,mmlu-high-school-microeconomics,151.0,0.07187053783912423,mmlu-miscellaneous,128.0,0.06092336982389338,hellaswag,94.0,0.0447405997144217,mmlu-elementary-mathematics,91.0,0.043312708234174206
2176,171,hellaswag,0.29239766081871343,hellaswag,50,0.29239766081871343,bias_detection,38.0,0.2222222222222222,winogrande,16.0,0.0935672514619883,mmlu-professional-medicine,15.0,0.08771929824561403,abstract2title,7.0,0.04093567251461988
2177,285,hellaswag,0.3894736842105263,hellaswag,111,0.3894736842105263,mmlu-anatomy,24.0,0.08421052631578947,arc-challenge,19.0,0.06666666666666667,mbpp,11.0,0.03859649122807018,mmlu-high-school-mathematics,10.0,0.03508771929824561
2178,583,hellaswag,0.3481989708404803,hellaswag,203,0.3481989708404803,abstract2title,67.0,0.11492281303602059,mmlu-professional-medicine,56.0,0.09605488850771869,consensus_summary,49.0,0.08404802744425385,mmlu-nutrition,23.0,0.03945111492281304
2179,2,hellaswag,1.0,hellaswag,2,1.0,,,,,,,,,,,,
2180,82,hellaswag,0.6585365853658537,hellaswag,54,0.6585365853658537,mmlu-college-biology,7.0,0.08536585365853659,mmlu-anatomy,5.0,0.06097560975609756,consensus_summary,3.0,0.036585365853658534,arc-challenge,2.0,0.024390243902439025
2181,33,mmlu-high-school-psychology,0.42424242424242425,mmlu-high-school-psychology,14,0.42424242424242425,mmlu-professional-psychology,6.0,0.18181818181818182,mmlu-anatomy,3.0,0.09090909090909091,mmlu-human-aging,3.0,0.09090909090909091,abstract2title,2.0,0.06060606060606061
2182,624,hellaswag,0.3092948717948718,hellaswag,193,0.3092948717948718,mmlu-professional-law,84.0,0.1346153846153846,winogrande,33.0,0.052884615384615384,mmlu-professional-psychology,30.0,0.04807692307692308,mmlu-high-school-world-history,21.0,0.03365384615384615
2184,2,hellaswag,0.5,hellaswag,1,0.5,mtbench,1.0,0.5,,,,,,,,,
2185,3,mmlu-high-school-european-history,1.0,mmlu-high-school-european-history,3,1.0,,,,,,,,,,,,
2187,1406,hellaswag,0.2894736842105263,hellaswag,407,0.2894736842105263,arc-challenge,255.0,0.1813655761024182,abstract2title,91.0,0.06472261735419631,mmlu-conceptual-physics,56.0,0.03982930298719772,mmlu-miscellaneous,37.0,0.02631578947368421
2188,27,hellaswag,0.18518518518518517,hellaswag,5,0.18518518518518517,mmlu-high-school-european-history,5.0,0.18518518518518517,mmlu-high-school-world-history,3.0,0.1111111111111111,mmlu-professional-law,3.0,0.1111111111111111,mmlu-world-religions,3.0,0.1111111111111111
2189,81,hellaswag,0.5308641975308642,hellaswag,43,0.5308641975308642,consensus_summary,4.0,0.04938271604938271,mmlu-high-school-mathematics,4.0,0.04938271604938271,mmlu-astronomy,3.0,0.037037037037037035,mmlu-college-mathematics,3.0,0.037037037037037035
2190,2690,hellaswag,0.6486988847583643,hellaswag,1745,0.6486988847583643,arc-challenge,259.0,0.09628252788104089,winogrande,166.0,0.06171003717472119,mmlu-professional-law,60.0,0.022304832713754646,mmlu-high-school-biology,30.0,0.011152416356877323
2192,12,hellaswag,0.9166666666666666,hellaswag,11,0.9166666666666666,mmlu-professional-law,1.0,0.08333333333333333,,,,,,,,,
2193,2,hellaswag,0.5,hellaswag,1,0.5,mmlu-college-mathematics,1.0,0.5,,,,,,,,,
2195,19,consensus_summary,0.21052631578947367,consensus_summary,4,0.21052631578947367,abstract2title,2.0,0.10526315789473684,hellaswag,2.0,0.10526315789473684,mmlu-econometrics,2.0,0.10526315789473684,mmlu-high-school-psychology,2.0,0.10526315789473684
2196,40,hellaswag,0.2,hellaswag,8,0.2,arc-challenge,5.0,0.125,mmlu-astronomy,4.0,0.1,mmlu-high-school-physics,3.0,0.075,mmlu-us-foreign-policy,3.0,0.075
2197,722,arc-challenge,0.12326869806094183,arc-challenge,89,0.12326869806094183,hellaswag,79.0,0.10941828254847645,mmlu-elementary-mathematics,53.0,0.07340720221606649,mmlu-miscellaneous,51.0,0.07063711911357341,mmlu-conceptual-physics,41.0,0.05678670360110803
2198,4,abstract2title,1.0,abstract2title,4,1.0,,,,,,,,,,,,
2199,174,hellaswag,0.8103448275862069,hellaswag,141,0.8103448275862069,consensus_summary,8.0,0.04597701149425287,mmlu-computer-security,4.0,0.022988505747126436,mmlu-college-medicine,3.0,0.017241379310344827,winogrande,3.0,0.017241379310344827
2200,1,consensus_summary,1.0,consensus_summary,1,1.0,,,,,,,,,,,,
2203,38,mbpp,0.2631578947368421,mbpp,10,0.2631578947368421,mmlu-high-school-world-history,6.0,0.15789473684210525,hellaswag,5.0,0.13157894736842105,mmlu-high-school-computer-science,4.0,0.10526315789473684,mmlu-high-school-us-history,3.0,0.07894736842105263
2204,280,bias_detection,0.4,bias_detection,112,0.4,mmlu-high-school-psychology,21.0,0.075,mmlu-logical-fallacies,18.0,0.06428571428571428,hellaswag,17.0,0.060714285714285714,arc-challenge,14.0,0.05
2205,57,hellaswag,0.5964912280701754,hellaswag,34,0.5964912280701754,abstract2title,16.0,0.2807017543859649,mmlu-world-religions,2.0,0.03508771929824561,mmlu-college-computer-science,1.0,0.017543859649122806,mmlu-electrical-engineering,1.0,0.017543859649122806
2206,913,hellaswag,0.7382256297918949,hellaswag,674,0.7382256297918949,winogrande,64.0,0.0700985761226725,mmlu-miscellaneous,30.0,0.03285870755750274,mmlu-high-school-world-history,26.0,0.028477546549835708,arc-challenge,22.0,0.024096385542168676
2208,27,abstract2title,0.2962962962962963,abstract2title,8,0.2962962962962963,consensus_summary,8.0,0.2962962962962963,hellaswag,5.0,0.18518518518518517,mmlu-high-school-chemistry,2.0,0.07407407407407407,mmlu-human-aging,2.0,0.07407407407407407
2209,345,hellaswag,0.2956521739130435,hellaswag,102,0.2956521739130435,mmlu-computer-security,25.0,0.07246376811594203,mmlu-marketing,21.0,0.06086956521739131,mmlu-human-sexuality,17.0,0.04927536231884058,mmlu-professional-law,15.0,0.043478260869565216
2210,2107,hellaswag,0.5628856193640247,hellaswag,1186,0.5628856193640247,mmlu-professional-law,188.0,0.08922638822971049,winogrande,87.0,0.04129093497864262,mmlu-professional-psychology,58.0,0.027527289985761746,arc-challenge,46.0,0.021831988609397248
2212,3,mmlu-high-school-world-history,1.0,mmlu-high-school-world-history,3,1.0,,,,,,,,,,,,
2213,316,hellaswag,0.33544303797468356,hellaswag,106,0.33544303797468356,winogrande,37.0,0.11708860759493671,mmlu-professional-psychology,20.0,0.06329113924050633,mmlu-miscellaneous,13.0,0.04113924050632911,arc-challenge,11.0,0.03481012658227848
2214,1,abstract2title,1.0,abstract2title,1,1.0,,,,,,,,,,,,
2215,1735,mmlu-professional-law,0.15100864553314122,mmlu-professional-law,262,0.15100864553314122,hellaswag,157.0,0.0904899135446686,mmlu-philosophy,137.0,0.07896253602305475,mmlu-moral-disputes,101.0,0.05821325648414986,winogrande,96.0,0.0553314121037464
2216,211,hellaswag,0.1943127962085308,hellaswag,41,0.1943127962085308,winogrande,19.0,0.09004739336492891,mmlu-high-school-world-history,17.0,0.08056872037914692,chinese_ancient_masterpieces_dynasty,11.0,0.052132701421800945,mmlu-high-school-european-history,10.0,0.04739336492890995
2218,14,hellaswag,0.7142857142857143,hellaswag,10,0.7142857142857143,abstract2title,3.0,0.21428571428571427,mtbench,1.0,0.07142857142857142,,,,,,
2219,1793,winogrande,0.21360847741215838,winogrande,383,0.21360847741215838,hellaswag,251.0,0.1399888455103179,mmlu-philosophy,180.0,0.1003904071388734,arc-challenge,119.0,0.06636921360847742,mmlu-moral-disputes,108.0,0.06023424428332404
2220,53,abstract2title,0.7924528301886793,abstract2title,42,0.7924528301886793,consensus_summary,4.0,0.07547169811320754,mmlu-college-physics,2.0,0.03773584905660377,arc-challenge,1.0,0.018867924528301886,hellaswag,1.0,0.018867924528301886
2221,4,mmlu-high-school-world-history,0.5,mmlu-high-school-world-history,2,0.5,consensus_summary,1.0,0.25,mmlu-miscellaneous,1.0,0.25,,,,,,
2222,354,hellaswag,0.22033898305084745,hellaswag,78,0.22033898305084745,mmlu-high-school-psychology,74.0,0.20903954802259886,mmlu-professional-psychology,54.0,0.15254237288135594,consensus_summary,30.0,0.0847457627118644,mmlu-human-aging,12.0,0.03389830508474576
2223,1,consensus_summary,1.0,consensus_summary,1,1.0,,,,,,,,,,,,
2225,1753,hellaswag,0.5025670279520822,hellaswag,881,0.5025670279520822,mmlu-marketing,112.0,0.0638904734740445,mmlu-high-school-microeconomics,80.0,0.045636052481460354,mmlu-professional-law,75.0,0.04278379920136908,winogrande,66.0,0.037649743297204795
2226,337,hellaswag,0.2551928783382789,hellaswag,86,0.2551928783382789,mmlu-high-school-psychology,22.0,0.06528189910979229,mmlu-professional-psychology,22.0,0.06528189910979229,mmlu-miscellaneous,17.0,0.050445103857566766,mmlu-elementary-mathematics,16.0,0.04747774480712166
2227,5960,grade-school-math,1.0,grade-school-math,5960,1.0,,,,,,,,,,,,
2228,88,hellaswag,0.3181818181818182,hellaswag,28,0.3181818181818182,mmlu-college-chemistry,5.0,0.056818181818181816,mmlu-miscellaneous,5.0,0.056818181818181816,arc-challenge,4.0,0.045454545454545456,mmlu-college-physics,4.0,0.045454545454545456
2229,888,mmlu-professional-psychology,0.08896396396396396,mmlu-professional-psychology,79,0.08896396396396396,mmlu-high-school-government-and-politics,72.0,0.08108108108108109,mmlu-high-school-statistics,68.0,0.07657657657657657,mmlu-elementary-mathematics,57.0,0.06418918918918919,mmlu-high-school-psychology,50.0,0.05630630630630631
2230,8,hellaswag,1.0,hellaswag,8,1.0,,,,,,,,,,,,
2231,23,hellaswag,0.5652173913043478,hellaswag,13,0.5652173913043478,mmlu-high-school-geography,2.0,0.08695652173913043,mmlu-high-school-us-history,2.0,0.08695652173913043,mtbench,2.0,0.08695652173913043,mmlu-computer-security,1.0,0.043478260869565216
2233,196,hellaswag,0.1989795918367347,hellaswag,39,0.1989795918367347,mmlu-nutrition,28.0,0.14285714285714285,mmlu-professional-law,15.0,0.07653061224489796,arc-challenge,13.0,0.0663265306122449,mbpp,9.0,0.04591836734693878
2234,100,chinese_zodiac,0.66,chinese_zodiac,66,0.66,hellaswag,14.0,0.14,mbpp,9.0,0.09,mmlu-high-school-world-history,5.0,0.05,mmlu-professional-law,3.0,0.03
2235,84,winogrande,0.27380952380952384,winogrande,23,0.27380952380952384,mmlu-miscellaneous,16.0,0.19047619047619047,mmlu-philosophy,10.0,0.11904761904761904,mmlu-high-school-macroeconomics,6.0,0.07142857142857142,hellaswag,5.0,0.05952380952380952
2236,2246,hellaswag,0.6188780053428317,hellaswag,1390,0.6188780053428317,arc-challenge,294.0,0.13089937666963491,winogrande,58.0,0.025823686553873553,mmlu-high-school-chemistry,54.0,0.02404274265360641,mmlu-conceptual-physics,32.0,0.014247551202137132
2240,219,mmlu-logical-fallacies,0.1095890410958904,mmlu-logical-fallacies,24,0.1095890410958904,mmlu-global-facts,22.0,0.1004566210045662,winogrande,22.0,0.1004566210045662,mmlu-miscellaneous,21.0,0.0958904109589041,mmlu-elementary-mathematics,19.0,0.0867579908675799
2243,23,hellaswag,0.6956521739130435,hellaswag,16,0.6956521739130435,winogrande,3.0,0.13043478260869565,mmlu-high-school-mathematics,2.0,0.08695652173913043,mbpp,1.0,0.043478260869565216,mmlu-miscellaneous,1.0,0.043478260869565216
2244,22,winogrande,0.2727272727272727,winogrande,6,0.2727272727272727,hellaswag,3.0,0.13636363636363635,mmlu-philosophy,2.0,0.09090909090909091,mmlu-world-religions,2.0,0.09090909090909091,mbpp,1.0,0.045454545454545456
2245,202,hellaswag,0.15346534653465346,hellaswag,31,0.15346534653465346,mmlu-machine-learning,23.0,0.11386138613861387,mmlu-professional-psychology,18.0,0.0891089108910891,mmlu-high-school-psychology,16.0,0.07920792079207921,mmlu-miscellaneous,15.0,0.07425742574257425
2246,71,hellaswag,0.3380281690140845,hellaswag,24,0.3380281690140845,bias_detection,17.0,0.23943661971830985,mmlu-security-studies,6.0,0.08450704225352113,mmlu-high-school-mathematics,5.0,0.07042253521126761,mmlu-elementary-mathematics,3.0,0.04225352112676056
2247,3,hellaswag,1.0,hellaswag,3,1.0,,,,,,,,,,,,
2248,1,consensus_summary,1.0,consensus_summary,1,1.0,,,,,,,,,,,,
2251,29,mmlu-professional-law,0.3103448275862069,mmlu-professional-law,9,0.3103448275862069,mmlu-high-school-us-history,5.0,0.1724137931034483,mmlu-college-chemistry,3.0,0.10344827586206896,mmlu-miscellaneous,2.0,0.06896551724137931,consensus_summary,1.0,0.034482758620689655
2252,198,hellaswag,0.20707070707070707,hellaswag,41,0.20707070707070707,arc-challenge,22.0,0.1111111111111111,mbpp,19.0,0.09595959595959595,mmlu-conceptual-physics,11.0,0.05555555555555555,mmlu-electrical-engineering,8.0,0.04040404040404041
2253,222,hellaswag,0.5855855855855856,hellaswag,130,0.5855855855855856,mmlu-professional-law,22.0,0.0990990990990991,mmlu-high-school-physics,9.0,0.04054054054054054,mmlu-miscellaneous,8.0,0.036036036036036036,winogrande,6.0,0.02702702702702703
2254,1,mmlu-miscellaneous,1.0,mmlu-miscellaneous,1,1.0,,,,,,,,,,,,
2255,25,arc-challenge,0.76,arc-challenge,19,0.76,mmlu-conceptual-physics,1.0,0.04,mmlu-high-school-biology,1.0,0.04,mmlu-high-school-mathematics,1.0,0.04,mmlu-high-school-psychology,1.0,0.04
2256,2571,hellaswag,0.21275768183586152,hellaswag,547,0.21275768183586152,arc-challenge,358.0,0.13924542979385454,mmlu-high-school-biology,159.0,0.061843640606767794,mmlu-miscellaneous,116.0,0.045118630882924934,mmlu-high-school-macroeconomics,111.0,0.043173862310385065
2257,598,hellaswag,0.2692307692307692,hellaswag,161,0.2692307692307692,arc-challenge,77.0,0.12876254180602006,mmlu-high-school-biology,42.0,0.07023411371237458,consensus_summary,38.0,0.06354515050167224,mmlu-prehistory,30.0,0.05016722408026756
2259,1,abstract2title,1.0,abstract2title,1,1.0,,,,,,,,,,,,
2260,1073,hellaswag,0.8024231127679403,hellaswag,861,0.8024231127679403,mmlu-professional-law,20.0,0.01863932898415657,mbpp,17.0,0.015843429636533086,mmlu-elementary-mathematics,13.0,0.012115563839701771,arc-challenge,12.0,0.011183597390493943
2261,57,abstract2title,0.7368421052631579,abstract2title,42,0.7368421052631579,hellaswag,6.0,0.10526315789473684,mbpp,4.0,0.07017543859649122,mmlu-high-school-psychology,2.0,0.03508771929824561,mmlu-clinical-knowledge,1.0,0.017543859649122806
2262,5,hellaswag,0.6,hellaswag,3,0.6,mmlu-professional-medicine,1.0,0.2,winogrande,1.0,0.2,,,,,,
2263,36,hellaswag,0.3888888888888889,hellaswag,14,0.3888888888888889,arc-challenge,8.0,0.2222222222222222,winogrande,5.0,0.1388888888888889,mmlu-high-school-us-history,3.0,0.08333333333333333,consensus_summary,1.0,0.027777777777777776
2264,18,hellaswag,0.4444444444444444,hellaswag,8,0.4444444444444444,consensus_summary,3.0,0.16666666666666666,mmlu-high-school-psychology,2.0,0.1111111111111111,mmlu-high-school-statistics,2.0,0.1111111111111111,mmlu-college-medicine,1.0,0.05555555555555555
2265,2,consensus_summary,1.0,consensus_summary,2,1.0,,,,,,,,,,,,
2266,34,hellaswag,0.4117647058823529,hellaswag,14,0.4117647058823529,arc-challenge,3.0,0.08823529411764706,mmlu-econometrics,3.0,0.08823529411764706,mmlu-elementary-mathematics,2.0,0.058823529411764705,mmlu-high-school-mathematics,2.0,0.058823529411764705
2267,54,hellaswag,0.5740740740740741,hellaswag,31,0.5740740740740741,mmlu-conceptual-physics,4.0,0.07407407407407407,mmlu-electrical-engineering,3.0,0.05555555555555555,mmlu-college-mathematics,2.0,0.037037037037037035,mmlu-college-physics,2.0,0.037037037037037035
2269,7,hellaswag,0.42857142857142855,hellaswag,3,0.42857142857142855,mmlu-computer-security,2.0,0.2857142857142857,mmlu-high-school-mathematics,1.0,0.14285714285714285,mmlu-professional-medicine,1.0,0.14285714285714285,,,
2270,111,hellaswag,0.4864864864864865,hellaswag,54,0.4864864864864865,arc-challenge,21.0,0.1891891891891892,consensus_summary,7.0,0.06306306306306306,mmlu-professional-law,5.0,0.04504504504504504,mmlu-high-school-mathematics,3.0,0.02702702702702703
2271,12,mmlu-college-biology,0.25,mmlu-college-biology,3,0.25,mmlu-anatomy,2.0,0.16666666666666666,mmlu-miscellaneous,2.0,0.16666666666666666,mmlu-college-medicine,1.0,0.08333333333333333,mmlu-high-school-biology,1.0,0.08333333333333333
2272,4,mbpp,0.25,mbpp,1,0.25,mmlu-high-school-biology,1.0,0.25,mmlu-high-school-chemistry,1.0,0.25,mmlu-machine-learning,1.0,0.25,,,
2273,94,mbpp,0.30851063829787234,mbpp,29,0.30851063829787234,hellaswag,27.0,0.2872340425531915,mmlu-professional-medicine,13.0,0.13829787234042554,mmlu-nutrition,4.0,0.0425531914893617,winogrande,4.0,0.0425531914893617
2274,32,hellaswag,0.875,hellaswag,28,0.875,mmlu-high-school-us-history,2.0,0.0625,bias_detection,1.0,0.03125,consensus_summary,1.0,0.03125,,,
2275,6,hellaswag,0.5,hellaswag,3,0.5,abstract2title,1.0,0.16666666666666666,mmlu-elementary-mathematics,1.0,0.16666666666666666,mtbench,1.0,0.16666666666666666,,,
2276,1930,hellaswag,0.3404145077720207,hellaswag,657,0.3404145077720207,winogrande,177.0,0.09170984455958549,mmlu-high-school-statistics,83.0,0.043005181347150256,mmlu-professional-accounting,83.0,0.043005181347150256,mbpp,80.0,0.04145077720207254
2277,1155,hellaswag,0.8095238095238095,hellaswag,935,0.8095238095238095,consensus_summary,34.0,0.02943722943722944,winogrande,23.0,0.019913419913419914,mmlu-professional-medicine,16.0,0.013852813852813853,mmlu-miscellaneous,13.0,0.011255411255411256
2278,350,hellaswag,0.3,hellaswag,105,0.3,mmlu-formal-logic,28.0,0.08,Chinese_character_riddles,22.0,0.06285714285714286,mmlu-professional-medicine,20.0,0.05714285714285714,chinese_homonym,16.0,0.045714285714285714
2279,142,mmlu-professional-psychology,0.2112676056338028,mmlu-professional-psychology,30,0.2112676056338028,mmlu-high-school-psychology,22.0,0.15492957746478872,consensus_summary,17.0,0.11971830985915492,mmlu-us-foreign-policy,7.0,0.04929577464788732,arc-challenge,6.0,0.04225352112676056
2280,104,hellaswag,0.19230769230769232,hellaswag,20,0.19230769230769232,mmlu-miscellaneous,10.0,0.09615384615384616,mmlu-high-school-government-and-politics,9.0,0.08653846153846154,mmlu-moral-disputes,8.0,0.07692307692307693,mmlu-high-school-world-history,5.0,0.04807692307692308
2282,4235,hellaswag,0.4977567886658796,hellaswag,2108,0.4977567886658796,winogrande,662.0,0.1563164108618654,arc-challenge,347.0,0.08193624557260921,mmlu-miscellaneous,192.0,0.045336481700118066,mmlu-philosophy,128.0,0.030224321133412044
2283,2,abstract2title,0.5,abstract2title,1,0.5,consensus_summary,1.0,0.5,,,,,,,,,
2284,36,hellaswag,0.75,hellaswag,27,0.75,mbpp,4.0,0.1111111111111111,mmlu-human-aging,2.0,0.05555555555555555,winogrande,2.0,0.05555555555555555,mmlu-high-school-government-and-politics,1.0,0.027777777777777776
2285,2149,mmlu-professional-law,0.16938110749185667,mmlu-professional-law,364,0.16938110749185667,hellaswag,204.0,0.0949278734295021,mmlu-marketing,128.0,0.05956258724988367,bias_detection,111.0,0.05165193113075849,mmlu-professional-psychology,105.0,0.048859934853420196
2289,1,mmlu-high-school-us-history,1.0,mmlu-high-school-us-history,1,1.0,,,,,,,,,,,,
2290,1,hellaswag,1.0,hellaswag,1,1.0,,,,,,,,,,,,
2291,41,abstract2title,0.21951219512195122,abstract2title,9,0.21951219512195122,arc-challenge,8.0,0.1951219512195122,mmlu-college-computer-science,6.0,0.14634146341463414,mmlu-high-school-macroeconomics,3.0,0.07317073170731707,mmlu-philosophy,3.0,0.07317073170731707
2293,3,mtbench,0.6666666666666666,mtbench,2,0.6666666666666666,hellaswag,1.0,0.3333333333333333,,,,,,,,,
2295,84,arc-challenge,0.27380952380952384,arc-challenge,23,0.27380952380952384,hellaswag,10.0,0.11904761904761904,mmlu-high-school-biology,6.0,0.07142857142857142,consensus_summary,5.0,0.05952380952380952,mmlu-virology,5.0,0.05952380952380952
2296,1,hellaswag,1.0,hellaswag,1,1.0,,,,,,,,,,,,
2301,54,hellaswag,0.4444444444444444,hellaswag,24,0.4444444444444444,mmlu-miscellaneous,12.0,0.2222222222222222,mmlu-logical-fallacies,5.0,0.09259259259259259,mmlu-philosophy,3.0,0.05555555555555555,mmlu-world-religions,3.0,0.05555555555555555
2302,177,winogrande,0.4971751412429379,winogrande,88,0.4971751412429379,mmlu-professional-law,16.0,0.0903954802259887,hellaswag,11.0,0.062146892655367235,mmlu-high-school-psychology,11.0,0.062146892655367235,mmlu-miscellaneous,8.0,0.04519774011299435
2303,1,hellaswag,1.0,hellaswag,1,1.0,,,,,,,,,,,,
2304,16,mmlu-high-school-european-history,0.3125,mmlu-high-school-european-history,5,0.3125,hellaswag,4.0,0.25,mmlu-high-school-world-history,4.0,0.25,mmlu-high-school-us-history,2.0,0.125,mmlu-college-medicine,1.0,0.0625
2305,743,hellaswag,0.3781965006729475,hellaswag,281,0.3781965006729475,mmlu-professional-law,97.0,0.13055181695827725,mmlu-moral-scenarios,45.0,0.06056527590847914,mbpp,36.0,0.04845222072678331,consensus_summary,23.0,0.03095558546433378
2306,1692,hellaswag,0.2541371158392435,hellaswag,430,0.2541371158392435,arc-challenge,138.0,0.08156028368794327,mmlu-high-school-statistics,68.0,0.04018912529550828,mmlu-high-school-psychology,67.0,0.03959810874704492,mmlu-professional-psychology,65.0,0.0384160756501182
2307,808,hellaswag,0.6188118811881188,hellaswag,500,0.6188118811881188,mmlu-professional-medicine,28.0,0.034653465346534656,consensus_summary,24.0,0.0297029702970297,mmlu-moral-disputes,20.0,0.024752475247524754,arc-challenge,16.0,0.019801980198019802
2308,21,mmlu-high-school-psychology,0.14285714285714285,mmlu-high-school-psychology,3,0.14285714285714285,mmlu-professional-law,3.0,0.14285714285714285,mmlu-professional-psychology,3.0,0.14285714285714285,hellaswag,2.0,0.09523809523809523,mmlu-global-facts,2.0,0.09523809523809523
2311,3,hellaswag,0.3333333333333333,hellaswag,1,0.3333333333333333,mmlu-high-school-european-history,1.0,0.3333333333333333,mmlu-professional-medicine,1.0,0.3333333333333333,,,,,,
2313,73,hellaswag,0.1506849315068493,hellaswag,11,0.1506849315068493,mmlu-high-school-world-history,7.0,0.0958904109589041,arc-challenge,6.0,0.0821917808219178,mmlu-high-school-chemistry,6.0,0.0821917808219178,mmlu-high-school-physics,6.0,0.0821917808219178
2314,1,hellaswag,1.0,hellaswag,1,1.0,,,,,,,,,,,,
2315,44,hellaswag,0.2727272727272727,hellaswag,12,0.2727272727272727,consensus_summary,9.0,0.20454545454545456,arc-challenge,4.0,0.09090909090909091,mmlu-professional-law,4.0,0.09090909090909091,mmlu-high-school-us-history,3.0,0.06818181818181818
2316,16,hellaswag,0.375,hellaswag,6,0.375,mmlu-econometrics,6.0,0.375,accounting_audit,1.0,0.0625,consensus_summary,1.0,0.0625,mmlu-conceptual-physics,1.0,0.0625
2318,1,consensus_summary,1.0,consensus_summary,1,1.0,,,,,,,,,,,,
2319,26,mbpp,0.38461538461538464,mbpp,10,0.38461538461538464,mmlu-professional-law,4.0,0.15384615384615385,accounting_audit,3.0,0.11538461538461539,hellaswag,3.0,0.11538461538461539,mmlu-high-school-world-history,2.0,0.07692307692307693
2321,79,hellaswag,0.8227848101265823,hellaswag,65,0.8227848101265823,mmlu-high-school-world-history,4.0,0.05063291139240506,mmlu-econometrics,2.0,0.02531645569620253,winogrande,2.0,0.02531645569620253,arc-challenge,1.0,0.012658227848101266
2322,2,hellaswag,0.5,hellaswag,1,0.5,mmlu-professional-law,1.0,0.5,,,,,,,,,
2323,12,hellaswag,0.25,hellaswag,3,0.25,consensus_summary,2.0,0.16666666666666666,mmlu-clinical-knowledge,1.0,0.08333333333333333,mmlu-college-computer-science,1.0,0.08333333333333333,mmlu-econometrics,1.0,0.08333333333333333
2324,13,mbpp,0.38461538461538464,mbpp,5,0.38461538461538464,hellaswag,4.0,0.3076923076923077,winogrande,2.0,0.15384615384615385,mmlu-professional-law,1.0,0.07692307692307693,mtbench,1.0,0.07692307692307693
2325,121,hellaswag,0.3305785123966942,hellaswag,40,0.3305785123966942,consensus_summary,23.0,0.19008264462809918,mmlu-nutrition,9.0,0.0743801652892562,mmlu-professional-psychology,7.0,0.05785123966942149,mmlu-philosophy,6.0,0.049586776859504134
2327,144,hellaswag,0.2986111111111111,hellaswag,43,0.2986111111111111,mmlu-professional-psychology,27.0,0.1875,mmlu-high-school-psychology,18.0,0.125,consensus_summary,9.0,0.0625,mmlu-medical-genetics,7.0,0.04861111111111111
2328,74,chinese_zodiac,0.5405405405405406,chinese_zodiac,40,0.5405405405405406,mmlu-high-school-european-history,8.0,0.10810810810810811,mmlu-professional-law,7.0,0.0945945945945946,hellaswag,6.0,0.08108108108108109,chinese_ancient_masterpieces_dynasty,5.0,0.06756756756756757
2329,1825,hellaswag,0.37643835616438354,hellaswag,687,0.37643835616438354,mbpp,234.0,0.12821917808219177,bias_detection,137.0,0.07506849315068494,arc-challenge,62.0,0.03397260273972603,consensus_summary,40.0,0.021917808219178082
2330,2326,hellaswag,0.4621668099742046,hellaswag,1075,0.4621668099742046,mmlu-professional-law,200.0,0.08598452278589853,winogrande,146.0,0.06276870163370593,arc-challenge,115.0,0.049441100601891656,mmlu-virology,50.0,0.021496130696474634
2331,31,mmlu-econometrics,0.3548387096774194,mmlu-econometrics,11,0.3548387096774194,mmlu-high-school-world-history,6.0,0.1935483870967742,consensus_summary,3.0,0.0967741935483871,mmlu-electrical-engineering,3.0,0.0967741935483871,mmlu-college-chemistry,2.0,0.06451612903225806
2332,1857,hellaswag,0.8659127625201939,hellaswag,1608,0.8659127625201939,arc-challenge,47.0,0.025309639203015617,winogrande,32.0,0.01723209477652127,mmlu-miscellaneous,23.0,0.012385568120624663,mmlu-high-school-chemistry,19.0,0.010231556273559504
2333,44,hellaswag,0.5909090909090909,hellaswag,26,0.5909090909090909,mmlu-high-school-european-history,5.0,0.11363636363636363,mmlu-high-school-world-history,4.0,0.09090909090909091,consensus_summary,2.0,0.045454545454545456,mbpp,2.0,0.045454545454545456
2334,687,hellaswag,0.5254730713245997,hellaswag,361,0.5254730713245997,mmlu-nutrition,46.0,0.06695778748180495,mmlu-clinical-knowledge,32.0,0.046579330422125184,mmlu-professional-medicine,27.0,0.039301310043668124,mmlu-college-medicine,24.0,0.034934497816593885
2335,183,hellaswag,0.5409836065573771,hellaswag,99,0.5409836065573771,mbpp,23.0,0.12568306010928962,winogrande,9.0,0.04918032786885246,mmlu-high-school-computer-science,5.0,0.0273224043715847,mmlu-college-computer-science,4.0,0.02185792349726776
2336,2,consensus_summary,0.5,consensus_summary,1,0.5,mmlu-marketing,1.0,0.5,,,,,,,,,
2337,7234,grade-school-math,0.8238871993364667,grade-school-math,5960,0.8238871993364667,hellaswag,357.0,0.04935029029582527,mmlu-elementary-mathematics,181.0,0.02502073541609068,mmlu-professional-law,152.0,0.021011888305225324,arc-challenge,104.0,0.014376555156206802
2338,171,hellaswag,0.42105263157894735,hellaswag,72,0.42105263157894735,mmlu-nutrition,10.0,0.05847953216374269,arc-challenge,9.0,0.05263157894736842,consensus_summary,8.0,0.04678362573099415,mmlu-high-school-biology,7.0,0.04093567251461988
2341,1439,hellaswag,0.5837387074357192,hellaswag,840,0.5837387074357192,mmlu-professional-law,109.0,0.07574704656011119,arc-challenge,46.0,0.031966643502432245,winogrande,35.0,0.024322446143154968,mmlu-miscellaneous,29.0,0.020152883947185545
2342,41,hellaswag,0.36585365853658536,hellaswag,15,0.36585365853658536,winogrande,8.0,0.1951219512195122,mmlu-sociology,3.0,0.07317073170731707,mmlu-high-school-psychology,2.0,0.04878048780487805,mmlu-human-aging,2.0,0.04878048780487805
2343,163,hellaswag,0.9141104294478528,hellaswag,149,0.9141104294478528,mmlu-security-studies,3.0,0.018404907975460124,mtbench,2.0,0.012269938650306749,consensus_summary,1.0,0.006134969325153374,mmlu-business-ethics,1.0,0.006134969325153374
2344,240,hellaswag,0.4791666666666667,hellaswag,115,0.4791666666666667,winogrande,87.0,0.3625,mmlu-professional-law,14.0,0.058333333333333334,mmlu-miscellaneous,5.0,0.020833333333333332,arc-challenge,4.0,0.016666666666666666
2345,2,hellaswag,1.0,hellaswag,2,1.0,,,,,,,,,,,,
2346,1,hellaswag,1.0,hellaswag,1,1.0,,,,,,,,,,,,
2351,3,consensus_summary,0.6666666666666666,consensus_summary,2,0.6666666666666666,hellaswag,1.0,0.3333333333333333,,,,,,,,,
2352,274,hellaswag,0.25547445255474455,hellaswag,70,0.25547445255474455,arc-challenge,40.0,0.145985401459854,bias_detection,24.0,0.08759124087591241,mmlu-logical-fallacies,14.0,0.051094890510948905,mmlu-professional-law,11.0,0.040145985401459854
2353,24,hellaswag,0.3333333333333333,hellaswag,8,0.3333333333333333,mmlu-professional-law,3.0,0.125,mmlu-human-sexuality,2.0,0.08333333333333333,mmlu-professional-psychology,2.0,0.08333333333333333,winogrande,2.0,0.08333333333333333
2355,1,mtbench-reference,1.0,mtbench-reference,1,1.0,,,,,,,,,,,,
2356,1056,hellaswag,0.6382575757575758,hellaswag,674,0.6382575757575758,arc-challenge,56.0,0.05303030303030303,winogrande,40.0,0.03787878787878788,mmlu-professional-law,31.0,0.029356060606060608,mbpp,14.0,0.013257575757575758
2357,240,hellaswag,0.23333333333333334,hellaswag,56,0.23333333333333334,mmlu-global-facts,21.0,0.0875,mmlu-nutrition,19.0,0.07916666666666666,mmlu-high-school-mathematics,12.0,0.05,arc-challenge,9.0,0.0375
2358,277,mbpp,0.296028880866426,mbpp,82,0.296028880866426,mmlu-elementary-mathematics,75.0,0.27075812274368233,mmlu-high-school-mathematics,53.0,0.19133574007220217,mmlu-high-school-computer-science,15.0,0.05415162454873646,mmlu-miscellaneous,7.0,0.02527075812274368
2359,12,mmlu-miscellaneous,0.25,mmlu-miscellaneous,3,0.25,mmlu-us-foreign-policy,3.0,0.25,mmlu-econometrics,2.0,0.16666666666666666,mmlu-high-school-geography,1.0,0.08333333333333333,mmlu-high-school-microeconomics,1.0,0.08333333333333333
2362,102,hellaswag,0.5686274509803921,hellaswag,58,0.5686274509803921,arc-challenge,9.0,0.08823529411764706,mbpp,7.0,0.06862745098039216,consensus_summary,5.0,0.049019607843137254,mmlu-high-school-geography,2.0,0.0196078431372549
2363,1092,winogrande,0.31135531135531136,winogrande,340,0.31135531135531136,hellaswag,181.0,0.16575091575091574,mmlu-miscellaneous,107.0,0.09798534798534798,mmlu-high-school-macroeconomics,64.0,0.05860805860805861,mmlu-professional-accounting,34.0,0.031135531135531136
2364,2172,arc-challenge,0.3393186003683241,arc-challenge,737,0.3393186003683241,hellaswag,148.0,0.06813996316758748,mmlu-high-school-macroeconomics,116.0,0.053406998158379376,mmlu-miscellaneous,98.0,0.04511970534069982,mmlu-high-school-biology,91.0,0.04189686924493554
2365,122,hellaswag,0.6065573770491803,hellaswag,74,0.6065573770491803,mbpp,17.0,0.13934426229508196,mmlu-professional-law,7.0,0.05737704918032787,arc-challenge,4.0,0.03278688524590164,abstract2title,2.0,0.01639344262295082
2366,662,mmlu-professional-psychology,0.13595166163141995,mmlu-professional-psychology,90,0.13595166163141995,mmlu-high-school-psychology,66.0,0.09969788519637462,hellaswag,58.0,0.08761329305135952,arc-challenge,56.0,0.08459214501510574,mmlu-miscellaneous,35.0,0.052870090634441085
2367,591,hellaswag,0.7817258883248731,hellaswag,462,0.7817258883248731,arc-challenge,41.0,0.06937394247038917,winogrande,32.0,0.05414551607445008,mbpp,9.0,0.015228426395939087,mmlu-high-school-mathematics,5.0,0.008460236886632826
2370,959,hellaswag,0.5891553701772679,hellaswag,565,0.5891553701772679,mmlu-professional-law,104.0,0.10844629822732013,mmlu-high-school-macroeconomics,33.0,0.03441084462982273,mmlu-high-school-world-history,27.0,0.028154327424400417,mmlu-professional-medicine,25.0,0.026068821689259645
2371,161,hellaswag,0.9006211180124224,hellaswag,145,0.9006211180124224,winogrande,4.0,0.024844720496894408,mmlu-miscellaneous,3.0,0.018633540372670808,mmlu-elementary-mathematics,2.0,0.012422360248447204,mmlu-professional-law,2.0,0.012422360248447204
2372,155,hellaswag,0.2129032258064516,hellaswag,33,0.2129032258064516,mmlu-high-school-psychology,18.0,0.11612903225806452,mmlu-professional-psychology,17.0,0.10967741935483871,arc-challenge,9.0,0.05806451612903226,mmlu-abstract-algebra,6.0,0.03870967741935484
2373,18,mbpp,0.5555555555555556,mbpp,10,0.5555555555555556,hellaswag,5.0,0.2777777777777778,abstract2title,1.0,0.05555555555555555,mmlu-college-mathematics,1.0,0.05555555555555555,mmlu-human-sexuality,1.0,0.05555555555555555
2375,1999,hellaswag,0.18159079539769885,hellaswag,363,0.18159079539769885,mmlu-professional-medicine,210.0,0.10505252626313157,mmlu-clinical-knowledge,114.0,0.057028514257128564,mmlu-nutrition,96.0,0.048024012006003,mmlu-professional-law,83.0,0.0415207603801901
2376,1166,hellaswag,0.5231560891938251,hellaswag,610,0.5231560891938251,mmlu-professional-law,59.0,0.05060034305317324,arc-challenge,57.0,0.04888507718696398,winogrande,32.0,0.0274442538593482,mmlu-miscellaneous,26.0,0.022298456260720412
2377,45,hellaswag,0.6666666666666666,hellaswag,30,0.6666666666666666,consensus_summary,8.0,0.17777777777777778,arc-challenge,1.0,0.022222222222222223,mmlu-clinical-knowledge,1.0,0.022222222222222223,mmlu-elementary-mathematics,1.0,0.022222222222222223
2379,1271,mmlu-high-school-macroeconomics,0.15735641227380015,mmlu-high-school-macroeconomics,200,0.15735641227380015,mmlu-moral-scenarios,155.0,0.12195121951219512,mmlu-high-school-microeconomics,101.0,0.07946498819826908,mmlu-professional-psychology,91.0,0.07159716758457907,mmlu-professional-law,75.0,0.059008654602675056
2381,1517,hellaswag,0.1872116018457482,hellaswag,284,0.1872116018457482,mmlu-high-school-macroeconomics,98.0,0.06460118655240607,mmlu-professional-psychology,98.0,0.06460118655240607,mmlu-logical-fallacies,85.0,0.05603164139749506,arc-challenge,81.0,0.053394858272907054
2382,2098,arc-challenge,0.3512869399428027,arc-challenge,737,0.3512869399428027,hellaswag,383.0,0.18255481410867494,mmlu-high-school-biology,81.0,0.038608198284080075,mmlu-miscellaneous,74.0,0.03527168732125834,mmlu-high-school-macroeconomics,73.0,0.03479504289799809
2383,257,hellaswag,0.8793774319066148,hellaswag,226,0.8793774319066148,abstract2title,4.0,0.01556420233463035,consensus_summary,4.0,0.01556420233463035,mmlu-high-school-european-history,3.0,0.011673151750972763,mmlu-miscellaneous,3.0,0.011673151750972763
2384,1026,winogrande,0.3732943469785575,winogrande,383,0.3732943469785575,arc-challenge,158.0,0.1539961013645224,hellaswag,143.0,0.13937621832358674,mmlu-miscellaneous,68.0,0.06627680311890838,mmlu-high-school-psychology,58.0,0.056530214424951264
2386,47,chinese_ancient_masterpieces_dynasty,0.2127659574468085,chinese_ancient_masterpieces_dynasty,10,0.2127659574468085,mmlu-high-school-european-history,6.0,0.1276595744680851,chinese_famous_novel,4.0,0.0851063829787234,hellaswag,4.0,0.0851063829787234,mmlu-high-school-us-history,4.0,0.0851063829787234
2387,56,mmlu-professional-medicine,0.25,mmlu-professional-medicine,14,0.25,winogrande,13.0,0.23214285714285715,mmlu-moral-scenarios,12.0,0.21428571428571427,hellaswag,7.0,0.125,mmlu-professional-law,6.0,0.10714285714285714
2388,10,hellaswag,0.7,hellaswag,7,0.7,mmlu-high-school-european-history,2.0,0.2,mtbench-reference,1.0,0.1,,,,,,
2389,53,hellaswag,0.5471698113207547,hellaswag,29,0.5471698113207547,mmlu-clinical-knowledge,4.0,0.07547169811320754,mmlu-professional-medicine,3.0,0.05660377358490566,arc-challenge,2.0,0.03773584905660377,mmlu-college-mathematics,2.0,0.03773584905660377
2391,4,winogrande,0.5,winogrande,2,0.5,consensus_summary,1.0,0.25,mbpp,1.0,0.25,,,,,,
2392,22,hellaswag,0.6818181818181818,hellaswag,15,0.6818181818181818,mmlu-high-school-government-and-politics,4.0,0.18181818181818182,abstract2title,2.0,0.09090909090909091,mmlu-management,1.0,0.045454545454545456,,,
2394,5,mmlu-high-school-world-history,0.6,mmlu-high-school-world-history,3,0.6,mmlu-electrical-engineering,1.0,0.2,mmlu-prehistory,1.0,0.2,,,,,,
2395,740,hellaswag,0.30405405405405406,hellaswag,225,0.30405405405405406,arc-challenge,68.0,0.0918918918918919,mmlu-miscellaneous,51.0,0.06891891891891892,mmlu-elementary-mathematics,30.0,0.04054054054054054,winogrande,25.0,0.033783783783783786
2396,768,hellaswag,0.21223958333333334,hellaswag,163,0.21223958333333334,arc-challenge,133.0,0.17317708333333334,mmlu-nutrition,84.0,0.109375,mmlu-high-school-biology,45.0,0.05859375,mmlu-miscellaneous,37.0,0.048177083333333336
2397,143,mmlu-professional-law,0.3706293706293706,mmlu-professional-law,53,0.3706293706293706,hellaswag,13.0,0.09090909090909091,mmlu-human-aging,11.0,0.07692307692307693,mmlu-high-school-psychology,8.0,0.055944055944055944,mmlu-moral-disputes,7.0,0.04895104895104895
2398,138,hellaswag,0.18840579710144928,hellaswag,26,0.18840579710144928,winogrande,20.0,0.14492753623188406,mmlu-elementary-mathematics,13.0,0.09420289855072464,mmlu-professional-law,12.0,0.08695652173913043,mbpp,10.0,0.07246376811594203
2400,229,hellaswag,0.35807860262008734,hellaswag,82,0.35807860262008734,mbpp,23.0,0.10043668122270742,mmlu-high-school-world-history,22.0,0.09606986899563319,mmlu-high-school-us-history,20.0,0.08733624454148471,mmlu-professional-law,15.0,0.06550218340611354
2401,8,mmlu-professional-law,0.875,mmlu-professional-law,7,0.875,hellaswag,1.0,0.125,,,,,,,,,
2402,38,hellaswag,0.34210526315789475,hellaswag,13,0.34210526315789475,abstract2title,10.0,0.2631578947368421,arc-challenge,2.0,0.05263157894736842,mmlu-electrical-engineering,2.0,0.05263157894736842,mmlu-high-school-chemistry,2.0,0.05263157894736842
2403,144,hellaswag,0.3402777777777778,hellaswag,49,0.3402777777777778,mmlu-professional-law,16.0,0.1111111111111111,mmlu-electrical-engineering,12.0,0.08333333333333333,mmlu-professional-accounting,7.0,0.04861111111111111,mmlu-abstract-algebra,6.0,0.041666666666666664
2405,95,hellaswag,0.7263157894736842,hellaswag,69,0.7263157894736842,consensus_summary,11.0,0.11578947368421053,chinese_hard_translations,3.0,0.031578947368421054,mmlu-high-school-us-history,3.0,0.031578947368421054,mmlu-college-chemistry,1.0,0.010526315789473684
2407,51,hellaswag,0.37254901960784315,hellaswag,19,0.37254901960784315,mmlu-professional-medicine,13.0,0.2549019607843137,mmlu-high-school-us-history,10.0,0.19607843137254902,mmlu-high-school-world-history,5.0,0.09803921568627451,mmlu-anatomy,1.0,0.0196078431372549
2408,42,mbpp,0.8333333333333334,mbpp,35,0.8333333333333334,winogrande,4.0,0.09523809523809523,hellaswag,1.0,0.023809523809523808,mmlu-high-school-mathematics,1.0,0.023809523809523808,mtbench-reference,1.0,0.023809523809523808
2409,1414,hellaswag,0.26025459688826025,hellaswag,368,0.26025459688826025,arc-challenge,160.0,0.11315417256011315,winogrande,131.0,0.09264497878359264,mmlu-computer-security,43.0,0.03041018387553041,mmlu-high-school-psychology,43.0,0.03041018387553041
2410,59,hellaswag,0.11864406779661017,hellaswag,7,0.11864406779661017,mmlu-high-school-us-history,6.0,0.1016949152542373,mmlu-prehistory,6.0,0.1016949152542373,mmlu-professional-psychology,5.0,0.0847457627118644,mmlu-high-school-european-history,4.0,0.06779661016949153
2411,7,mbpp,0.2857142857142857,mbpp,2,0.2857142857142857,mmlu-conceptual-physics,2.0,0.2857142857142857,mmlu-high-school-european-history,1.0,0.14285714285714285,mmlu-high-school-geography,1.0,0.14285714285714285,mmlu-sociology,1.0,0.14285714285714285
2412,4,consensus_summary,1.0,consensus_summary,4,1.0,,,,,,,,,,,,
2413,11,mbpp,0.8181818181818182,mbpp,9,0.8181818181818182,mmlu-professional-psychology,1.0,0.09090909090909091,mmlu-virology,1.0,0.09090909090909091,,,,,,
2414,1056,mmlu-professional-law,0.20833333333333334,mmlu-professional-law,220,0.20833333333333334,hellaswag,113.0,0.10700757575757576,mmlu-high-school-world-history,82.0,0.07765151515151515,mmlu-high-school-us-history,72.0,0.06818181818181818,mmlu-high-school-european-history,67.0,0.0634469696969697
2416,980,hellaswag,0.5612244897959183,hellaswag,550,0.5612244897959183,arc-challenge,35.0,0.03571428571428571,mmlu-professional-medicine,26.0,0.026530612244897958,mmlu-abstract-algebra,23.0,0.02346938775510204,mmlu-computer-security,20.0,0.02040816326530612
2417,1985,hellaswag,0.6594458438287154,hellaswag,1309,0.6594458438287154,mmlu-professional-law,104.0,0.05239294710327456,winogrande,66.0,0.03324937027707808,mmlu-formal-logic,45.0,0.022670025188916875,mmlu-miscellaneous,41.0,0.02065491183879093
2418,116,hellaswag,0.5517241379310345,hellaswag,64,0.5517241379310345,arc-challenge,5.0,0.04310344827586207,abstract2title,4.0,0.034482758620689655,mmlu-clinical-knowledge,4.0,0.034482758620689655,mmlu-machine-learning,4.0,0.034482758620689655
2419,8,chinese_modern_poem_identification,1.0,chinese_modern_poem_identification,8,1.0,,,,,,,,,,,,
2420,3,consensus_summary,1.0,consensus_summary,3,1.0,,,,,,,,,,,,
2423,1267,hellaswag,0.2786108918705604,hellaswag,353,0.2786108918705604,winogrande,205.0,0.16179952644041043,mmlu-security-studies,57.0,0.04498816101026046,arc-challenge,33.0,0.026045777426992895,mmlu-international-law,33.0,0.026045777426992895
2425,258,hellaswag,0.7248062015503876,hellaswag,187,0.7248062015503876,mbpp,16.0,0.06201550387596899,mmlu-professional-law,6.0,0.023255813953488372,arc-challenge,5.0,0.01937984496124031,mmlu-high-school-computer-science,5.0,0.01937984496124031
2426,495,hellaswag,0.3575757575757576,hellaswag,177,0.3575757575757576,arc-challenge,65.0,0.13131313131313133,mmlu-conceptual-physics,30.0,0.06060606060606061,mmlu-high-school-physics,26.0,0.052525252525252523,mmlu-astronomy,25.0,0.050505050505050504
2428,21,mmlu-high-school-macroeconomics,0.3333333333333333,mmlu-high-school-macroeconomics,7,0.3333333333333333,abstract2title,4.0,0.19047619047619047,mmlu-college-physics,2.0,0.09523809523809523,mmlu-econometrics,2.0,0.09523809523809523,arc-challenge,1.0,0.047619047619047616
2429,835,arc-challenge,0.23952095808383234,arc-challenge,200,0.23952095808383234,hellaswag,166.0,0.19880239520958085,mbpp,78.0,0.09341317365269461,mmlu-high-school-chemistry,54.0,0.06467065868263473,winogrande,46.0,0.055089820359281436
2431,1,hellaswag,1.0,hellaswag,1,1.0,,,,,,,,,,,,
2433,46,mmlu-high-school-us-history,0.5217391304347826,mmlu-high-school-us-history,24,0.5217391304347826,mmlu-high-school-mathematics,5.0,0.10869565217391304,mmlu-professional-law,4.0,0.08695652173913043,mbpp,3.0,0.06521739130434782,mmlu-electrical-engineering,2.0,0.043478260869565216
2434,1161,hellaswag,0.4599483204134367,hellaswag,534,0.4599483204134367,arc-challenge,132.0,0.11369509043927649,mmlu-professional-law,55.0,0.047372954349698536,winogrande,46.0,0.03962101636520241,mmlu-professional-medicine,39.0,0.03359173126614987
2435,1,hellaswag,1.0,hellaswag,1,1.0,,,,,,,,,,,,
2436,1,hellaswag,1.0,hellaswag,1,1.0,,,,,,,,,,,,
2437,5986,grade-school-math,0.9956565319077848,grade-school-math,5960,0.9956565319077848,hellaswag,16.0,0.0026729034413631807,mmlu-miscellaneous,5.0,0.000835282325425994,mmlu-electrical-engineering,2.0,0.0003341129301703976,mmlu-world-religions,2.0,0.0003341129301703976
2439,5960,grade-school-math,1.0,grade-school-math,5960,1.0,,,,,,,,,,,,
2440,10,hellaswag,0.4,hellaswag,4,0.4,mmlu-professional-law,2.0,0.2,consensus_summary,1.0,0.1,mmlu-econometrics,1.0,0.1,mmlu-marketing,1.0,0.1
2441,8,mmlu-computer-security,0.25,mmlu-computer-security,2,0.25,arc-challenge,1.0,0.125,hellaswag,1.0,0.125,mmlu-college-chemistry,1.0,0.125,mmlu-college-physics,1.0,0.125
2443,6658,grade-school-math,0.8951637128266747,grade-school-math,5960,0.8951637128266747,hellaswag,219.0,0.0328927605887654,mmlu-elementary-mathematics,105.0,0.015770501652147793,arc-challenge,56.0,0.008410934214478822,mmlu-miscellaneous,56.0,0.008410934214478822
2444,267,hellaswag,0.6928838951310862,hellaswag,185,0.6928838951310862,mmlu-global-facts,13.0,0.04868913857677903,arc-challenge,9.0,0.033707865168539325,mmlu-nutrition,9.0,0.033707865168539325,mmlu-clinical-knowledge,8.0,0.0299625468164794
2445,1420,hellaswag,0.31408450704225355,hellaswag,446,0.31408450704225355,mmlu-marketing,89.0,0.06267605633802817,arc-challenge,84.0,0.059154929577464786,abstract2title,77.0,0.054225352112676053,mmlu-high-school-microeconomics,58.0,0.04084507042253521
2446,3,abstract2title,0.6666666666666666,abstract2title,2,0.6666666666666666,hellaswag,1.0,0.3333333333333333,,,,,,,,,
2447,3,consensus_summary,0.6666666666666666,consensus_summary,2,0.6666666666666666,hellaswag,1.0,0.3333333333333333,,,,,,,,,
2448,129,mmlu-miscellaneous,0.11627906976744186,mmlu-miscellaneous,15,0.11627906976744186,consensus_summary,11.0,0.08527131782945736,hellaswag,11.0,0.08527131782945736,mmlu-nutrition,7.0,0.05426356589147287,winogrande,7.0,0.05426356589147287
2449,1639,mmlu-moral-scenarios,0.4045149481391092,mmlu-moral-scenarios,663,0.4045149481391092,hellaswag,629.0,0.3837705918242831,mmlu-professional-law,83.0,0.05064063453325198,mmlu-moral-disputes,34.0,0.020744356314826115,mmlu-formal-logic,29.0,0.017693715680292862
2450,38,hellaswag,0.15789473684210525,hellaswag,6,0.15789473684210525,consensus_summary,4.0,0.10526315789473684,mmlu-high-school-chemistry,4.0,0.10526315789473684,arc-challenge,3.0,0.07894736842105263,mmlu-electrical-engineering,3.0,0.07894736842105263
2451,569,mmlu-high-school-psychology,0.1195079086115993,mmlu-high-school-psychology,68,0.1195079086115993,mmlu-professional-psychology,53.0,0.09314586994727592,arc-challenge,48.0,0.0843585237258348,mmlu-high-school-macroeconomics,36.0,0.0632688927943761,mmlu-marketing,33.0,0.05799648506151142
2452,13,mmlu-high-school-chemistry,0.23076923076923078,mmlu-high-school-chemistry,3,0.23076923076923078,arc-challenge,2.0,0.15384615384615385,hellaswag,1.0,0.07692307692307693,mbpp,1.0,0.07692307692307693,mmlu-astronomy,1.0,0.07692307692307693
2453,1380,hellaswag,0.17318840579710146,hellaswag,239,0.17318840579710146,mmlu-professional-law,213.0,0.15434782608695652,arc-challenge,201.0,0.14565217391304347,mmlu-security-studies,84.0,0.06086956521739131,mmlu-high-school-biology,80.0,0.057971014492753624
2455,1,consensus_summary,1.0,consensus_summary,1,1.0,,,,,,,,,,,,
2458,876,hellaswag,0.3595890410958904,hellaswag,315,0.3595890410958904,consensus_summary,56.0,0.0639269406392694,arc-challenge,34.0,0.03881278538812785,mmlu-human-aging,32.0,0.0365296803652968,mmlu-miscellaneous,31.0,0.03538812785388128
2460,46,hellaswag,0.6739130434782609,hellaswag,31,0.6739130434782609,abstract2title,6.0,0.13043478260869565,mbpp,4.0,0.08695652173913043,mmlu-high-school-european-history,2.0,0.043478260869565216,mmlu-professional-law,2.0,0.043478260869565216
2462,111,hellaswag,0.35135135135135137,hellaswag,39,0.35135135135135137,mbpp,31.0,0.27927927927927926,mmlu-electrical-engineering,5.0,0.04504504504504504,mmlu-high-school-computer-science,5.0,0.04504504504504504,mmlu-professional-medicine,5.0,0.04504504504504504
2463,52,hellaswag,0.7884615384615384,hellaswag,41,0.7884615384615384,winogrande,5.0,0.09615384615384616,mmlu-abstract-algebra,1.0,0.019230769230769232,mmlu-anatomy,1.0,0.019230769230769232,mmlu-computer-security,1.0,0.019230769230769232
2464,1547,hellaswag,0.3658694246929541,hellaswag,566,0.3658694246929541,arc-challenge,75.0,0.04848093083387201,mmlu-miscellaneous,72.0,0.04654169360051713,winogrande,62.0,0.0400775694893342,mmlu-computer-security,53.0,0.03425985778926956
2465,21,hellaswag,0.5238095238095238,hellaswag,11,0.5238095238095238,mbpp,3.0,0.14285714285714285,mmlu-elementary-mathematics,3.0,0.14285714285714285,mmlu-conceptual-physics,1.0,0.047619047619047616,mmlu-international-law,1.0,0.047619047619047616
2467,1296,hellaswag,0.6759259259259259,hellaswag,876,0.6759259259259259,mmlu-professional-law,103.0,0.07947530864197531,mmlu-human-sexuality,37.0,0.02854938271604938,mmlu-professional-psychology,21.0,0.016203703703703703,Chinese_character_riddles,19.0,0.014660493827160493
2468,59,mmlu-conceptual-physics,0.2542372881355932,mmlu-conceptual-physics,15,0.2542372881355932,mmlu-astronomy,7.0,0.11864406779661017,mmlu-professional-law,7.0,0.11864406779661017,arc-challenge,5.0,0.0847457627118644,mmlu-high-school-physics,5.0,0.0847457627118644
2469,232,mmlu-professional-accounting,0.1336206896551724,mmlu-professional-accounting,31,0.1336206896551724,mmlu-high-school-macroeconomics,27.0,0.11637931034482758,mmlu-business-ethics,21.0,0.09051724137931035,hellaswag,9.0,0.03879310344827586,mmlu-college-physics,9.0,0.03879310344827586
2471,153,hellaswag,0.45098039215686275,hellaswag,69,0.45098039215686275,mmlu-professional-law,18.0,0.11764705882352941,mmlu-high-school-european-history,11.0,0.0718954248366013,arc-challenge,7.0,0.0457516339869281,mmlu-high-school-world-history,7.0,0.0457516339869281
2473,6092,grade-school-math,0.9783322390019698,grade-school-math,5960,0.9783322390019698,hellaswag,53.0,0.008699934340118188,mmlu-professional-law,12.0,0.001969796454366382,mmlu-high-school-chemistry,10.0,0.0016414970453053185,mmlu-clinical-knowledge,9.0,0.0014773473407747866
2474,50,hellaswag,0.42,hellaswag,21,0.42,mbpp,8.0,0.16,abstract2title,7.0,0.14,mmlu-human-aging,3.0,0.06,mmlu-moral-disputes,3.0,0.06
2475,832,hellaswag,0.5060096153846154,hellaswag,421,0.5060096153846154,mmlu-professional-law,139.0,0.16706730769230768,winogrande,52.0,0.0625,mmlu-professional-accounting,32.0,0.038461538461538464,mmlu-marketing,31.0,0.037259615384615384
2476,2,consensus_summary,1.0,consensus_summary,2,1.0,,,,,,,,,,,,
2478,105,hellaswag,0.3142857142857143,hellaswag,33,0.3142857142857143,winogrande,16.0,0.1523809523809524,mmlu-high-school-statistics,7.0,0.06666666666666667,arc-challenge,6.0,0.05714285714285714,mmlu-global-facts,6.0,0.05714285714285714
2479,1536,mmlu-moral-scenarios,0.431640625,mmlu-moral-scenarios,663,0.431640625,hellaswag,598.0,0.3893229166666667,winogrande,86.0,0.055989583333333336,mmlu-professional-law,77.0,0.050130208333333336,mmlu-miscellaneous,25.0,0.016276041666666668
2482,1344,hellaswag,0.7165178571428571,hellaswag,963,0.7165178571428571,arc-challenge,111.0,0.08258928571428571,mmlu-professional-law,66.0,0.049107142857142856,mmlu-astronomy,33.0,0.024553571428571428,consensus_summary,25.0,0.018601190476190476
2485,864,hellaswag,0.5567129629629629,hellaswag,481,0.5567129629629629,winogrande,218.0,0.2523148148148148,arc-challenge,42.0,0.04861111111111111,mmlu-miscellaneous,18.0,0.020833333333333332,mmlu-professional-law,15.0,0.017361111111111112
2488,17,consensus_summary,0.29411764705882354,consensus_summary,5,0.29411764705882354,hellaswag,4.0,0.23529411764705882,mmlu-professional-law,3.0,0.17647058823529413,mmlu-clinical-knowledge,1.0,0.058823529411764705,mmlu-college-biology,1.0,0.058823529411764705
2489,68,hellaswag,0.8088235294117647,hellaswag,55,0.8088235294117647,consensus_summary,10.0,0.14705882352941177,arc-challenge,1.0,0.014705882352941176,mmlu-astronomy,1.0,0.014705882352941176,mmlu-professional-medicine,1.0,0.014705882352941176
2490,34,hellaswag,0.29411764705882354,hellaswag,10,0.29411764705882354,mmlu-high-school-european-history,4.0,0.11764705882352941,mmlu-professional-law,4.0,0.11764705882352941,consensus_summary,2.0,0.058823529411764705,mbpp,2.0,0.058823529411764705
2491,220,arc-challenge,0.5727272727272728,arc-challenge,126,0.5727272727272728,hellaswag,36.0,0.16363636363636364,mmlu-high-school-biology,10.0,0.045454545454545456,winogrande,8.0,0.03636363636363636,mmlu-college-biology,6.0,0.02727272727272727
2493,1,hellaswag,1.0,hellaswag,1,1.0,,,,,,,,,,,,
2494,1651,hellaswag,0.3882495457298607,hellaswag,641,0.3882495457298607,arc-challenge,192.0,0.11629315566323441,winogrande,71.0,0.04300423985463356,mmlu-high-school-biology,59.0,0.03573591762568141,mmlu-high-school-chemistry,54.0,0.03270745003028468
2496,75,hellaswag,0.4266666666666667,hellaswag,32,0.4266666666666667,mmlu-high-school-european-history,7.0,0.09333333333333334,abstract2title,5.0,0.06666666666666667,arc-challenge,3.0,0.04,mmlu-abstract-algebra,3.0,0.04
2497,12,hellaswag,0.75,hellaswag,9,0.75,mbpp,2.0,0.16666666666666666,mmlu-high-school-mathematics,1.0,0.08333333333333333,,,,,,
2498,1416,hellaswag,0.6603107344632768,hellaswag,935,0.6603107344632768,arc-challenge,59.0,0.041666666666666664,winogrande,49.0,0.0346045197740113,mmlu-miscellaneous,41.0,0.028954802259887006,mbpp,39.0,0.02754237288135593
2500,71,winogrande,0.9154929577464789,winogrande,65,0.9154929577464789,hellaswag,6.0,0.08450704225352113,,,,,,,,,
2501,1288,hellaswag,0.5023291925465838,hellaswag,647,0.5023291925465838,chinese_zodiac,284.0,0.2204968944099379,mmlu-miscellaneous,46.0,0.03571428571428571,mmlu-professional-law,32.0,0.024844720496894408,winogrande,30.0,0.023291925465838508
2502,363,hellaswag,0.48760330578512395,hellaswag,177,0.48760330578512395,arc-challenge,22.0,0.06060606060606061,mmlu-astronomy,19.0,0.05234159779614325,mmlu-high-school-psychology,16.0,0.0440771349862259,winogrande,11.0,0.030303030303030304
2503,71,mmlu-professional-medicine,0.18309859154929578,mmlu-professional-medicine,13,0.18309859154929578,consensus_summary,8.0,0.11267605633802817,hellaswag,8.0,0.11267605633802817,mmlu-virology,7.0,0.09859154929577464,mmlu-clinical-knowledge,5.0,0.07042253521126761
2505,800,mmlu-moral-scenarios,0.76625,mmlu-moral-scenarios,613,0.76625,hellaswag,53.0,0.06625,mmlu-logical-fallacies,23.0,0.02875,mmlu-professional-law,21.0,0.02625,mmlu-global-facts,12.0,0.015
2508,1064,hellaswag,0.8204887218045113,hellaswag,873,0.8204887218045113,winogrande,23.0,0.021616541353383457,mmlu-professional-medicine,18.0,0.016917293233082706,consensus_summary,13.0,0.012218045112781954,mmlu-clinical-knowledge,13.0,0.012218045112781954
2509,269,hellaswag,0.3903345724907063,hellaswag,105,0.3903345724907063,mbpp,14.0,0.05204460966542751,mmlu-professional-law,13.0,0.048327137546468404,chinese_tang_poetries,10.0,0.03717472118959108,mmlu-miscellaneous,10.0,0.03717472118959108
2510,3701,hellaswag,0.33774655498513917,hellaswag,1250,0.33774655498513917,arc-challenge,592.0,0.1599567684409619,winogrande,200.0,0.054039448797622264,mmlu-high-school-biology,145.0,0.03917860037827614,mmlu-prehistory,132.0,0.0356660362064307
2513,72,consensus_summary,0.4861111111111111,consensus_summary,35,0.4861111111111111,mmlu-world-religions,7.0,0.09722222222222222,mmlu-astronomy,5.0,0.06944444444444445,mmlu-high-school-world-history,5.0,0.06944444444444445,hellaswag,3.0,0.041666666666666664
2515,149,mmlu-high-school-macroeconomics,0.2214765100671141,mmlu-high-school-macroeconomics,33,0.2214765100671141,mmlu-high-school-geography,27.0,0.18120805369127516,mmlu-marketing,13.0,0.087248322147651,mmlu-international-law,10.0,0.06711409395973154,mmlu-business-ethics,9.0,0.06040268456375839
2518,2627,mmlu-moral-scenarios,0.25237913970308334,mmlu-moral-scenarios,663,0.25237913970308334,hellaswag,278.0,0.10582413399314808,mmlu-professional-law,253.0,0.09630757518081462,mmlu-moral-disputes,169.0,0.06433193757137419,bias_detection,134.0,0.05100875523410735
2519,582,mmlu-professional-psychology,0.16666666666666666,mmlu-professional-psychology,97,0.16666666666666666,mmlu-security-studies,94.0,0.16151202749140894,mmlu-moral-disputes,56.0,0.09621993127147767,mmlu-high-school-psychology,47.0,0.08075601374570447,mmlu-international-law,23.0,0.03951890034364261
2521,1714,chinese_zodiac,0.13127187864644108,chinese_zodiac,225,0.13127187864644108,mmlu-professional-law,208.0,0.12135355892648775,hellaswag,173.0,0.10093348891481914,mmlu-high-school-macroeconomics,160.0,0.09334889148191365,mmlu-elementary-mathematics,83.0,0.048424737456242706
2522,5972,grade-school-math,0.9979906229068989,grade-school-math,5960,0.9979906229068989,mmlu-high-school-european-history,4.0,0.0006697923643670462,mbpp,2.0,0.0003348961821835231,mmlu-abstract-algebra,1.0,0.00016744809109176155,mmlu-college-mathematics,1.0,0.00016744809109176155
2523,151,mmlu-moral-disputes,0.2052980132450331,mmlu-moral-disputes,31,0.2052980132450331,mmlu-philosophy,27.0,0.17880794701986755,mmlu-high-school-world-history,13.0,0.08609271523178808,arc-challenge,11.0,0.0728476821192053,mmlu-professional-law,11.0,0.0728476821192053
2524,177,arc-challenge,0.15819209039548024,arc-challenge,28,0.15819209039548024,abstract2title,27.0,0.15254237288135594,mbpp,19.0,0.10734463276836158,hellaswag,16.0,0.0903954802259887,Chinese_character_riddles,14.0,0.07909604519774012
2525,2,mmlu-professional-law,1.0,mmlu-professional-law,2,1.0,,,,,,,,,,,,
2526,664,hellaswag,0.5135542168674698,hellaswag,341,0.5135542168674698,mmlu-professional-law,47.0,0.07078313253012049,mmlu-world-religions,21.0,0.03162650602409638,consensus_summary,20.0,0.030120481927710843,mmlu-high-school-psychology,16.0,0.024096385542168676
2527,269,winogrande,0.40148698884758366,winogrande,108,0.40148698884758366,chinese_zodiac,41.0,0.1524163568773234,mmlu-moral-disputes,23.0,0.08550185873605948,mmlu-human-aging,16.0,0.05947955390334572,hellaswag,11.0,0.040892193308550186
2528,1587,hellaswag,0.1632010081915564,hellaswag,259,0.1632010081915564,arc-challenge,211.0,0.13295526149968495,mmlu-professional-psychology,108.0,0.06805293005671077,mmlu-high-school-statistics,81.0,0.05103969754253308,mmlu-high-school-biology,79.0,0.04977945809703844
2529,161,arc-challenge,0.21739130434782608,arc-challenge,35,0.21739130434782608,hellaswag,27.0,0.16770186335403728,mmlu-miscellaneous,20.0,0.12422360248447205,mmlu-elementary-mathematics,19.0,0.11801242236024845,mmlu-astronomy,7.0,0.043478260869565216
2531,526,hellaswag,0.7072243346007605,hellaswag,372,0.7072243346007605,winogrande,32.0,0.060836501901140684,arc-challenge,26.0,0.049429657794676805,mmlu-elementary-mathematics,10.0,0.019011406844106463,chinese_hard_translations,9.0,0.017110266159695818
2532,3,consensus_summary,1.0,consensus_summary,3,1.0,,,,,,,,,,,,
2533,951,hellaswag,0.2996845425867508,hellaswag,285,0.2996845425867508,abstract2title,71.0,0.07465825446898001,arc-challenge,54.0,0.056782334384858045,mmlu-miscellaneous,37.0,0.03890641430073607,winogrande,34.0,0.035751840168243953
2534,9,mmlu-high-school-world-history,0.5555555555555556,mmlu-high-school-world-history,5,0.5555555555555556,mmlu-high-school-us-history,3.0,0.3333333333333333,mmlu-high-school-european-history,1.0,0.1111111111111111,,,,,,
2535,6,hellaswag,0.5,hellaswag,3,0.5,mbpp,2.0,0.3333333333333333,mmlu-high-school-us-history,1.0,0.16666666666666666,,,,,,
2536,749,hellaswag,0.4045393858477971,hellaswag,303,0.4045393858477971,arc-challenge,75.0,0.10013351134846461,mmlu-high-school-psychology,45.0,0.06008010680907877,mmlu-miscellaneous,42.0,0.056074766355140186,mmlu-conceptual-physics,35.0,0.04672897196261682
2537,105,hellaswag,0.42857142857142855,hellaswag,45,0.42857142857142855,mmlu-college-physics,9.0,0.08571428571428572,mmlu-high-school-physics,6.0,0.05714285714285714,arc-challenge,5.0,0.047619047619047616,mbpp,5.0,0.047619047619047616
2538,52,hellaswag,0.5576923076923077,hellaswag,29,0.5576923076923077,mbpp,14.0,0.2692307692307692,mmlu-computer-security,3.0,0.057692307692307696,arc-challenge,2.0,0.038461538461538464,consensus_summary,1.0,0.019230769230769232
2539,3,mmlu-college-mathematics,0.3333333333333333,mmlu-college-mathematics,1,0.3333333333333333,mmlu-elementary-mathematics,1.0,0.3333333333333333,mmlu-nutrition,1.0,0.3333333333333333,,,,,,
2541,21,hellaswag,0.8095238095238095,hellaswag,17,0.8095238095238095,abstract2title,1.0,0.047619047619047616,mmlu-nutrition,1.0,0.047619047619047616,mmlu-professional-law,1.0,0.047619047619047616,mtbench,1.0,0.047619047619047616
2543,1,abstract2title,1.0,abstract2title,1,1.0,,,,,,,,,,,,
2544,985,hellaswag,0.349238578680203,hellaswag,344,0.349238578680203,arc-challenge,94.0,0.09543147208121827,winogrande,83.0,0.08426395939086294,mmlu-professional-law,45.0,0.04568527918781726,mmlu-high-school-biology,44.0,0.04467005076142132
2546,14,consensus_summary,0.14285714285714285,consensus_summary,2,0.14285714285714285,mmlu-high-school-european-history,2.0,0.14285714285714285,abstract2title,1.0,0.07142857142857142,hellaswag,1.0,0.07142857142857142,mmlu-college-computer-science,1.0,0.07142857142857142
2548,174,mmlu-moral-scenarios,0.7068965517241379,mmlu-moral-scenarios,123,0.7068965517241379,abstract2title,27.0,0.15517241379310345,hellaswag,5.0,0.028735632183908046,mmlu-philosophy,5.0,0.028735632183908046,mmlu-high-school-geography,4.0,0.022988505747126436
2549,52,mmlu-high-school-macroeconomics,0.2692307692307692,mmlu-high-school-macroeconomics,14,0.2692307692307692,arc-challenge,7.0,0.1346153846153846,hellaswag,5.0,0.09615384615384616,mmlu-conceptual-physics,4.0,0.07692307692307693,mmlu-high-school-geography,4.0,0.07692307692307693
2550,462,abstract2title,0.4329004329004329,abstract2title,200,0.4329004329004329,hellaswag,110.0,0.23809523809523808,winogrande,22.0,0.047619047619047616,mmlu-professional-law,14.0,0.030303030303030304,mbpp,12.0,0.025974025974025976
2551,261,hellaswag,0.896551724137931,hellaswag,234,0.896551724137931,mmlu-professional-law,15.0,0.05747126436781609,mmlu-miscellaneous,6.0,0.022988505747126436,mmlu-professional-medicine,2.0,0.007662835249042145,winogrande,2.0,0.007662835249042145
2552,58,hellaswag,0.5172413793103449,hellaswag,30,0.5172413793103449,arc-challenge,4.0,0.06896551724137931,mmlu-international-law,4.0,0.06896551724137931,mbpp,3.0,0.05172413793103448,mmlu-high-school-mathematics,3.0,0.05172413793103448
2553,1307,arc-challenge,0.1675592960979342,arc-challenge,219,0.1675592960979342,mmlu-security-studies,80.0,0.061208875286916604,mmlu-high-school-geography,67.0,0.051262433052792655,mmlu-prehistory,65.0,0.04973221117061974,mmlu-sociology,62.0,0.047436878347360364
2554,600,chinese_zodiac,0.4583333333333333,chinese_zodiac,275,0.4583333333333333,hellaswag,154.0,0.25666666666666665,consensus_summary,75.0,0.125,abstract2title,29.0,0.04833333333333333,mmlu-professional-medicine,8.0,0.013333333333333334
2555,1,mbpp,1.0,mbpp,1,1.0,,,,,,,,,,,,
2556,5960,grade-school-math,1.0,grade-school-math,5960,1.0,,,,,,,,,,,,
2558,69,hellaswag,0.2753623188405797,hellaswag,19,0.2753623188405797,abstract2title,10.0,0.14492753623188406,arc-challenge,8.0,0.11594202898550725,mmlu-professional-law,4.0,0.057971014492753624,mmlu-high-school-psychology,3.0,0.043478260869565216
2559,88,winogrande,0.7840909090909091,winogrande,69,0.7840909090909091,hellaswag,5.0,0.056818181818181816,mbpp,3.0,0.03409090909090909,mmlu-miscellaneous,3.0,0.03409090909090909,arc-challenge,2.0,0.022727272727272728
2560,2,mbpp,1.0,mbpp,2,1.0,,,,,,,,,,,,
2561,2471,hellaswag,0.7563739376770539,hellaswag,1869,0.7563739376770539,winogrande,73.0,0.02954269526507487,arc-challenge,60.0,0.024281667341157425,mmlu-professional-law,50.0,0.020234722784297856,mmlu-miscellaneous,37.0,0.014973694860380412
2562,817,arc-challenge,0.3818849449204406,arc-challenge,312,0.3818849449204406,hellaswag,110.0,0.1346389228886169,mmlu-astronomy,46.0,0.056303549571603426,winogrande,45.0,0.05507955936352509,mmlu-miscellaneous,32.0,0.03916768665850673
2563,1,mmlu-professional-law,1.0,mmlu-professional-law,1,1.0,,,,,,,,,,,,
2565,44,mbpp,0.4090909090909091,mbpp,18,0.4090909090909091,mmlu-high-school-statistics,3.0,0.06818181818181818,mmlu-high-school-us-history,3.0,0.06818181818181818,consensus_summary,2.0,0.045454545454545456,mmlu-abstract-algebra,2.0,0.045454545454545456
2566,6297,grade-school-math,0.9464824519612514,grade-school-math,5960,0.9464824519612514,hellaswag,174.0,0.027632205812291567,arc-challenge,55.0,0.008734317929172623,mmlu-high-school-microeconomics,19.0,0.0030173098300778148,winogrande,17.0,0.0026996982690169922
2567,1,hellaswag,1.0,hellaswag,1,1.0,,,,,,,,,,,,
2568,11,hellaswag,0.9090909090909091,hellaswag,10,0.9090909090909091,mmlu-college-biology,1.0,0.09090909090909091,,,,,,,,,
2569,11,mmlu-high-school-us-history,0.2727272727272727,mmlu-high-school-us-history,3,0.2727272727272727,hellaswag,2.0,0.18181818181818182,mbpp,2.0,0.18181818181818182,mmlu-professional-law,2.0,0.18181818181818182,mmlu-high-school-mathematics,1.0,0.09090909090909091
2570,287,hellaswag,0.8257839721254355,hellaswag,237,0.8257839721254355,mmlu-professional-accounting,13.0,0.04529616724738676,mmlu-marketing,5.0,0.017421602787456445,arc-challenge,4.0,0.013937282229965157,mmlu-econometrics,4.0,0.013937282229965157
2571,855,hellaswag,0.23976608187134502,hellaswag,205,0.23976608187134502,bias_detection,121.0,0.1415204678362573,mmlu-security-studies,46.0,0.05380116959064327,mmlu-marketing,39.0,0.0456140350877193,mmlu-public-relations,35.0,0.04093567251461988
2575,295,hellaswag,0.823728813559322,hellaswag,243,0.823728813559322,mmlu-elementary-mathematics,5.0,0.01694915254237288,mmlu-high-school-mathematics,5.0,0.01694915254237288,mmlu-marketing,4.0,0.013559322033898305,consensus_summary,3.0,0.010169491525423728
2577,215,consensus_summary,0.19069767441860466,consensus_summary,41,0.19069767441860466,hellaswag,23.0,0.10697674418604651,mmlu-high-school-world-history,20.0,0.09302325581395349,mmlu-high-school-us-history,18.0,0.08372093023255814,mmlu-professional-law,15.0,0.06976744186046512
2578,480,hellaswag,0.5708333333333333,hellaswag,274,0.5708333333333333,winogrande,21.0,0.04375,arc-challenge,18.0,0.0375,mmlu-high-school-us-history,17.0,0.035416666666666666,mmlu-high-school-european-history,12.0,0.025
2579,5,hellaswag,1.0,hellaswag,5,1.0,,,,,,,,,,,,
2581,2,mbpp,0.5,mbpp,1,0.5,mtbench,1.0,0.5,,,,,,,,,
2582,2,mmlu-high-school-world-history,1.0,mmlu-high-school-world-history,2,1.0,,,,,,,,,,,,
2584,28,hellaswag,0.32142857142857145,hellaswag,9,0.32142857142857145,mmlu-high-school-us-history,6.0,0.21428571428571427,mmlu-college-mathematics,2.0,0.07142857142857142,mmlu-elementary-mathematics,2.0,0.07142857142857142,mmlu-high-school-government-and-politics,2.0,0.07142857142857142
2586,1077,hellaswag,0.44661095636026,hellaswag,481,0.44661095636026,mbpp,78.0,0.07242339832869081,mmlu-professional-law,76.0,0.07056638811513463,arc-challenge,52.0,0.04828226555246054,chinese_zodiac,44.0,0.04085422469823584
2587,7,hellaswag,0.42857142857142855,hellaswag,3,0.42857142857142855,mmlu-high-school-us-history,3.0,0.42857142857142855,mmlu-high-school-european-history,1.0,0.14285714285714285,,,,,,
2590,2829,hellaswag,0.25839519264757865,hellaswag,731,0.25839519264757865,chinese_zodiac,284.0,0.10038882997525628,arc-challenge,261.0,0.09225874867444327,mmlu-miscellaneous,171.0,0.060445387062566275,winogrande,136.0,0.048073524213503006
2592,94,hellaswag,0.6914893617021277,hellaswag,65,0.6914893617021277,mmlu-professional-psychology,8.0,0.0851063829787234,mmlu-high-school-geography,2.0,0.02127659574468085,mmlu-high-school-world-history,2.0,0.02127659574468085,mmlu-philosophy,2.0,0.02127659574468085
2595,561,hellaswag,0.41889483065953653,hellaswag,235,0.41889483065953653,consensus_summary,55.0,0.09803921568627451,mmlu-professional-law,46.0,0.08199643493761141,mmlu-prehistory,30.0,0.053475935828877004,mmlu-miscellaneous,23.0,0.040998217468805706
2596,6015,grade-school-math,0.9908561928512053,grade-school-math,5960,0.9908561928512053,hellaswag,7.0,0.0011637572734829592,mbpp,7.0,0.0011637572734829592,winogrande,6.0,0.000997506234413965,mmlu-elementary-mathematics,5.0,0.0008312551953449709
2597,705,mmlu-philosophy,0.15602836879432624,mmlu-philosophy,110,0.15602836879432624,winogrande,64.0,0.09078014184397164,mmlu-high-school-psychology,54.0,0.07659574468085106,mmlu-world-religions,53.0,0.075177304964539,mmlu-miscellaneous,52.0,0.07375886524822695
2598,2,hellaswag,1.0,hellaswag,2,1.0,,,,,,,,,,,,
2599,12,hellaswag,0.3333333333333333,hellaswag,4,0.3333333333333333,arc-challenge,2.0,0.16666666666666666,mmlu-econometrics,2.0,0.16666666666666666,mmlu-electrical-engineering,1.0,0.08333333333333333,mmlu-machine-learning,1.0,0.08333333333333333
2600,114,hellaswag,0.4824561403508772,hellaswag,55,0.4824561403508772,mbpp,12.0,0.10526315789473684,mmlu-high-school-computer-science,6.0,0.05263157894736842,consensus_summary,4.0,0.03508771929824561,mmlu-high-school-us-history,3.0,0.02631578947368421
2602,9,consensus_summary,0.6666666666666666,consensus_summary,6,0.6666666666666666,hellaswag,1.0,0.1111111111111111,mmlu-high-school-mathematics,1.0,0.1111111111111111,mmlu-machine-learning,1.0,0.1111111111111111,,,
2604,136,mmlu-high-school-macroeconomics,0.23529411764705882,mmlu-high-school-macroeconomics,32,0.23529411764705882,mmlu-machine-learning,11.0,0.08088235294117647,mmlu-econometrics,10.0,0.07352941176470588,mmlu-high-school-biology,10.0,0.07352941176470588,mmlu-high-school-psychology,7.0,0.051470588235294115
2605,6,mmlu-high-school-us-history,0.3333333333333333,mmlu-high-school-us-history,2,0.3333333333333333,mbpp,1.0,0.16666666666666666,mmlu-professional-law,1.0,0.16666666666666666,mmlu-professional-medicine,1.0,0.16666666666666666,mtbench-reference,1.0,0.16666666666666666
2606,46,mbpp,0.5869565217391305,mbpp,27,0.5869565217391305,consensus_summary,6.0,0.13043478260869565,hellaswag,4.0,0.08695652173913043,mmlu-high-school-mathematics,3.0,0.06521739130434782,mmlu-high-school-world-history,3.0,0.06521739130434782
2607,3383,arc-challenge,0.11735146319834466,arc-challenge,397,0.11735146319834466,hellaswag,294.0,0.08690511380431569,mmlu-high-school-psychology,191.0,0.05645876441028673,mmlu-high-school-biology,187.0,0.05527638190954774,mmlu-miscellaneous,175.0,0.05172923440733077
2608,185,hellaswag,0.6864864864864865,hellaswag,127,0.6864864864864865,arc-challenge,20.0,0.10810810810810811,mmlu-high-school-chemistry,10.0,0.05405405405405406,mmlu-professional-law,7.0,0.03783783783783784,mmlu-college-physics,3.0,0.016216216216216217
2609,316,hellaswag,0.4462025316455696,hellaswag,141,0.4462025316455696,Chinese_character_riddles,22.0,0.06962025316455696,chinese_homonym,14.0,0.04430379746835443,chinese_idioms,11.0,0.03481012658227848,mbpp,11.0,0.03481012658227848
2610,708,hellaswag,0.307909604519774,hellaswag,218,0.307909604519774,arc-challenge,34.0,0.0480225988700565,mmlu-high-school-macroeconomics,25.0,0.03531073446327684,consensus_summary,24.0,0.03389830508474576,mmlu-abstract-algebra,17.0,0.02401129943502825
2611,1,hellaswag,1.0,hellaswag,1,1.0,,,,,,,,,,,,
2612,1,consensus_summary,1.0,consensus_summary,1,1.0,,,,,,,,,,,,
2613,231,bias_detection,0.45021645021645024,bias_detection,104,0.45021645021645024,hellaswag,26.0,0.11255411255411256,mmlu-professional-medicine,20.0,0.08658008658008658,consensus_summary,19.0,0.08225108225108226,abstract2title,12.0,0.05194805194805195
2614,5,hellaswag,0.4,hellaswag,2,0.4,mmlu-conceptual-physics,1.0,0.2,mmlu-miscellaneous,1.0,0.2,winogrande,1.0,0.2,,,
2615,711,hellaswag,0.7763713080168776,hellaswag,552,0.7763713080168776,mmlu-high-school-european-history,19.0,0.026722925457102673,mmlu-high-school-us-history,17.0,0.02390998593530239,mmlu-professional-psychology,15.0,0.02109704641350211,consensus_summary,14.0,0.01969057665260197
2616,29,hellaswag,0.6896551724137931,hellaswag,20,0.6896551724137931,mmlu-high-school-european-history,2.0,0.06896551724137931,mmlu-high-school-mathematics,2.0,0.06896551724137931,mmlu-professional-law,2.0,0.06896551724137931,mmlu-computer-security,1.0,0.034482758620689655
2617,3,hellaswag,0.6666666666666666,hellaswag,2,0.6666666666666666,mmlu-nutrition,1.0,0.3333333333333333,,,,,,,,,
2618,44,hellaswag,0.45454545454545453,hellaswag,20,0.45454545454545453,consensus_summary,4.0,0.09090909090909091,mmlu-marketing,4.0,0.09090909090909091,mmlu-computer-security,3.0,0.06818181818181818,mmlu-machine-learning,2.0,0.045454545454545456
2619,1059,mmlu-moral-scenarios,0.5826251180358829,mmlu-moral-scenarios,617,0.5826251180358829,winogrande,175.0,0.1652502360717658,hellaswag,107.0,0.10103871576959396,mmlu-professional-law,56.0,0.05288007554296506,mmlu-miscellaneous,20.0,0.018885741265344664
2620,408,mmlu-professional-law,0.25245098039215685,mmlu-professional-law,103,0.25245098039215685,mmlu-moral-scenarios,73.0,0.17892156862745098,mmlu-moral-disputes,23.0,0.056372549019607844,mmlu-high-school-us-history,22.0,0.05392156862745098,hellaswag,20.0,0.049019607843137254
2621,45,hellaswag,0.28888888888888886,hellaswag,13,0.28888888888888886,mmlu-miscellaneous,5.0,0.1111111111111111,mmlu-high-school-psychology,3.0,0.06666666666666667,mmlu-high-school-us-history,3.0,0.06666666666666667,consensus_summary,2.0,0.044444444444444446
2622,16,hellaswag,0.25,hellaswag,4,0.25,mmlu-high-school-statistics,2.0,0.125,arc-challenge,1.0,0.0625,mbpp,1.0,0.0625,mmlu-college-mathematics,1.0,0.0625
2623,693,hellaswag,0.46464646464646464,hellaswag,322,0.46464646464646464,mbpp,130.0,0.18759018759018758,mmlu-elementary-mathematics,25.0,0.03607503607503607,mmlu-high-school-mathematics,22.0,0.031746031746031744,winogrande,16.0,0.023088023088023088
2624,372,chinese_zodiac,0.7553763440860215,chinese_zodiac,281,0.7553763440860215,abstract2title,48.0,0.12903225806451613,consensus_summary,16.0,0.043010752688172046,hellaswag,9.0,0.024193548387096774,mmlu-nutrition,3.0,0.008064516129032258
2625,2,hellaswag,0.5,hellaswag,1,0.5,mmlu-high-school-us-history,1.0,0.5,,,,,,,,,
2626,5960,grade-school-math,1.0,grade-school-math,5960,1.0,,,,,,,,,,,,
2628,1046,hellaswag,0.369980879541109,hellaswag,387,0.369980879541109,mmlu-professional-law,139.0,0.13288718929254303,mbpp,67.0,0.06405353728489484,arc-challenge,55.0,0.052581261950286805,winogrande,51.0,0.04875717017208413
2629,394,hellaswag,0.8121827411167513,hellaswag,320,0.8121827411167513,abstract2title,25.0,0.06345177664974619,mmlu-professional-psychology,10.0,0.025380710659898477,mmlu-high-school-world-history,7.0,0.017766497461928935,mmlu-professional-law,7.0,0.017766497461928935
2630,1,hellaswag,1.0,hellaswag,1,1.0,,,,,,,,,,,,
2631,346,abstract2title,0.5404624277456648,abstract2title,187,0.5404624277456648,hellaswag,75.0,0.21676300578034682,mmlu-high-school-european-history,15.0,0.04335260115606936,mmlu-high-school-world-history,15.0,0.04335260115606936,consensus_summary,10.0,0.028901734104046242
2632,1609,hellaswag,0.2622747047855811,hellaswag,422,0.2622747047855811,winogrande,162.0,0.10068365444375388,mmlu-moral-scenarios,131.0,0.08141702921068987,mmlu-professional-psychology,91.0,0.05655686761963953,arc-challenge,65.0,0.040397762585456805
2633,504,mmlu-professional-law,0.49603174603174605,mmlu-professional-law,250,0.49603174603174605,mmlu-moral-disputes,39.0,0.07738095238095238,hellaswag,38.0,0.07539682539682539,mmlu-high-school-government-and-politics,26.0,0.051587301587301584,mmlu-jurisprudence,15.0,0.02976190476190476
2634,2,abstract2title,0.5,abstract2title,1,0.5,hellaswag,1.0,0.5,,,,,,,,,
2637,3,hellaswag,1.0,hellaswag,3,1.0,,,,,,,,,,,,
2638,1392,hellaswag,0.46695402298850575,hellaswag,650,0.46695402298850575,mmlu-professional-law,82.0,0.05890804597701149,mbpp,76.0,0.05459770114942529,winogrande,52.0,0.03735632183908046,arc-challenge,38.0,0.027298850574712645
2640,2,consensus_summary,1.0,consensus_summary,2,1.0,,,,,,,,,,,,
2641,6011,grade-school-math,0.9915155548161704,grade-school-math,5960,0.9915155548161704,hellaswag,17.0,0.002828148394609882,mmlu-high-school-mathematics,13.0,0.0021627017135252037,mmlu-elementary-mathematics,5.0,0.0008318083513558476,mbpp,3.0,0.0004990850108135085
2643,88,hellaswag,0.7954545454545454,hellaswag,70,0.7954545454545454,arc-challenge,2.0,0.022727272727272728,mmlu-human-sexuality,2.0,0.022727272727272728,mmlu-nutrition,2.0,0.022727272727272728,mmlu-professional-accounting,2.0,0.022727272727272728
2644,5,consensus_summary,0.8,consensus_summary,4,0.8,hellaswag,1.0,0.2,,,,,,,,,
2645,1549,hellaswag,0.22401549386701097,hellaswag,347,0.22401549386701097,winogrande,324.0,0.2091672046481601,mmlu-professional-law,140.0,0.09038089089735313,mbpp,131.0,0.08457069076823757,mmlu-high-school-macroeconomics,71.0,0.045836023240800515
2646,22,hellaswag,0.22727272727272727,hellaswag,5,0.22727272727272727,mmlu-high-school-mathematics,4.0,0.18181818181818182,consensus_summary,3.0,0.13636363636363635,mbpp,2.0,0.09090909090909091,mmlu-high-school-psychology,2.0,0.09090909090909091
2647,443,hellaswag,0.4040632054176072,hellaswag,179,0.4040632054176072,mmlu-high-school-microeconomics,42.0,0.09480812641083522,mmlu-high-school-macroeconomics,31.0,0.06997742663656885,mmlu-miscellaneous,22.0,0.04966139954853273,mmlu-high-school-geography,21.0,0.04740406320541761
2648,3,hellaswag,0.3333333333333333,hellaswag,1,0.3333333333333333,mmlu-human-sexuality,1.0,0.3333333333333333,mmlu-jurisprudence,1.0,0.3333333333333333,,,,,,
2650,492,hellaswag,0.516260162601626,hellaswag,254,0.516260162601626,mmlu-professional-law,51.0,0.10365853658536585,mbpp,45.0,0.09146341463414634,winogrande,20.0,0.04065040650406504,mmlu-machine-learning,18.0,0.036585365853658534
2651,543,hellaswag,0.30939226519337015,hellaswag,168,0.30939226519337015,mmlu-sociology,34.0,0.06261510128913444,mmlu-professional-psychology,28.0,0.05156537753222836,mmlu-high-school-microeconomics,26.0,0.04788213627992634,mmlu-high-school-macroeconomics,25.0,0.04604051565377532
2652,125,hellaswag,0.824,hellaswag,103,0.824,abstract2title,3.0,0.024,mmlu-high-school-biology,3.0,0.024,arc-challenge,2.0,0.016,mmlu-machine-learning,2.0,0.016
2653,789,hellaswag,0.605830164765526,hellaswag,478,0.605830164765526,winogrande,139.0,0.1761723700887199,mmlu-miscellaneous,50.0,0.06337135614702155,mmlu-conceptual-physics,23.0,0.029150823827629912,mmlu-high-school-psychology,19.0,0.024081115335868188
2654,2745,mmlu-professional-law,0.380327868852459,mmlu-professional-law,1044,0.380327868852459,hellaswag,175.0,0.06375227686703097,mmlu-professional-psychology,118.0,0.04298724954462659,winogrande,99.0,0.036065573770491806,mmlu-high-school-government-and-politics,81.0,0.029508196721311476
2655,516,hellaswag,0.26356589147286824,hellaswag,136,0.26356589147286824,mmlu-professional-law,50.0,0.09689922480620156,arc-challenge,32.0,0.06201550387596899,mmlu-high-school-biology,29.0,0.0562015503875969,mmlu-logical-fallacies,25.0,0.04844961240310078
2659,3,hellaswag,0.6666666666666666,hellaswag,2,0.6666666666666666,mmlu-econometrics,1.0,0.3333333333333333,,,,,,,,,
2660,8,hellaswag,0.125,hellaswag,1,0.125,mmlu-business-ethics,1.0,0.125,mmlu-econometrics,1.0,0.125,mmlu-high-school-psychology,1.0,0.125,mmlu-human-aging,1.0,0.125
2661,143,hellaswag,0.23776223776223776,hellaswag,34,0.23776223776223776,mbpp,31.0,0.21678321678321677,mmlu-high-school-mathematics,11.0,0.07692307692307693,mmlu-college-mathematics,9.0,0.06293706293706294,mmlu-abstract-algebra,8.0,0.055944055944055944
2662,238,hellaswag,0.8235294117647058,hellaswag,196,0.8235294117647058,bias_detection,15.0,0.06302521008403361,mmlu-professional-law,10.0,0.04201680672268908,mmlu-miscellaneous,4.0,0.01680672268907563,mmlu-moral-scenarios,3.0,0.012605042016806723
2664,1189,mmlu-high-school-macroeconomics,0.16232127838519764,mmlu-high-school-macroeconomics,193,0.16232127838519764,mmlu-professional-law,188.0,0.1581160639192599,arc-challenge,115.0,0.09671993271656855,hellaswag,102.0,0.08578637510513036,mmlu-high-school-microeconomics,82.0,0.06896551724137931
2665,37,consensus_summary,0.2702702702702703,consensus_summary,10,0.2702702702702703,hellaswag,8.0,0.21621621621621623,mmlu-high-school-european-history,7.0,0.1891891891891892,mmlu-high-school-world-history,5.0,0.13513513513513514,mmlu-high-school-us-history,3.0,0.08108108108108109
2666,2826,arc-challenge,0.16772823779193205,arc-challenge,474,0.16772823779193205,hellaswag,395.0,0.1397735314932767,mmlu-high-school-macroeconomics,137.0,0.04847841472045294,mmlu-high-school-biology,119.0,0.04210898796886058,mmlu-high-school-chemistry,118.0,0.04175513092710545
2667,90,winogrande,0.5666666666666667,winogrande,51,0.5666666666666667,hellaswag,14.0,0.15555555555555556,arc-challenge,4.0,0.044444444444444446,mmlu-elementary-mathematics,2.0,0.022222222222222223,mmlu-human-aging,2.0,0.022222222222222223
2668,49,hellaswag,0.8571428571428571,hellaswag,42,0.8571428571428571,mmlu-clinical-knowledge,2.0,0.04081632653061224,mmlu-conceptual-physics,1.0,0.02040816326530612,mmlu-high-school-geography,1.0,0.02040816326530612,mmlu-human-sexuality,1.0,0.02040816326530612
2670,2,mmlu-high-school-european-history,1.0,mmlu-high-school-european-history,2,1.0,,,,,,,,,,,,
2671,2345,hellaswag,0.29893390191897656,hellaswag,701,0.29893390191897656,arc-challenge,242.0,0.10319829424307037,mmlu-nutrition,215.0,0.09168443496801706,consensus_summary,134.0,0.05714285714285714,mmlu-high-school-biology,100.0,0.042643923240938165
2672,1004,mmlu-moral-scenarios,0.6603585657370518,mmlu-moral-scenarios,663,0.6603585657370518,mmlu-high-school-mathematics,34.0,0.03386454183266932,mmlu-high-school-chemistry,28.0,0.027888446215139442,mmlu-professional-law,23.0,0.022908366533864542,mmlu-college-chemistry,21.0,0.02091633466135458
2673,2,abstract2title,1.0,abstract2title,2,1.0,,,,,,,,,,,,
2674,1188,hellaswag,0.44023569023569026,hellaswag,523,0.44023569023569026,arc-challenge,216.0,0.18181818181818182,abstract2title,40.0,0.03367003367003367,mmlu-miscellaneous,31.0,0.026094276094276093,mmlu-astronomy,29.0,0.02441077441077441
2675,1,consensus_summary,1.0,consensus_summary,1,1.0,,,,,,,,,,,,
2676,886,hellaswag,0.6309255079006773,hellaswag,559,0.6309255079006773,consensus_summary,27.0,0.030474040632054177,mmlu-high-school-world-history,26.0,0.029345372460496615,mmlu-nutrition,22.0,0.024830699774266364,mmlu-high-school-us-history,19.0,0.02144469525959368
2678,6168,grade-school-math,0.9662775616083009,grade-school-math,5960,0.9662775616083009,mmlu-miscellaneous,56.0,0.009079118028534372,hellaswag,54.0,0.008754863813229572,mmlu-professional-law,26.0,0.004215304798962386,mmlu-high-school-psychology,10.0,0.001621271076523995
2679,1384,hellaswag,0.3063583815028902,hellaswag,424,0.3063583815028902,chinese_zodiac,284.0,0.20520231213872833,mbpp,112.0,0.08092485549132948,arc-challenge,44.0,0.031791907514450865,mmlu-high-school-world-history,37.0,0.026734104046242775
2682,605,mmlu-world-religions,0.15702479338842976,mmlu-world-religions,95,0.15702479338842976,mmlu-high-school-world-history,72.0,0.11900826446280992,hellaswag,67.0,0.11074380165289256,mmlu-prehistory,54.0,0.08925619834710743,mmlu-philosophy,31.0,0.0512396694214876
2683,255,hellaswag,0.4196078431372549,hellaswag,107,0.4196078431372549,chinese_zodiac,45.0,0.17647058823529413,mmlu-high-school-mathematics,17.0,0.06666666666666667,arc-challenge,9.0,0.03529411764705882,mmlu-high-school-physics,9.0,0.03529411764705882
2684,453,hellaswag,0.5607064017660044,hellaswag,254,0.5607064017660044,arc-challenge,69.0,0.152317880794702,winogrande,32.0,0.0706401766004415,mmlu-elementary-mathematics,22.0,0.04856512141280353,mmlu-conceptual-physics,17.0,0.037527593818984545
2685,3,consensus_summary,0.6666666666666666,consensus_summary,2,0.6666666666666666,mmlu-philosophy,1.0,0.3333333333333333,,,,,,,,,
2686,47,hellaswag,0.6382978723404256,hellaswag,30,0.6382978723404256,mmlu-high-school-world-history,4.0,0.0851063829787234,mmlu-high-school-us-history,2.0,0.0425531914893617,mmlu-jurisprudence,2.0,0.0425531914893617,consensus_summary,1.0,0.02127659574468085
2687,4026,hellaswag,0.3710879284649776,hellaswag,1494,0.3710879284649776,mmlu-moral-scenarios,648.0,0.16095380029806258,mmlu-professional-law,266.0,0.06607054148037754,arc-challenge,226.0,0.0561351217088922,mmlu-professional-psychology,134.0,0.033283656234475906
2688,1090,chinese_zodiac,0.26055045871559634,chinese_zodiac,284,0.26055045871559634,winogrande,234.0,0.21467889908256882,hellaswag,89.0,0.081651376146789,mmlu-miscellaneous,52.0,0.047706422018348627,mmlu-elementary-mathematics,44.0,0.04036697247706422
2689,12,mmlu-marketing,0.25,mmlu-marketing,3,0.25,mmlu-professional-law,2.0,0.16666666666666666,hellaswag,1.0,0.08333333333333333,mmlu-computer-security,1.0,0.08333333333333333,mmlu-high-school-macroeconomics,1.0,0.08333333333333333
2690,8,mmlu-high-school-us-history,0.625,mmlu-high-school-us-history,5,0.625,hellaswag,2.0,0.25,winogrande,1.0,0.125,,,,,,
2692,1292,mmlu-moral-scenarios,0.5108359133126935,mmlu-moral-scenarios,660,0.5108359133126935,chinese_zodiac,284.0,0.21981424148606812,hellaswag,102.0,0.07894736842105263,mmlu-prehistory,24.0,0.018575851393188854,arc-challenge,17.0,0.013157894736842105
2693,43,hellaswag,0.2558139534883721,hellaswag,11,0.2558139534883721,mmlu-high-school-chemistry,5.0,0.11627906976744186,mmlu-high-school-us-history,4.0,0.09302325581395349,arc-challenge,3.0,0.06976744186046512,mmlu-high-school-world-history,3.0,0.06976744186046512
2694,1,abstract2title,1.0,abstract2title,1,1.0,,,,,,,,,,,,
2695,63,hellaswag,0.5079365079365079,hellaswag,32,0.5079365079365079,mmlu-high-school-world-history,8.0,0.12698412698412698,mmlu-professional-law,7.0,0.1111111111111111,chinese_modern_poem_identification,4.0,0.06349206349206349,chinese_song_ci,2.0,0.031746031746031744
2696,1,mbpp,1.0,mbpp,1,1.0,,,,,,,,,,,,
2697,104,hellaswag,0.125,hellaswag,13,0.125,mmlu-miscellaneous,12.0,0.11538461538461539,mmlu-high-school-psychology,11.0,0.10576923076923077,mmlu-college-biology,10.0,0.09615384615384616,mmlu-human-aging,7.0,0.0673076923076923
2698,25,consensus_summary,0.48,consensus_summary,12,0.48,hellaswag,7.0,0.28,mmlu-sociology,2.0,0.08,abstract2title,1.0,0.04,mmlu-college-computer-science,1.0,0.04
2699,1,mtbench,1.0,mtbench,1,1.0,,,,,,,,,,,,
2701,2458,hellaswag,0.8653376729048007,hellaswag,2127,0.8653376729048007,winogrande,52.0,0.02115541090317331,arc-challenge,28.0,0.011391375101708706,consensus_summary,23.0,0.00935720097640358,mmlu-nutrition,23.0,0.00935720097640358
2702,940,chinese_zodiac,0.3021276595744681,chinese_zodiac,284,0.3021276595744681,hellaswag,215.0,0.22872340425531915,mbpp,66.0,0.07021276595744681,mmlu-professional-law,57.0,0.06063829787234042,arc-challenge,36.0,0.03829787234042553
2705,591,mmlu-moral-scenarios,0.505922165820643,mmlu-moral-scenarios,299,0.505922165820643,hellaswag,160.0,0.2707275803722504,mmlu-philosophy,19.0,0.032148900169204735,mmlu-professional-psychology,17.0,0.028764805414551606,Chinese_character_riddles,13.0,0.021996615905245348
2706,1611,hellaswag,0.12104283054003724,hellaswag,195,0.12104283054003724,arc-challenge,190.0,0.11793916821849783,mmlu-professional-law,158.0,0.09807572936064556,mmlu-professional-accounting,138.0,0.0856610800744879,abstract2title,93.0,0.05772811918063315
2708,55,hellaswag,0.21818181818181817,hellaswag,12,0.21818181818181817,mmlu-high-school-microeconomics,8.0,0.14545454545454545,mmlu-professional-law,8.0,0.14545454545454545,mmlu-professional-psychology,4.0,0.07272727272727272,mmlu-miscellaneous,3.0,0.05454545454545454
2709,4531,hellaswag,0.34230854116089166,hellaswag,1551,0.34230854116089166,winogrande,580.0,0.1280070624586184,arc-challenge,528.0,0.11653056720370779,mmlu-miscellaneous,203.0,0.04480247186051644,mmlu-prehistory,191.0,0.04215404987861399
2711,1,consensus_summary,1.0,consensus_summary,1,1.0,,,,,,,,,,,,
2712,4,hellaswag,0.5,hellaswag,2,0.5,consensus_summary,1.0,0.25,mbpp,1.0,0.25,,,,,,
2713,1,mmlu-professional-law,1.0,mmlu-professional-law,1,1.0,,,,,,,,,,,,
2714,41,hellaswag,0.4146341463414634,hellaswag,17,0.4146341463414634,chinese_idioms,8.0,0.1951219512195122,mmlu-miscellaneous,2.0,0.04878048780487805,mmlu-professional-accounting,2.0,0.04878048780487805,chinese_song_ci,1.0,0.024390243902439025
2715,1,consensus_summary,1.0,consensus_summary,1,1.0,,,,,,,,,,,,
2717,518,hellaswag,0.752895752895753,hellaswag,390,0.752895752895753,arc-challenge,31.0,0.059845559845559844,consensus_summary,27.0,0.052123552123552123,winogrande,8.0,0.015444015444015444,mmlu-high-school-us-history,7.0,0.013513513513513514
2718,105,hellaswag,0.10476190476190476,hellaswag,11,0.10476190476190476,mmlu-miscellaneous,9.0,0.08571428571428572,mmlu-professional-psychology,9.0,0.08571428571428572,mmlu-virology,8.0,0.0761904761904762,mbpp,7.0,0.06666666666666667
2719,16,hellaswag,0.75,hellaswag,12,0.75,mmlu-elementary-mathematics,2.0,0.125,mbpp,1.0,0.0625,mmlu-college-mathematics,1.0,0.0625,,,
2720,6,hellaswag,0.5,hellaswag,3,0.5,abstract2title,1.0,0.16666666666666666,mmlu-college-computer-science,1.0,0.16666666666666666,mmlu-professional-law,1.0,0.16666666666666666,,,
2721,70,mmlu-high-school-psychology,0.21428571428571427,mmlu-high-school-psychology,15,0.21428571428571427,hellaswag,7.0,0.1,arc-challenge,5.0,0.07142857142857142,mmlu-conceptual-physics,4.0,0.05714285714285714,mmlu-professional-psychology,4.0,0.05714285714285714
2722,1653,mmlu-moral-scenarios,0.4010889292196007,mmlu-moral-scenarios,663,0.4010889292196007,hellaswag,350.0,0.21173623714458562,mmlu-professional-law,142.0,0.08590441621294616,mmlu-high-school-psychology,52.0,0.03145795523290986,arc-challenge,48.0,0.029038112522686024
2723,452,hellaswag,0.2079646017699115,hellaswag,94,0.2079646017699115,winogrande,63.0,0.13938053097345132,arc-challenge,47.0,0.10398230088495575,mmlu-miscellaneous,31.0,0.06858407079646017,mmlu-marketing,29.0,0.06415929203539823
2724,135,mmlu-miscellaneous,0.26666666666666666,mmlu-miscellaneous,36,0.26666666666666666,mbpp,15.0,0.1111111111111111,mmlu-high-school-computer-science,10.0,0.07407407407407407,chinese_ancient_masterpieces_dynasty,8.0,0.05925925925925926,mmlu-nutrition,7.0,0.05185185185185185
2725,481,hellaswag,0.6070686070686071,hellaswag,292,0.6070686070686071,consensus_summary,35.0,0.07276507276507277,mmlu-professional-psychology,17.0,0.035343035343035345,mmlu-elementary-mathematics,15.0,0.031185031185031187,mmlu-professional-law,14.0,0.029106029106029108
2726,1635,hellaswag,0.2941896024464832,hellaswag,481,0.2941896024464832,winogrande,297.0,0.181651376146789,arc-challenge,268.0,0.163914373088685,mmlu-professional-law,135.0,0.08256880733944955,mmlu-miscellaneous,46.0,0.028134556574923548
2727,1,consensus_summary,1.0,consensus_summary,1,1.0,,,,,,,,,,,,
2728,1011,hellaswag,0.19683481701285854,hellaswag,199,0.19683481701285854,arc-challenge,122.0,0.12067260138476756,mmlu-professional-accounting,64.0,0.06330365974282888,mmlu-professional-psychology,60.0,0.05934718100890208,mmlu-nutrition,56.0,0.05539070227497527
2730,15,hellaswag,0.3333333333333333,hellaswag,5,0.3333333333333333,mmlu-elementary-mathematics,3.0,0.2,mmlu-high-school-mathematics,3.0,0.2,mmlu-abstract-algebra,1.0,0.06666666666666667,mmlu-high-school-biology,1.0,0.06666666666666667
2732,1946,mmlu-moral-scenarios,0.3406988694758479,mmlu-moral-scenarios,663,0.3406988694758479,hellaswag,240.0,0.12332990750256938,mmlu-moral-disputes,171.0,0.08787255909558069,mmlu-philosophy,135.0,0.06937307297019528,mmlu-professional-psychology,87.0,0.044707091469681395
2733,903,hellaswag,0.35105204872646734,hellaswag,317,0.35105204872646734,winogrande,93.0,0.10299003322259136,arc-challenge,54.0,0.059800664451827246,mmlu-professional-law,45.0,0.04983388704318937,mmlu-miscellaneous,25.0,0.02768549280177187
2736,73,hellaswag,0.1917808219178082,hellaswag,14,0.1917808219178082,mmlu-high-school-world-history,6.0,0.0821917808219178,mmlu-high-school-us-history,5.0,0.0684931506849315,mmlu-miscellaneous,5.0,0.0684931506849315,mmlu-elementary-mathematics,4.0,0.0547945205479452
2738,1,hellaswag,1.0,hellaswag,1,1.0,,,,,,,,,,,,
2739,3,hellaswag,0.6666666666666666,hellaswag,2,0.6666666666666666,mmlu-machine-learning,1.0,0.3333333333333333,,,,,,,,,
2740,316,hellaswag,0.620253164556962,hellaswag,196,0.620253164556962,arc-challenge,13.0,0.04113924050632911,mmlu-professional-law,13.0,0.04113924050632911,consensus_summary,11.0,0.03481012658227848,mmlu-nutrition,10.0,0.03164556962025317
2741,4,mmlu-high-school-us-history,0.5,mmlu-high-school-us-history,2,0.5,hellaswag,1.0,0.25,mmlu-high-school-world-history,1.0,0.25,,,,,,
2742,2,consensus_summary,0.5,consensus_summary,1,0.5,mmlu-professional-law,1.0,0.5,,,,,,,,,
2743,1446,hellaswag,0.25103734439834025,hellaswag,363,0.25103734439834025,mmlu-professional-law,112.0,0.07745504840940526,mmlu-high-school-world-history,102.0,0.07053941908713693,consensus_summary,83.0,0.05739972337482711,mmlu-high-school-us-history,67.0,0.04633471645919779
2745,1032,hellaswag,0.5562015503875969,hellaswag,574,0.5562015503875969,mmlu-high-school-european-history,51.0,0.04941860465116279,winogrande,40.0,0.03875968992248062,mmlu-moral-disputes,29.0,0.02810077519379845,mmlu-professional-law,29.0,0.02810077519379845
2746,2,abstract2title,1.0,abstract2title,2,1.0,,,,,,,,,,,,
2747,14,mmlu-elementary-mathematics,0.2857142857142857,mmlu-elementary-mathematics,4,0.2857142857142857,hellaswag,3.0,0.21428571428571427,mbpp,3.0,0.21428571428571427,abstract2title,1.0,0.07142857142857142,mmlu-high-school-chemistry,1.0,0.07142857142857142
2748,26,mmlu-professional-law,0.5384615384615384,mmlu-professional-law,14,0.5384615384615384,mmlu-high-school-us-history,3.0,0.11538461538461539,mmlu-international-law,2.0,0.07692307692307693,hellaswag,1.0,0.038461538461538464,mmlu-college-biology,1.0,0.038461538461538464
2750,526,mmlu-professional-law,0.311787072243346,mmlu-professional-law,164,0.311787072243346,hellaswag,59.0,0.11216730038022814,mmlu-formal-logic,31.0,0.058935361216730035,mmlu-high-school-biology,19.0,0.03612167300380228,mmlu-high-school-statistics,19.0,0.03612167300380228
2751,81,chinese_ancient_masterpieces_dynasty,0.13580246913580246,chinese_ancient_masterpieces_dynasty,11,0.13580246913580246,mmlu-conceptual-physics,11.0,0.13580246913580246,mmlu-high-school-physics,7.0,0.08641975308641975,mmlu-high-school-world-history,6.0,0.07407407407407407,chinese_ancient_poetry,4.0,0.04938271604938271
2752,281,consensus_summary,0.298932384341637,consensus_summary,84,0.298932384341637,hellaswag,64.0,0.2277580071174377,mmlu-high-school-european-history,13.0,0.046263345195729534,chinese_ancient_masterpieces_dynasty,11.0,0.03914590747330961,chinese_famous_novel,10.0,0.03558718861209965
2753,2445,hellaswag,0.805316973415133,hellaswag,1969,0.805316973415133,mmlu-elementary-mathematics,57.0,0.023312883435582823,mmlu-formal-logic,43.0,0.017586912065439674,mmlu-miscellaneous,25.0,0.010224948875255624,mmlu-high-school-mathematics,24.0,0.0098159509202454
2754,612,hellaswag,0.6879084967320261,hellaswag,421,0.6879084967320261,arc-challenge,35.0,0.05718954248366013,winogrande,15.0,0.024509803921568627,mmlu-high-school-physics,14.0,0.02287581699346405,mmlu-miscellaneous,14.0,0.02287581699346405
2756,402,consensus_summary,0.42039800995024873,consensus_summary,169,0.42039800995024873,abstract2title,37.0,0.09203980099502487,hellaswag,33.0,0.08208955223880597,mmlu-high-school-us-history,22.0,0.05472636815920398,mmlu-high-school-geography,16.0,0.03980099502487562
2757,1693,hellaswag,0.20378027170702895,hellaswag,345,0.20378027170702895,chinese_zodiac,284.0,0.16774955699940933,mmlu-professional-medicine,125.0,0.07383343177790903,mmlu-professional-law,102.0,0.06024808033077377,winogrande,88.0,0.05197873597164796
2760,1408,mmlu-professional-law,0.5298295454545454,mmlu-professional-law,746,0.5298295454545454,hellaswag,183.0,0.1299715909090909,mmlu-professional-psychology,54.0,0.03835227272727273,winogrande,38.0,0.026988636363636364,mmlu-logical-fallacies,32.0,0.022727272727272728
2762,592,hellaswag,0.24155405405405406,hellaswag,143,0.24155405405405406,abstract2title,77.0,0.13006756756756757,mmlu-professional-law,66.0,0.11148648648648649,mmlu-high-school-government-and-politics,34.0,0.057432432432432436,mmlu-miscellaneous,23.0,0.03885135135135135
2763,1874,hellaswag,0.7876200640341515,hellaswag,1476,0.7876200640341515,winogrande,57.0,0.030416221985058698,mmlu-professional-law,55.0,0.02934898612593383,arc-challenge,53.0,0.028281750266808965,mmlu-prehistory,31.0,0.016542155816435433
2764,1960,hellaswag,0.7153061224489796,hellaswag,1402,0.7153061224489796,winogrande,177.0,0.09030612244897959,arc-challenge,73.0,0.037244897959183676,mmlu-miscellaneous,44.0,0.022448979591836733,mmlu-high-school-psychology,27.0,0.013775510204081633
2766,29,hellaswag,0.2413793103448276,hellaswag,7,0.2413793103448276,mmlu-marketing,6.0,0.20689655172413793,mbpp,3.0,0.10344827586206896,arc-challenge,2.0,0.06896551724137931,mmlu-high-school-government-and-politics,2.0,0.06896551724137931
2768,1167,hellaswag,0.17480719794344474,hellaswag,204,0.17480719794344474,mmlu-high-school-biology,94.0,0.0805484147386461,arc-challenge,82.0,0.0702656383890317,mmlu-marketing,66.0,0.056555269922879174,mmlu-professional-law,56.0,0.04798628963153385
2769,81,hellaswag,0.3333333333333333,hellaswag,27,0.3333333333333333,arc-challenge,15.0,0.18518518518518517,mmlu-conceptual-physics,6.0,0.07407407407407407,mmlu-electrical-engineering,5.0,0.06172839506172839,accounting_audit,4.0,0.04938271604938271
2770,150,hellaswag,0.42,hellaswag,63,0.42,arc-challenge,12.0,0.08,mmlu-professional-accounting,11.0,0.07333333333333333,mmlu-high-school-chemistry,10.0,0.06666666666666667,winogrande,9.0,0.06
2771,641,hellaswag,0.2121684867394696,hellaswag,136,0.2121684867394696,mmlu-professional-medicine,84.0,0.1310452418096724,winogrande,52.0,0.0811232449297972,mmlu-professional-law,44.0,0.0686427457098284,mmlu-clinical-knowledge,24.0,0.0374414976599064
2773,1068,mmlu-high-school-macroeconomics,0.16573033707865167,mmlu-high-school-macroeconomics,177,0.16573033707865167,hellaswag,142.0,0.13295880149812733,mmlu-professional-law,81.0,0.07584269662921349,mmlu-high-school-statistics,57.0,0.05337078651685393,mmlu-logical-fallacies,54.0,0.05056179775280899
2774,11,mmlu-high-school-world-history,0.5454545454545454,mmlu-high-school-world-history,6,0.5454545454545454,mmlu-high-school-us-history,3.0,0.2727272727272727,mmlu-philosophy,1.0,0.09090909090909091,mmlu-professional-law,1.0,0.09090909090909091,,,
2777,130,hellaswag,0.8846153846153846,hellaswag,115,0.8846153846153846,consensus_summary,3.0,0.023076923076923078,mmlu-nutrition,3.0,0.023076923076923078,arc-challenge,2.0,0.015384615384615385,mmlu-professional-medicine,2.0,0.015384615384615385
2780,68,hellaswag,0.5294117647058824,hellaswag,36,0.5294117647058824,consensus_summary,16.0,0.23529411764705882,mmlu-nutrition,5.0,0.07352941176470588,mmlu-human-aging,3.0,0.04411764705882353,mmlu-high-school-geography,2.0,0.029411764705882353
2781,749,hellaswag,0.6728971962616822,hellaswag,504,0.6728971962616822,abstract2title,70.0,0.09345794392523364,mbpp,37.0,0.049399198931909215,winogrande,30.0,0.04005340453938585,mmlu-professional-law,13.0,0.017356475300400534
2782,55,chinese_ancient_masterpieces_dynasty,0.2,chinese_ancient_masterpieces_dynasty,11,0.2,chinese_homonym,7.0,0.12727272727272726,chinese_modern_poem_identification,6.0,0.10909090909090909,chinese_shi_jing,5.0,0.09090909090909091,hellaswag,4.0,0.07272727272727272
2783,5965,grade-school-math,0.9991617770326907,grade-school-math,5960,0.9991617770326907,mmlu-professional-law,3.0,0.0005029337803855825,mmlu-high-school-chemistry,1.0,0.00016764459346186087,mmlu-nutrition,1.0,0.00016764459346186087,,,
2784,2511,hellaswag,0.15651135005973715,hellaswag,393,0.15651135005973715,mmlu-high-school-macroeconomics,231.0,0.09199522102747909,mmlu-professional-accounting,188.0,0.07487056949422541,mmlu-professional-law,132.0,0.052568697729988054,abstract2title,118.0,0.04699322978892871
2785,1,mmlu-high-school-mathematics,1.0,mmlu-high-school-mathematics,1,1.0,,,,,,,,,,,,
2786,51,consensus_summary,0.23529411764705882,consensus_summary,12,0.23529411764705882,hellaswag,8.0,0.1568627450980392,arc-challenge,4.0,0.0784313725490196,mmlu-high-school-psychology,3.0,0.058823529411764705,mmlu-miscellaneous,3.0,0.058823529411764705
2788,635,hellaswag,0.06614173228346457,hellaswag,42,0.06614173228346457,mmlu-high-school-macroeconomics,42.0,0.06614173228346457,mmlu-computer-security,38.0,0.05984251968503937,mmlu-college-computer-science,36.0,0.05669291338582677,consensus_summary,31.0,0.048818897637795275
2789,2867,hellaswag,0.76909661667248,hellaswag,2205,0.76909661667248,arc-challenge,78.0,0.027206138821067316,mmlu-professional-law,68.0,0.023718172305545866,mmlu-professional-psychology,63.0,0.021974189047785142,mmlu-miscellaneous,46.0,0.016044645971398673
2790,15,hellaswag,0.4,hellaswag,6,0.4,mmlu-sociology,2.0,0.13333333333333333,consensus_summary,1.0,0.06666666666666667,mmlu-clinical-knowledge,1.0,0.06666666666666667,mmlu-human-aging,1.0,0.06666666666666667
2791,805,winogrande,0.5229813664596273,winogrande,421,0.5229813664596273,mmlu-miscellaneous,99.0,0.12298136645962733,hellaswag,52.0,0.06459627329192547,mmlu-high-school-psychology,21.0,0.02608695652173913,mmlu-medical-genetics,21.0,0.02608695652173913
2792,62,winogrande,0.24193548387096775,winogrande,15,0.24193548387096775,mmlu-moral-disputes,6.0,0.0967741935483871,mmlu-high-school-european-history,5.0,0.08064516129032258,mmlu-philosophy,5.0,0.08064516129032258,abstract2title,4.0,0.06451612903225806
2794,3,mbpp,0.6666666666666666,mbpp,2,0.6666666666666666,mmlu-college-chemistry,1.0,0.3333333333333333,,,,,,,,,
2795,1709,arc-challenge,0.22469280280866002,arc-challenge,384,0.22469280280866002,mmlu-miscellaneous,155.0,0.09069631363370392,hellaswag,109.0,0.06377998829724986,winogrande,96.0,0.056173200702165006,mmlu-high-school-psychology,70.0,0.04095962551199532
2796,2,hellaswag,1.0,hellaswag,2,1.0,,,,,,,,,,,,
2797,6001,grade-school-math,0.9931678053657723,grade-school-math,5960,0.9931678053657723,mmlu-elementary-mathematics,14.0,0.0023329445092484585,mmlu-high-school-mathematics,7.0,0.0011664722546242292,hellaswag,5.0,0.0008331944675887352,consensus_summary,3.0,0.0004999166805532411
2798,37,hellaswag,0.6486486486486487,hellaswag,24,0.6486486486486487,mmlu-professional-law,5.0,0.13513513513513514,mmlu-high-school-world-history,3.0,0.08108108108108109,mmlu-high-school-us-history,2.0,0.05405405405405406,mmlu-college-computer-science,1.0,0.02702702702702703
2799,139,mbpp,0.2158273381294964,mbpp,30,0.2158273381294964,hellaswag,16.0,0.11510791366906475,arc-challenge,14.0,0.10071942446043165,mmlu-high-school-psychology,14.0,0.10071942446043165,mmlu-miscellaneous,14.0,0.10071942446043165
2800,11,hellaswag,0.7272727272727273,hellaswag,8,0.7272727272727273,mmlu-professional-law,2.0,0.18181818181818182,mmlu-college-physics,1.0,0.09090909090909091,,,,,,
2801,2,hellaswag,1.0,hellaswag,2,1.0,,,,,,,,,,,,
2803,10,hellaswag,0.5,hellaswag,5,0.5,mbpp,2.0,0.2,arc-challenge,1.0,0.1,mmlu-high-school-chemistry,1.0,0.1,mmlu-medical-genetics,1.0,0.1
2804,457,arc-challenge,0.14660831509846828,arc-challenge,67,0.14660831509846828,abstract2title,62.0,0.13566739606126915,hellaswag,45.0,0.09846827133479212,mmlu-high-school-world-history,31.0,0.06783369803063458,mmlu-world-religions,25.0,0.05470459518599562
2805,114,hellaswag,0.21052631578947367,hellaswag,24,0.21052631578947367,mmlu-high-school-us-history,16.0,0.14035087719298245,mmlu-high-school-macroeconomics,8.0,0.07017543859649122,mmlu-global-facts,7.0,0.06140350877192982,mmlu-high-school-government-and-politics,7.0,0.06140350877192982
2807,1,consensus_summary,1.0,consensus_summary,1,1.0,,,,,,,,,,,,
2808,2,mmlu-high-school-computer-science,0.5,mmlu-high-school-computer-science,1,0.5,mmlu-jurisprudence,1.0,0.5,,,,,,,,,
2809,2254,hellaswag,0.5066548358473825,hellaswag,1142,0.5066548358473825,arc-challenge,423.0,0.18766637089618457,mmlu-professional-law,112.0,0.049689440993788817,winogrande,107.0,0.047471162377994675,mmlu-miscellaneous,52.0,0.023070097604259095
2810,160,hellaswag,0.34375,hellaswag,55,0.34375,winogrande,17.0,0.10625,mbpp,12.0,0.075,mmlu-high-school-european-history,7.0,0.04375,mmlu-high-school-geography,6.0,0.0375
2811,37,hellaswag,0.2972972972972973,hellaswag,11,0.2972972972972973,consensus_summary,3.0,0.08108108108108109,mmlu-high-school-european-history,3.0,0.08108108108108109,mmlu-high-school-us-history,3.0,0.08108108108108109,mmlu-high-school-psychology,2.0,0.05405405405405406
2812,279,mmlu-moral-scenarios,0.8064516129032258,mmlu-moral-scenarios,225,0.8064516129032258,mmlu-high-school-psychology,16.0,0.05734767025089606,mmlu-professional-psychology,11.0,0.03942652329749104,hellaswag,6.0,0.021505376344086023,accounting_audit,3.0,0.010752688172043012
2813,8,hellaswag,0.625,hellaswag,5,0.625,mbpp,1.0,0.125,mmlu-high-school-european-history,1.0,0.125,mmlu-world-religions,1.0,0.125,,,
2814,878,hellaswag,0.44533029612756264,hellaswag,391,0.44533029612756264,mbpp,93.0,0.10592255125284739,consensus_summary,77.0,0.08769931662870159,mmlu-nutrition,49.0,0.05580865603644647,winogrande,47.0,0.05353075170842825
2815,113,hellaswag,0.23893805309734514,hellaswag,27,0.23893805309734514,abstract2title,26.0,0.23008849557522124,mmlu-professional-accounting,16.0,0.1415929203539823,mmlu-high-school-us-history,7.0,0.061946902654867256,winogrande,6.0,0.05309734513274336
2816,75,hellaswag,0.17333333333333334,hellaswag,13,0.17333333333333334,mmlu-econometrics,12.0,0.16,mmlu-high-school-geography,10.0,0.13333333333333333,mmlu-formal-logic,6.0,0.08,mmlu-high-school-psychology,5.0,0.06666666666666667
2817,1,mmlu-high-school-world-history,1.0,mmlu-high-school-world-history,1,1.0,,,,,,,,,,,,
2818,103,hellaswag,0.6213592233009708,hellaswag,64,0.6213592233009708,arc-challenge,15.0,0.14563106796116504,consensus_summary,7.0,0.06796116504854369,mbpp,7.0,0.06796116504854369,mtbench,3.0,0.02912621359223301
2821,48,hellaswag,0.5833333333333334,hellaswag,28,0.5833333333333334,winogrande,7.0,0.14583333333333334,mbpp,4.0,0.08333333333333333,abstract2title,3.0,0.0625,mmlu-miscellaneous,3.0,0.0625
2822,28,hellaswag,0.39285714285714285,hellaswag,11,0.39285714285714285,mmlu-miscellaneous,9.0,0.32142857142857145,winogrande,5.0,0.17857142857142858,arc-challenge,1.0,0.03571428571428571,mmlu-electrical-engineering,1.0,0.03571428571428571
2823,58,abstract2title,0.603448275862069,abstract2title,35,0.603448275862069,hellaswag,11.0,0.1896551724137931,mmlu-high-school-world-history,3.0,0.05172413793103448,consensus_summary,2.0,0.034482758620689655,mmlu-professional-law,2.0,0.034482758620689655
2824,2,abstract2title,1.0,abstract2title,2,1.0,,,,,,,,,,,,
2825,20,hellaswag,0.65,hellaswag,13,0.65,mmlu-elementary-mathematics,3.0,0.15,mmlu-college-physics,1.0,0.05,mmlu-miscellaneous,1.0,0.05,mmlu-nutrition,1.0,0.05
2827,964,chinese_zodiac,0.2946058091286307,chinese_zodiac,284,0.2946058091286307,abstract2title,149.0,0.1545643153526971,hellaswag,139.0,0.1441908713692946,arc-challenge,35.0,0.03630705394190872,mmlu-miscellaneous,22.0,0.022821576763485476
2828,3,hellaswag,0.6666666666666666,hellaswag,2,0.6666666666666666,abstract2title,1.0,0.3333333333333333,,,,,,,,,
2833,1189,hellaswag,0.5063078216989066,hellaswag,602,0.5063078216989066,arc-challenge,62.0,0.05214465937762826,mmlu-logical-fallacies,54.0,0.045416316232127836,mmlu-high-school-biology,51.0,0.04289318755256518,mmlu-professional-psychology,47.0,0.03952901597981497
2834,626,hellaswag,0.09744408945686901,hellaswag,61,0.09744408945686901,mmlu-miscellaneous,51.0,0.08146964856230032,mbpp,41.0,0.06549520766773163,mmlu-high-school-mathematics,41.0,0.06549520766773163,mmlu-elementary-mathematics,29.0,0.0463258785942492
2836,1224,hellaswag,0.6486928104575164,hellaswag,794,0.6486928104575164,mmlu-professional-medicine,50.0,0.04084967320261438,arc-challenge,38.0,0.03104575163398693,winogrande,35.0,0.028594771241830064,mmlu-clinical-knowledge,33.0,0.02696078431372549
2837,1320,hellaswag,0.5257575757575758,hellaswag,694,0.5257575757575758,bias_detection,122.0,0.09242424242424242,mmlu-miscellaneous,81.0,0.06136363636363636,abstract2title,65.0,0.04924242424242424,arc-challenge,42.0,0.031818181818181815
2839,902,hellaswag,0.18625277161862527,hellaswag,168,0.18625277161862527,arc-challenge,115.0,0.12749445676274945,mmlu-econometrics,75.0,0.08314855875831485,mmlu-machine-learning,55.0,0.06097560975609756,mmlu-professional-psychology,52.0,0.057649667405764965
2840,134,hellaswag,0.29850746268656714,hellaswag,40,0.29850746268656714,arc-challenge,10.0,0.07462686567164178,mmlu-conceptual-physics,10.0,0.07462686567164178,consensus_summary,6.0,0.04477611940298507,mmlu-astronomy,5.0,0.03731343283582089
2841,1003,hellaswag,0.4267198404785643,hellaswag,428,0.4267198404785643,mmlu-high-school-macroeconomics,74.0,0.07377866400797607,arc-challenge,68.0,0.06779661016949153,mmlu-high-school-government-and-politics,33.0,0.03290129611166501,mmlu-virology,25.0,0.024925224327018942
2842,207,hellaswag,0.30434782608695654,hellaswag,63,0.30434782608695654,arc-challenge,33.0,0.15942028985507245,mmlu-anatomy,16.0,0.07729468599033816,mmlu-high-school-psychology,15.0,0.07246376811594203,mmlu-college-biology,9.0,0.043478260869565216
2843,1809,hellaswag,0.6362631288004422,hellaswag,1151,0.6362631288004422,bias_detection,137.0,0.07573244886677723,mbpp,47.0,0.025981205085682697,consensus_summary,43.0,0.02377003869541183,mmlu-professional-law,35.0,0.019347705914870093
2844,2079,hellaswag,0.42857142857142855,hellaswag,891,0.42857142857142855,mmlu-professional-psychology,212.0,0.10197210197210198,mmlu-high-school-psychology,170.0,0.08177008177008177,winogrande,76.0,0.03655603655603656,mmlu-human-aging,67.0,0.03222703222703223
2845,17,hellaswag,1.0,hellaswag,17,1.0,,,,,,,,,,,,
2846,2858,hellaswag,0.317704688593422,hellaswag,908,0.317704688593422,mmlu-professional-law,333.0,0.1165150454863541,mmlu-high-school-government-and-politics,148.0,0.05178446466060182,winogrande,98.0,0.034289713086074175,mmlu-miscellaneous,93.0,0.032540237928621416
2847,1,mmlu-machine-learning,1.0,mmlu-machine-learning,1,1.0,,,,,,,,,,,,
2849,6248,grade-school-math,0.9539052496798975,grade-school-math,5960,0.9539052496798975,mmlu-elementary-mathematics,129.0,0.020646606914212547,mmlu-high-school-mathematics,51.0,0.008162612035851472,mmlu-professional-accounting,17.0,0.0027208706786171575,mmlu-miscellaneous,12.0,0.0019206145966709346
2850,3,abstract2title,0.6666666666666666,abstract2title,2,0.6666666666666666,hellaswag,1.0,0.3333333333333333,,,,,,,,,
2851,528,hellaswag,0.4375,hellaswag,231,0.4375,abstract2title,34.0,0.06439393939393939,mmlu-professional-psychology,32.0,0.06060606060606061,mmlu-professional-law,26.0,0.04924242424242424,mmlu-high-school-psychology,14.0,0.026515151515151516
2852,5,hellaswag,0.8,hellaswag,4,0.8,mmlu-computer-security,1.0,0.2,,,,,,,,,
2853,27,hellaswag,0.3333333333333333,hellaswag,9,0.3333333333333333,bias_detection,7.0,0.25925925925925924,consensus_summary,3.0,0.1111111111111111,mmlu-high-school-european-history,2.0,0.07407407407407407,mmlu-high-school-world-history,2.0,0.07407407407407407
2854,3011,hellaswag,0.4108269677847891,hellaswag,1237,0.4108269677847891,mmlu-professional-psychology,257.0,0.08535370308867486,mmlu-high-school-psychology,182.0,0.060445034872135504,arc-challenge,105.0,0.0348721355031551,mmlu-professional-law,105.0,0.0348721355031551
2855,51,hellaswag,0.7450980392156863,hellaswag,38,0.7450980392156863,arc-challenge,2.0,0.0392156862745098,consensus_summary,2.0,0.0392156862745098,mmlu-human-sexuality,2.0,0.0392156862745098,abstract2title,1.0,0.0196078431372549
2857,4,abstract2title,0.75,abstract2title,3,0.75,hellaswag,1.0,0.25,,,,,,,,,
2858,1,abstract2title,1.0,abstract2title,1,1.0,,,,,,,,,,,,
2861,1853,winogrande,0.3853211009174312,winogrande,714,0.3853211009174312,hellaswag,355.0,0.19158121964382083,mmlu-miscellaneous,156.0,0.08418780356179169,arc-challenge,75.0,0.040474905558553695,mmlu-world-religions,32.0,0.017269293038316244
2862,997,mmlu-high-school-psychology,0.1123370110330993,mmlu-high-school-psychology,112,0.1123370110330993,hellaswag,77.0,0.07723169508525576,mmlu-professional-psychology,70.0,0.07021063189568706,winogrande,69.0,0.06920762286860582,arc-challenge,67.0,0.06720160481444333
2863,1,mbpp,1.0,mbpp,1,1.0,,,,,,,,,,,,
2864,542,hellaswag,0.18265682656826568,hellaswag,99,0.18265682656826568,mmlu-miscellaneous,77.0,0.14206642066420663,arc-challenge,71.0,0.13099630996309963,mmlu-conceptual-physics,45.0,0.08302583025830258,mmlu-electrical-engineering,31.0,0.05719557195571956
2865,1865,mmlu-professional-psychology,0.06809651474530831,mmlu-professional-psychology,127,0.06809651474530831,mmlu-high-school-psychology,117.0,0.06273458445040214,mmlu-human-aging,102.0,0.054691689008042894,mmlu-moral-disputes,83.0,0.04450402144772118,mmlu-elementary-mathematics,75.0,0.040214477211796246
2868,1,mmlu-nutrition,1.0,mmlu-nutrition,1,1.0,,,,,,,,,,,,
2869,2686,hellaswag,0.263216679076694,hellaswag,707,0.263216679076694,mmlu-high-school-macroeconomics,225.0,0.08376768428890544,mmlu-security-studies,150.0,0.05584512285927029,arc-challenge,123.0,0.04579300074460164,mmlu-professional-law,123.0,0.04579300074460164
2870,6,hellaswag,1.0,hellaswag,6,1.0,,,,,,,,,,,,
2871,68,hellaswag,0.3382352941176471,hellaswag,23,0.3382352941176471,mmlu-world-religions,8.0,0.11764705882352941,mmlu-high-school-geography,6.0,0.08823529411764706,chinese_ancient_masterpieces_dynasty,5.0,0.07352941176470588,mmlu-miscellaneous,4.0,0.058823529411764705
2872,195,hellaswag,0.4153846153846154,hellaswag,81,0.4153846153846154,abstract2title,58.0,0.29743589743589743,chinese_modern_poem_identification,6.0,0.03076923076923077,mbpp,5.0,0.02564102564102564,mmlu-marketing,5.0,0.02564102564102564
2873,1431,hellaswag,0.4171907756813417,hellaswag,597,0.4171907756813417,mbpp,143.0,0.09993011879804332,winogrande,57.0,0.039832285115303984,arc-challenge,44.0,0.030747728860936407,mmlu-miscellaneous,40.0,0.027952480782669462
2874,752,hellaswag,0.2047872340425532,hellaswag,154,0.2047872340425532,winogrande,79.0,0.10505319148936171,mmlu-professional-medicine,60.0,0.0797872340425532,mmlu-clinical-knowledge,52.0,0.06914893617021277,arc-challenge,32.0,0.0425531914893617
2875,15,hellaswag,0.4666666666666667,hellaswag,7,0.4666666666666667,mbpp,2.0,0.13333333333333333,mmlu-logical-fallacies,2.0,0.13333333333333333,mmlu-astronomy,1.0,0.06666666666666667,mmlu-high-school-mathematics,1.0,0.06666666666666667
2876,1775,hellaswag,0.14028169014084507,hellaswag,249,0.14028169014084507,mmlu-professional-law,141.0,0.07943661971830986,mmlu-professional-psychology,94.0,0.05295774647887324,mmlu-miscellaneous,81.0,0.04563380281690141,arc-challenge,77.0,0.04338028169014085
2877,7,consensus_summary,0.2857142857142857,consensus_summary,2,0.2857142857142857,mbpp,2.0,0.2857142857142857,mmlu-econometrics,2.0,0.2857142857142857,mmlu-professional-law,1.0,0.14285714285714285,,,
2879,38,mbpp,0.7368421052631579,mbpp,28,0.7368421052631579,winogrande,4.0,0.10526315789473684,abstract2title,2.0,0.05263157894736842,mmlu-astronomy,1.0,0.02631578947368421,mmlu-high-school-psychology,1.0,0.02631578947368421
2880,41,hellaswag,0.5609756097560976,hellaswag,23,0.5609756097560976,arc-challenge,5.0,0.12195121951219512,mmlu-conceptual-physics,5.0,0.12195121951219512,mmlu-high-school-physics,4.0,0.0975609756097561,mmlu-econometrics,1.0,0.024390243902439025
2882,12,hellaswag,0.3333333333333333,hellaswag,4,0.3333333333333333,winogrande,3.0,0.25,arc-challenge,2.0,0.16666666666666666,abstract2title,1.0,0.08333333333333333,mmlu-high-school-physics,1.0,0.08333333333333333
2883,2,mmlu-high-school-european-history,1.0,mmlu-high-school-european-history,2,1.0,,,,,,,,,,,,
2886,143,hellaswag,0.2097902097902098,hellaswag,30,0.2097902097902098,mbpp,14.0,0.0979020979020979,mmlu-high-school-mathematics,13.0,0.09090909090909091,mmlu-college-mathematics,12.0,0.08391608391608392,arc-challenge,7.0,0.04895104895104895
2887,795,hellaswag,0.6465408805031446,hellaswag,514,0.6465408805031446,winogrande,111.0,0.13962264150943396,arc-challenge,38.0,0.04779874213836478,mmlu-professional-law,23.0,0.028930817610062894,mmlu-miscellaneous,15.0,0.018867924528301886
2889,24,mmlu-high-school-geography,0.25,mmlu-high-school-geography,6,0.25,mmlu-moral-disputes,4.0,0.16666666666666666,mmlu-prehistory,3.0,0.125,mmlu-sociology,2.0,0.08333333333333333,mmlu-virology,2.0,0.08333333333333333
2890,18,mmlu-nutrition,0.16666666666666666,mmlu-nutrition,3,0.16666666666666666,mmlu-human-aging,2.0,0.1111111111111111,mmlu-philosophy,2.0,0.1111111111111111,mmlu-professional-psychology,2.0,0.1111111111111111,hellaswag,1.0,0.05555555555555555
2891,28,mmlu-professional-law,0.2857142857142857,mmlu-professional-law,8,0.2857142857142857,mmlu-high-school-us-history,6.0,0.21428571428571427,mmlu-high-school-government-and-politics,4.0,0.14285714285714285,mmlu-security-studies,3.0,0.10714285714285714,hellaswag,2.0,0.07142857142857142
2892,9,mmlu-professional-psychology,0.3333333333333333,mmlu-professional-psychology,3,0.3333333333333333,mmlu-human-aging,2.0,0.2222222222222222,mmlu-professional-law,2.0,0.2222222222222222,consensus_summary,1.0,0.1111111111111111,mmlu-jurisprudence,1.0,0.1111111111111111
2893,1,hellaswag,1.0,hellaswag,1,1.0,,,,,,,,,,,,
2894,2864,winogrande,0.24196927374301677,winogrande,693,0.24196927374301677,mmlu-professional-law,564.0,0.19692737430167598,mmlu-miscellaneous,222.0,0.07751396648044692,hellaswag,210.0,0.07332402234636871,mmlu-professional-psychology,110.0,0.03840782122905028
2895,935,mbpp,0.2737967914438503,mbpp,256,0.2737967914438503,mmlu-elementary-mathematics,64.0,0.06844919786096257,abstract2title,61.0,0.06524064171122995,hellaswag,49.0,0.052406417112299465,mmlu-high-school-mathematics,49.0,0.052406417112299465
2898,120,hellaswag,0.9166666666666666,hellaswag,110,0.9166666666666666,consensus_summary,3.0,0.025,mbpp,2.0,0.016666666666666666,mmlu-college-chemistry,1.0,0.008333333333333333,mmlu-high-school-computer-science,1.0,0.008333333333333333
2899,60,hellaswag,0.6666666666666666,hellaswag,40,0.6666666666666666,mmlu-professional-psychology,4.0,0.06666666666666667,consensus_summary,3.0,0.05,mmlu-high-school-psychology,2.0,0.03333333333333333,mmlu-miscellaneous,2.0,0.03333333333333333
2900,714,hellaswag,0.572829131652661,hellaswag,409,0.572829131652661,arc-challenge,60.0,0.08403361344537816,mmlu-miscellaneous,28.0,0.0392156862745098,mmlu-professional-law,28.0,0.0392156862745098,winogrande,27.0,0.037815126050420166
2901,2,hellaswag,1.0,hellaswag,2,1.0,,,,,,,,,,,,
2903,289,hellaswag,0.3633217993079585,hellaswag,105,0.3633217993079585,mmlu-moral-scenarios,73.0,0.25259515570934254,arc-challenge,27.0,0.09342560553633218,winogrande,19.0,0.0657439446366782,mmlu-high-school-psychology,7.0,0.02422145328719723
2904,592,hellaswag,0.24662162162162163,hellaswag,146,0.24662162162162163,mmlu-security-studies,59.0,0.09966216216216216,mmlu-high-school-macroeconomics,37.0,0.0625,mmlu-professional-law,36.0,0.060810810810810814,mmlu-international-law,24.0,0.04054054054054054
2905,1086,hellaswag,0.39318600368324125,hellaswag,427,0.39318600368324125,chinese_zodiac,284.0,0.26151012891344383,arc-challenge,42.0,0.03867403314917127,mmlu-world-religions,27.0,0.024861878453038673,winogrande,25.0,0.02302025782688766
2906,459,hellaswag,0.7494553376906318,hellaswag,344,0.7494553376906318,mmlu-abstract-algebra,14.0,0.030501089324618737,arc-challenge,12.0,0.026143790849673203,mmlu-machine-learning,10.0,0.02178649237472767,mmlu-miscellaneous,9.0,0.0196078431372549
2907,4,mmlu-high-school-psychology,0.25,mmlu-high-school-psychology,1,0.25,mmlu-human-aging,1.0,0.25,mmlu-miscellaneous,1.0,0.25,mmlu-security-studies,1.0,0.25,,,
2908,64,hellaswag,0.4375,hellaswag,28,0.4375,winogrande,9.0,0.140625,mmlu-human-aging,4.0,0.0625,mmlu-miscellaneous,4.0,0.0625,mbpp,3.0,0.046875
2909,740,hellaswag,0.3918918918918919,hellaswag,290,0.3918918918918919,winogrande,46.0,0.062162162162162166,arc-challenge,30.0,0.04054054054054054,mmlu-formal-logic,28.0,0.03783783783783784,Chinese_character_riddles,22.0,0.02972972972972973
2910,54,hellaswag,0.3888888888888889,hellaswag,21,0.3888888888888889,mmlu-econometrics,5.0,0.09259259259259259,consensus_summary,4.0,0.07407407407407407,mmlu-machine-learning,4.0,0.07407407407407407,mmlu-professional-law,4.0,0.07407407407407407
2912,87,hellaswag,0.8390804597701149,hellaswag,73,0.8390804597701149,winogrande,3.0,0.034482758620689655,mmlu-miscellaneous,2.0,0.022988505747126436,arc-challenge,1.0,0.011494252873563218,mmlu-business-ethics,1.0,0.011494252873563218
2914,111,mmlu-professional-medicine,0.3333333333333333,mmlu-professional-medicine,37,0.3333333333333333,abstract2title,36.0,0.32432432432432434,consensus_summary,16.0,0.14414414414414414,hellaswag,12.0,0.10810810810810811,mmlu-formal-logic,2.0,0.018018018018018018
2915,937,hellaswag,0.6702241195304163,hellaswag,628,0.6702241195304163,mmlu-miscellaneous,24.0,0.025613660618996798,Chinese_character_riddles,22.0,0.023479188900747065,arc-challenge,21.0,0.022411953041622197,mmlu-formal-logic,19.0,0.020277481323372464
2918,5960,grade-school-math,1.0,grade-school-math,5960,1.0,,,,,,,,,,,,
2920,106,arc-challenge,0.16981132075471697,arc-challenge,18,0.16981132075471697,mmlu-conceptual-physics,13.0,0.12264150943396226,mmlu-electrical-engineering,12.0,0.11320754716981132,mbpp,10.0,0.09433962264150944,mmlu-astronomy,7.0,0.0660377358490566
2921,1374,hellaswag,0.8224163027656477,hellaswag,1130,0.8224163027656477,arc-challenge,59.0,0.04294032023289665,mmlu-miscellaneous,34.0,0.024745269286754003,mmlu-high-school-psychology,16.0,0.011644832605531296,winogrande,15.0,0.010917030567685589
2923,254,mmlu-moral-scenarios,0.2755905511811024,mmlu-moral-scenarios,70,0.2755905511811024,hellaswag,56.0,0.2204724409448819,winogrande,29.0,0.1141732283464567,mmlu-global-facts,14.0,0.05511811023622047,mmlu-high-school-statistics,11.0,0.04330708661417323
2924,687,hellaswag,0.3726346433770015,hellaswag,256,0.3726346433770015,winogrande,98.0,0.14264919941775836,mmlu-professional-law,59.0,0.0858806404657933,arc-challenge,18.0,0.026200873362445413,mbpp,16.0,0.023289665211062592
2925,1159,hellaswag,0.546160483175151,hellaswag,633,0.546160483175151,arc-challenge,132.0,0.11389128559102675,mmlu-professional-law,51.0,0.04400345125107852,mmlu-computer-security,26.0,0.022433132010353754,mmlu-miscellaneous,25.0,0.021570319240724764
2927,34,hellaswag,0.38235294117647056,hellaswag,13,0.38235294117647056,mbpp,6.0,0.17647058823529413,consensus_summary,4.0,0.11764705882352941,winogrande,3.0,0.08823529411764706,mmlu-computer-security,2.0,0.058823529411764705
2928,19,arc-challenge,0.3157894736842105,arc-challenge,6,0.3157894736842105,hellaswag,6.0,0.3157894736842105,mmlu-conceptual-physics,2.0,0.10526315789473684,mbpp,1.0,0.05263157894736842,mmlu-college-biology,1.0,0.05263157894736842
2929,90,bias_detection,0.3,bias_detection,27,0.3,hellaswag,18.0,0.2,mmlu-high-school-european-history,8.0,0.08888888888888889,mmlu-high-school-world-history,8.0,0.08888888888888889,mbpp,7.0,0.07777777777777778
2930,5,hellaswag,0.4,hellaswag,2,0.4,mmlu-high-school-biology,1.0,0.2,mmlu-sociology,1.0,0.2,winogrande,1.0,0.2,,,
2931,2,consensus_summary,0.5,consensus_summary,1,0.5,mtbench-math,1.0,0.5,,,,,,,,,
2932,2098,hellaswag,0.8493803622497617,hellaswag,1782,0.8493803622497617,winogrande,39.0,0.018589132507149667,mmlu-high-school-world-history,38.0,0.01811248808388942,arc-challenge,24.0,0.011439466158245948,mmlu-clinical-knowledge,24.0,0.011439466158245948
2935,6,mmlu-high-school-world-history,0.6666666666666666,mmlu-high-school-world-history,4,0.6666666666666666,hellaswag,2.0,0.3333333333333333,,,,,,,,,
2936,1175,hellaswag,0.8417021276595744,hellaswag,989,0.8417021276595744,winogrande,30.0,0.02553191489361702,bias_detection,21.0,0.017872340425531916,mtbench,13.0,0.011063829787234043,mbpp,12.0,0.010212765957446808
2937,5960,grade-school-math,1.0,grade-school-math,5960,1.0,,,,,,,,,,,,
2939,71,mbpp,0.5492957746478874,mbpp,39,0.5492957746478874,hellaswag,14.0,0.19718309859154928,consensus_summary,5.0,0.07042253521126761,mmlu-elementary-mathematics,4.0,0.056338028169014086,winogrande,4.0,0.056338028169014086
2940,4,winogrande,0.5,winogrande,2,0.5,mmlu-college-biology,1.0,0.25,mmlu-high-school-psychology,1.0,0.25,,,,,,
2942,97,consensus_summary,0.2268041237113402,consensus_summary,22,0.2268041237113402,hellaswag,15.0,0.15463917525773196,mmlu-college-medicine,9.0,0.09278350515463918,mmlu-econometrics,8.0,0.08247422680412371,mmlu-high-school-world-history,7.0,0.07216494845360824
2943,82,hellaswag,0.3902439024390244,hellaswag,32,0.3902439024390244,mmlu-computer-security,21.0,0.25609756097560976,consensus_summary,9.0,0.10975609756097561,mmlu-high-school-european-history,4.0,0.04878048780487805,mmlu-high-school-computer-science,3.0,0.036585365853658534
2944,122,mmlu-elementary-mathematics,0.11475409836065574,mmlu-elementary-mathematics,14,0.11475409836065574,mmlu-high-school-psychology,14.0,0.11475409836065574,mmlu-miscellaneous,14.0,0.11475409836065574,mmlu-professional-medicine,9.0,0.07377049180327869,mmlu-professional-psychology,9.0,0.07377049180327869
2947,3,mmlu-professional-law,1.0,mmlu-professional-law,3,1.0,,,,,,,,,,,,
2949,161,mmlu-miscellaneous,0.19875776397515527,mmlu-miscellaneous,32,0.19875776397515527,hellaswag,26.0,0.16149068322981366,mbpp,23.0,0.14285714285714285,consensus_summary,19.0,0.11801242236024845,mmlu-professional-law,8.0,0.049689440993788817
2951,334,hellaswag,0.7065868263473054,hellaswag,236,0.7065868263473054,arc-challenge,13.0,0.038922155688622756,mmlu-nutrition,13.0,0.038922155688622756,chinese_modern_poem_identification,8.0,0.023952095808383235,winogrande,8.0,0.023952095808383235
2952,329,hellaswag,0.4316109422492401,hellaswag,142,0.4316109422492401,abstract2title,83.0,0.25227963525835867,arc-challenge,12.0,0.0364741641337386,mmlu-professional-accounting,12.0,0.0364741641337386,winogrande,10.0,0.030395136778115502
2953,904,mmlu-moral-scenarios,0.7334070796460177,mmlu-moral-scenarios,663,0.7334070796460177,hellaswag,71.0,0.07853982300884955,mmlu-professional-law,48.0,0.05309734513274336,mmlu-logical-fallacies,32.0,0.035398230088495575,mmlu-moral-disputes,14.0,0.015486725663716814
2954,2341,hellaswag,0.24348568987612132,hellaswag,570,0.24348568987612132,mmlu-professional-psychology,186.0,0.07945322511747116,arc-challenge,178.0,0.07603588210166595,mmlu-professional-medicine,170.0,0.07261853908586074,mmlu-professional-law,88.0,0.037590773173857325
2957,76,hellaswag,0.40789473684210525,hellaswag,31,0.40789473684210525,mmlu-professional-medicine,6.0,0.07894736842105263,bias_detection,5.0,0.06578947368421052,mmlu-miscellaneous,5.0,0.06578947368421052,mmlu-high-school-us-history,4.0,0.05263157894736842
2959,460,hellaswag,0.8978260869565218,hellaswag,413,0.8978260869565218,mbpp,12.0,0.02608695652173913,mmlu-professional-law,6.0,0.013043478260869565,mmlu-high-school-world-history,5.0,0.010869565217391304,arc-challenge,4.0,0.008695652173913044
2960,2109,hellaswag,0.51683262209578,hellaswag,1090,0.51683262209578,winogrande,156.0,0.07396870554765292,mmlu-professional-psychology,155.0,0.07349454717875771,mmlu-high-school-psychology,62.0,0.02939781887150308,consensus_summary,61.0,0.028923660502607872
2961,487,hellaswag,0.38809034907597534,hellaswag,189,0.38809034907597534,mmlu-professional-law,65.0,0.13347022587268995,chinese_zodiac,51.0,0.10472279260780287,mbpp,45.0,0.09240246406570841,chinese_homonym,14.0,0.028747433264887063
2963,644,bias_detection,0.21739130434782608,bias_detection,140,0.21739130434782608,hellaswag,135.0,0.2096273291925466,mmlu-logical-fallacies,88.0,0.13664596273291926,arc-challenge,67.0,0.10403726708074534,mmlu-professional-law,22.0,0.034161490683229816
2964,36,abstract2title,0.4444444444444444,abstract2title,16,0.4444444444444444,hellaswag,7.0,0.19444444444444445,mmlu-high-school-us-history,3.0,0.08333333333333333,mmlu-high-school-world-history,2.0,0.05555555555555555,arc-challenge,1.0,0.027777777777777776
2965,384,hellaswag,0.2916666666666667,hellaswag,112,0.2916666666666667,abstract2title,80.0,0.20833333333333334,mmlu-professional-medicine,17.0,0.044270833333333336,consensus_summary,15.0,0.0390625,mmlu-nutrition,13.0,0.033854166666666664
2966,330,hellaswag,0.9151515151515152,hellaswag,302,0.9151515151515152,arc-challenge,5.0,0.015151515151515152,mbpp,3.0,0.00909090909090909,mmlu-clinical-knowledge,3.0,0.00909090909090909,winogrande,3.0,0.00909090909090909
2967,2,hellaswag,0.5,hellaswag,1,0.5,mmlu-high-school-european-history,1.0,0.5,,,,,,,,,
2968,3838,hellaswag,0.3017196456487754,hellaswag,1158,0.3017196456487754,arc-challenge,207.0,0.053934340802501306,mmlu-professional-psychology,123.0,0.03204794163626889,mmlu-high-school-biology,119.0,0.031005732152162586,winogrande,98.0,0.02553413236060448
2969,371,hellaswag,0.13746630727762804,hellaswag,51,0.13746630727762804,arc-challenge,42.0,0.11320754716981132,mmlu-prehistory,26.0,0.07008086253369272,mmlu-elementary-mathematics,21.0,0.05660377358490566,mmlu-miscellaneous,17.0,0.04582210242587601
2970,1,consensus_summary,1.0,consensus_summary,1,1.0,,,,,,,,,,,,
2971,1033,mmlu-moral-scenarios,0.6263310745401742,mmlu-moral-scenarios,647,0.6263310745401742,hellaswag,147.0,0.14230396902226525,mmlu-miscellaneous,39.0,0.0377541142303969,mmlu-professional-psychology,20.0,0.01936108422071636,mmlu-high-school-statistics,18.0,0.017424975798644726
2973,4,consensus_summary,0.5,consensus_summary,2,0.5,hellaswag,1.0,0.25,mmlu-professional-law,1.0,0.25,,,,,,
2974,50,hellaswag,0.72,hellaswag,36,0.72,consensus_summary,2.0,0.04,mmlu-human-sexuality,2.0,0.04,mmlu-professional-law,2.0,0.04,mmlu-professional-medicine,2.0,0.04
2975,48,mmlu-high-school-macroeconomics,0.375,mmlu-high-school-macroeconomics,18,0.375,hellaswag,7.0,0.14583333333333334,mmlu-miscellaneous,5.0,0.10416666666666667,mmlu-high-school-geography,2.0,0.041666666666666664,mmlu-high-school-psychology,2.0,0.041666666666666664
2976,3126,hellaswag,0.6151631477927063,hellaswag,1923,0.6151631477927063,mmlu-professional-law,117.0,0.03742802303262956,winogrande,105.0,0.03358925143953935,mmlu-miscellaneous,61.0,0.019513755598208574,arc-challenge,59.0,0.018873960332693538
2978,1310,hellaswag,0.8442748091603054,hellaswag,1106,0.8442748091603054,arc-challenge,29.0,0.022137404580152672,chinese_tang_poetries,16.0,0.012213740458015267,winogrande,15.0,0.011450381679389313,chinese_homonym,14.0,0.010687022900763359
2981,11,hellaswag,0.2727272727272727,hellaswag,3,0.2727272727272727,consensus_summary,2.0,0.18181818181818182,mmlu-econometrics,2.0,0.18181818181818182,arc-challenge,1.0,0.09090909090909091,mmlu-clinical-knowledge,1.0,0.09090909090909091
2982,6,abstract2title,0.3333333333333333,abstract2title,2,0.3333333333333333,hellaswag,2.0,0.3333333333333333,mmlu-professional-law,1.0,0.16666666666666666,mtbench,1.0,0.16666666666666666,,,
2984,2,mbpp,1.0,mbpp,2,1.0,,,,,,,,,,,,
2985,23,hellaswag,0.30434782608695654,hellaswag,7,0.30434782608695654,mmlu-miscellaneous,3.0,0.13043478260869565,abstract2title,2.0,0.08695652173913043,mmlu-high-school-us-history,2.0,0.08695652173913043,consensus_summary,1.0,0.043478260869565216
2986,296,chinese_zodiac,0.8108108108108109,chinese_zodiac,240,0.8108108108108109,hellaswag,15.0,0.05067567567567568,chinese_tang_poetries,12.0,0.04054054054054054,chinese_famous_novel,5.0,0.016891891891891893,mmlu-high-school-world-history,5.0,0.016891891891891893
2987,4,hellaswag,0.75,hellaswag,3,0.75,mmlu-human-aging,1.0,0.25,,,,,,,,,
2989,2444,mmlu-moral-scenarios,0.25981996726677575,mmlu-moral-scenarios,635,0.25981996726677575,winogrande,444.0,0.18166939443535188,mmlu-professional-law,330.0,0.13502454991816695,hellaswag,229.0,0.09369885433715221,mmlu-elementary-mathematics,74.0,0.030278232405891982
2990,20,hellaswag,0.55,hellaswag,11,0.55,winogrande,8.0,0.4,mmlu-business-ethics,1.0,0.05,,,,,,
2991,49,abstract2title,0.20408163265306123,abstract2title,10,0.20408163265306123,mmlu-public-relations,6.0,0.12244897959183673,mmlu-sociology,4.0,0.08163265306122448,arc-challenge,3.0,0.061224489795918366,hellaswag,3.0,0.061224489795918366
2992,4,mmlu-high-school-world-history,1.0,mmlu-high-school-world-history,4,1.0,,,,,,,,,,,,
2993,240,hellaswag,0.15,hellaswag,36,0.15,mmlu-professional-medicine,24.0,0.1,mmlu-professional-law,18.0,0.075,mmlu-econometrics,14.0,0.058333333333333334,mmlu-high-school-us-history,11.0,0.04583333333333333
2994,44,hellaswag,0.25,hellaswag,11,0.25,mmlu-professional-law,10.0,0.22727272727272727,winogrande,9.0,0.20454545454545456,mmlu-high-school-us-history,3.0,0.06818181818181818,mmlu-professional-accounting,2.0,0.045454545454545456
2995,7,mmlu-elementary-mathematics,0.2857142857142857,mmlu-elementary-mathematics,2,0.2857142857142857,abstract2title,1.0,0.14285714285714285,arc-challenge,1.0,0.14285714285714285,mmlu-college-mathematics,1.0,0.14285714285714285,mmlu-conceptual-physics,1.0,0.14285714285714285
2996,3,chinese_hard_translations,0.3333333333333333,chinese_hard_translations,1,0.3333333333333333,hellaswag,1.0,0.3333333333333333,mtbench,1.0,0.3333333333333333,,,,,,
2997,11489,grade-school-math,0.5187570719818957,grade-school-math,5960,0.5187570719818957,hellaswag,886.0,0.077117242579859,mmlu-moral-scenarios,561.0,0.04882931499695361,winogrande,354.0,0.03081208112107233,arc-challenge,304.0,0.02646009226216381
2998,2,mmlu-miscellaneous,1.0,mmlu-miscellaneous,2,1.0,,,,,,,,,,,,
2999,2638,hellaswag,0.27293404094010615,hellaswag,720,0.27293404094010615,arc-challenge,207.0,0.07846853677028051,mmlu-miscellaneous,169.0,0.0640636846095527,winogrande,133.0,0.05041698256254738,mbpp,97.0,0.03677028051554208
3004,595,hellaswag,0.3815126050420168,hellaswag,227,0.3815126050420168,arc-challenge,55.0,0.09243697478991597,mmlu-elementary-mathematics,34.0,0.05714285714285714,mmlu-high-school-mathematics,26.0,0.043697478991596636,mmlu-high-school-physics,24.0,0.040336134453781515
3005,236,winogrande,0.1271186440677966,winogrande,30,0.1271186440677966,hellaswag,23.0,0.09745762711864407,chinese_homonym,16.0,0.06779661016949153,consensus_summary,16.0,0.06779661016949153,chinese_idioms,12.0,0.05084745762711865
3007,42,hellaswag,0.35714285714285715,hellaswag,15,0.35714285714285715,mbpp,3.0,0.07142857142857142,mmlu-econometrics,3.0,0.07142857142857142,mmlu-machine-learning,3.0,0.07142857142857142,mmlu-sociology,3.0,0.07142857142857142
3010,30,hellaswag,0.4,hellaswag,12,0.4,mmlu-high-school-microeconomics,4.0,0.13333333333333333,mmlu-elementary-mathematics,2.0,0.06666666666666667,mmlu-machine-learning,2.0,0.06666666666666667,mmlu-professional-law,2.0,0.06666666666666667
3011,436,arc-challenge,0.11926605504587157,arc-challenge,52,0.11926605504587157,consensus_summary,41.0,0.09403669724770643,mmlu-logical-fallacies,40.0,0.09174311926605505,mmlu-professional-law,32.0,0.07339449541284404,mmlu-college-medicine,20.0,0.045871559633027525
3012,1354,arc-challenge,0.08714918759231906,arc-challenge,118,0.08714918759231906,mmlu-high-school-macroeconomics,116.0,0.08567208271787297,mmlu-security-studies,91.0,0.0672082717872969,mmlu-miscellaneous,81.0,0.05982274741506647,mmlu-us-foreign-policy,67.0,0.04948301329394387
3013,412,winogrande,0.21359223300970873,winogrande,88,0.21359223300970873,hellaswag,76.0,0.18446601941747573,mmlu-high-school-psychology,27.0,0.06553398058252427,mmlu-high-school-biology,22.0,0.05339805825242718,mmlu-college-biology,21.0,0.050970873786407765
3014,609,hellaswag,0.5402298850574713,hellaswag,329,0.5402298850574713,mmlu-marketing,55.0,0.090311986863711,mmlu-sociology,17.0,0.027914614121510674,mmlu-public-relations,15.0,0.024630541871921183,consensus_summary,14.0,0.022988505747126436
3016,6187,grade-school-math,0.9633101664780992,grade-school-math,5960,0.9633101664780992,hellaswag,102.0,0.016486180701470825,mmlu-elementary-mathematics,26.0,0.004202359786649426,arc-challenge,23.0,0.0037174721189591076,mmlu-professional-law,19.0,0.00307095522870535
3017,1964,mmlu-miscellaneous,0.11659877800407333,mmlu-miscellaneous,229,0.11659877800407333,hellaswag,225.0,0.11456211812627291,arc-challenge,200.0,0.10183299389002037,mmlu-elementary-mathematics,142.0,0.07230142566191446,winogrande,93.0,0.04735234215885947
3019,149,hellaswag,0.3288590604026846,hellaswag,49,0.3288590604026846,mmlu-high-school-world-history,15.0,0.10067114093959731,mmlu-moral-scenarios,10.0,0.06711409395973154,mmlu-professional-law,8.0,0.053691275167785234,abstract2title,7.0,0.04697986577181208
3020,428,hellaswag,0.8154205607476636,hellaswag,349,0.8154205607476636,mbpp,20.0,0.04672897196261682,mmlu-miscellaneous,12.0,0.028037383177570093,winogrande,6.0,0.014018691588785047,mmlu-abstract-algebra,5.0,0.011682242990654205
3021,66,mmlu-professional-psychology,0.19696969696969696,mmlu-professional-psychology,13,0.19696969696969696,mmlu-human-aging,11.0,0.16666666666666666,mmlu-high-school-psychology,5.0,0.07575757575757576,mmlu-high-school-world-history,5.0,0.07575757575757576,mmlu-professional-accounting,5.0,0.07575757575757576
3022,898,hellaswag,0.7282850779510023,hellaswag,654,0.7282850779510023,arc-challenge,31.0,0.034521158129175944,mmlu-high-school-government-and-politics,22.0,0.024498886414253896,mmlu-professional-law,19.0,0.021158129175946547,mmlu-prehistory,16.0,0.017817371937639197
3025,394,hellaswag,0.2715736040609137,hellaswag,107,0.2715736040609137,mbpp,33.0,0.08375634517766498,mmlu-high-school-us-history,22.0,0.05583756345177665,mmlu-high-school-world-history,17.0,0.04314720812182741,mmlu-clinical-knowledge,13.0,0.03299492385786802
3026,315,hellaswag,0.35873015873015873,hellaswag,113,0.35873015873015873,consensus_summary,39.0,0.12380952380952381,mbpp,13.0,0.04126984126984127,mmlu-high-school-statistics,13.0,0.04126984126984127,mmlu-high-school-biology,11.0,0.03492063492063492
3028,1545,hellaswag,0.34692556634304206,hellaswag,536,0.34692556634304206,arc-challenge,188.0,0.12168284789644013,mmlu-high-school-chemistry,123.0,0.07961165048543689,mmlu-conceptual-physics,50.0,0.032362459546925564,mmlu-high-school-physics,49.0,0.03171521035598705
3031,38,hellaswag,0.34210526315789475,hellaswag,13,0.34210526315789475,mmlu-high-school-us-history,3.0,0.07894736842105263,mmlu-professional-law,3.0,0.07894736842105263,mmlu-professional-medicine,3.0,0.07894736842105263,arc-challenge,2.0,0.05263157894736842
3033,3640,arc-challenge,0.11236263736263737,arc-challenge,409,0.11236263736263737,mmlu-high-school-psychology,277.0,0.07609890109890109,mmlu-professional-psychology,239.0,0.06565934065934066,hellaswag,220.0,0.06043956043956044,mmlu-miscellaneous,217.0,0.05961538461538462
3034,132,hellaswag,0.25757575757575757,hellaswag,34,0.25757575757575757,consensus_summary,28.0,0.21212121212121213,abstract2title,12.0,0.09090909090909091,mmlu-computer-security,9.0,0.06818181818181818,winogrande,5.0,0.03787878787878788
3035,6037,grade-school-math,0.9872453205234388,grade-school-math,5960,0.9872453205234388,hellaswag,66.0,0.010932582408481033,mmlu-professional-law,10.0,0.001656451880072884,chinese_homonym,1.0,0.00016564518800728838,,,
3036,273,hellaswag,0.7838827838827839,hellaswag,214,0.7838827838827839,mmlu-high-school-chemistry,9.0,0.03296703296703297,mmlu-miscellaneous,7.0,0.02564102564102564,mmlu-college-chemistry,4.0,0.014652014652014652,mmlu-management,4.0,0.014652014652014652
3037,2,hellaswag,0.5,hellaswag,1,0.5,mmlu-high-school-physics,1.0,0.5,,,,,,,,,
3038,101,hellaswag,0.297029702970297,hellaswag,30,0.297029702970297,mmlu-prehistory,12.0,0.1188118811881188,mbpp,9.0,0.0891089108910891,mmlu-high-school-geography,9.0,0.0891089108910891,mmlu-high-school-psychology,9.0,0.0891089108910891
3040,1,abstract2title,1.0,abstract2title,1,1.0,,,,,,,,,,,,
3041,1,hellaswag,1.0,hellaswag,1,1.0,,,,,,,,,,,,
3042,428,mmlu-high-school-microeconomics,0.16822429906542055,mmlu-high-school-microeconomics,72,0.16822429906542055,mmlu-marketing,63.0,0.14719626168224298,mmlu-high-school-geography,43.0,0.10046728971962617,mmlu-high-school-macroeconomics,33.0,0.07710280373831775,mmlu-professional-law,26.0,0.06074766355140187
3043,132,hellaswag,0.3409090909090909,hellaswag,45,0.3409090909090909,mmlu-high-school-macroeconomics,18.0,0.13636363636363635,arc-challenge,9.0,0.06818181818181818,mmlu-marketing,9.0,0.06818181818181818,mmlu-high-school-psychology,6.0,0.045454545454545456
3044,669,hellaswag,0.4304932735426009,hellaswag,288,0.4304932735426009,mbpp,34.0,0.05082212257100149,mmlu-elementary-mathematics,33.0,0.04932735426008968,winogrande,20.0,0.029895366218236172,mmlu-high-school-statistics,19.0,0.028400597907324365
3045,45,hellaswag,1.0,hellaswag,45,1.0,,,,,,,,,,,,
3047,233,hellaswag,0.41201716738197425,hellaswag,96,0.41201716738197425,consensus_summary,17.0,0.07296137339055794,mmlu-professional-medicine,17.0,0.07296137339055794,mmlu-high-school-chemistry,13.0,0.055793991416309016,arc-challenge,8.0,0.034334763948497854
3048,1,mbpp,1.0,mbpp,1,1.0,,,,,,,,,,,,
3049,86,hellaswag,0.9534883720930233,hellaswag,82,0.9534883720930233,mtbench-math,2.0,0.023255813953488372,mmlu-high-school-us-history,1.0,0.011627906976744186,mtbench,1.0,0.011627906976744186,,,
3050,4,consensus_summary,1.0,consensus_summary,4,1.0,,,,,,,,,,,,
3052,1,mmlu-professional-law,1.0,mmlu-professional-law,1,1.0,,,,,,,,,,,,
3053,1251,arc-challenge,0.3469224620303757,arc-challenge,434,0.3469224620303757,hellaswag,164.0,0.1310951239008793,mmlu-miscellaneous,58.0,0.04636290967226219,mmlu-high-school-chemistry,54.0,0.04316546762589928,mmlu-conceptual-physics,46.0,0.03677058353317346
3054,1082,hellaswag,0.3179297597042514,hellaswag,344,0.3179297597042514,bias_detection,138.0,0.12754158964879853,mmlu-professional-law,92.0,0.08502772643253234,mmlu-professional-psychology,37.0,0.034195933456561925,mmlu-high-school-us-history,30.0,0.027726432532347505
3055,250,arc-challenge,0.108,arc-challenge,27,0.108,hellaswag,25.0,0.1,mmlu-professional-law,19.0,0.076,mmlu-high-school-physics,15.0,0.06,mmlu-conceptual-physics,13.0,0.052
3056,23,mmlu-conceptual-physics,0.2608695652173913,mmlu-conceptual-physics,6,0.2608695652173913,mmlu-electrical-engineering,5.0,0.21739130434782608,mmlu-college-physics,4.0,0.17391304347826086,mmlu-professional-law,3.0,0.13043478260869565,arc-challenge,1.0,0.043478260869565216
3057,497,chinese_zodiac,0.5714285714285714,chinese_zodiac,284,0.5714285714285714,hellaswag,39.0,0.07847082494969819,mmlu-elementary-mathematics,20.0,0.04024144869215292,mmlu-human-aging,15.0,0.030181086519114688,mmlu-miscellaneous,13.0,0.026156941649899398
3058,90,hellaswag,0.25555555555555554,hellaswag,23,0.25555555555555554,mmlu-high-school-european-history,9.0,0.1,mmlu-philosophy,7.0,0.07777777777777778,mmlu-elementary-mathematics,6.0,0.06666666666666667,winogrande,5.0,0.05555555555555555
3059,1430,mmlu-moral-scenarios,0.4636363636363636,mmlu-moral-scenarios,663,0.4636363636363636,hellaswag,134.0,0.0937062937062937,mmlu-miscellaneous,76.0,0.05314685314685315,arc-challenge,44.0,0.03076923076923077,mmlu-professional-law,38.0,0.026573426573426574
3060,10,abstract2title,0.4,abstract2title,4,0.4,hellaswag,3.0,0.3,mmlu-high-school-world-history,2.0,0.2,mmlu-miscellaneous,1.0,0.1,,,
3061,10,hellaswag,0.6,hellaswag,6,0.6,abstract2title,3.0,0.3,mmlu-computer-security,1.0,0.1,,,,,,
3063,831,arc-challenge,0.16365824308062576,arc-challenge,136,0.16365824308062576,hellaswag,114.0,0.1371841155234657,abstract2title,95.0,0.11432009626955475,mmlu-high-school-chemistry,74.0,0.08904933814681107,mmlu-prehistory,39.0,0.04693140794223827
3065,11,arc-challenge,0.2727272727272727,arc-challenge,3,0.2727272727272727,mmlu-miscellaneous,2.0,0.18181818181818182,mmlu-prehistory,2.0,0.18181818181818182,chinese_idioms,1.0,0.09090909090909091,hellaswag,1.0,0.09090909090909091
3066,1,consensus_summary,1.0,consensus_summary,1,1.0,,,,,,,,,,,,
3067,1578,mmlu-moral-scenarios,0.42015209125475284,mmlu-moral-scenarios,663,0.42015209125475284,winogrande,107.0,0.06780735107731306,mmlu-professional-law,71.0,0.044993662864385296,mmlu-prehistory,66.0,0.04182509505703422,mmlu-miscellaneous,62.0,0.03929024081115336
3068,2445,hellaswag,0.4167689161554192,hellaswag,1019,0.4167689161554192,mmlu-professional-psychology,185.0,0.07566462167689161,mmlu-high-school-psychology,103.0,0.04212678936605317,consensus_summary,80.0,0.032719836400818,mmlu-elementary-mathematics,67.0,0.027402862985685072
3069,5,hellaswag,0.6,hellaswag,3,0.6,mmlu-high-school-us-history,1.0,0.2,mmlu-professional-law,1.0,0.2,,,,,,
3072,1099,mmlu-professional-law,0.29572338489535943,mmlu-professional-law,325,0.29572338489535943,hellaswag,275.0,0.2502274795268426,bias_detection,138.0,0.12556869881710647,mmlu-professional-psychology,81.0,0.07370336669699727,mmlu-professional-medicine,71.0,0.0646041856232939
3073,262,hellaswag,0.7175572519083969,hellaswag,188,0.7175572519083969,consensus_summary,14.0,0.05343511450381679,mmlu-econometrics,12.0,0.04580152671755725,mmlu-high-school-statistics,12.0,0.04580152671755725,arc-challenge,7.0,0.026717557251908396
3074,2,hellaswag,0.5,hellaswag,1,0.5,mmlu-professional-law,1.0,0.5,,,,,,,,,
3075,1453,hellaswag,0.660013764624914,hellaswag,959,0.660013764624914,mmlu-nutrition,84.0,0.057811424638678596,mmlu-clinical-knowledge,59.0,0.040605643496214726,consensus_summary,43.0,0.029593943565037854,mmlu-college-medicine,37.0,0.025464556090846524
3077,14,mmlu-professional-medicine,0.35714285714285715,mmlu-professional-medicine,5,0.35714285714285715,hellaswag,4.0,0.2857142857142857,consensus_summary,2.0,0.14285714285714285,mmlu-college-mathematics,2.0,0.14285714285714285,arc-challenge,1.0,0.07142857142857142
3078,2,mmlu-abstract-algebra,0.5,mmlu-abstract-algebra,1,0.5,mmlu-miscellaneous,1.0,0.5,,,,,,,,,
3079,3,consensus_summary,0.6666666666666666,consensus_summary,2,0.6666666666666666,hellaswag,1.0,0.3333333333333333,,,,,,,,,
3080,3,consensus_summary,1.0,consensus_summary,3,1.0,,,,,,,,,,,,
3081,295,mmlu-moral-scenarios,0.7796610169491526,mmlu-moral-scenarios,230,0.7796610169491526,winogrande,42.0,0.1423728813559322,hellaswag,11.0,0.03728813559322034,arc-challenge,3.0,0.010169491525423728,mmlu-moral-disputes,2.0,0.006779661016949152
3082,1986,hellaswag,0.459718026183283,hellaswag,913,0.459718026183283,chinese_zodiac,275.0,0.13846928499496475,mmlu-professional-law,138.0,0.06948640483383686,arc-challenge,61.0,0.030715005035246726,mmlu-elementary-mathematics,58.0,0.02920443101711984
3084,1,abstract2title,1.0,abstract2title,1,1.0,,,,,,,,,,,,
3085,2,mmlu-professional-law,1.0,mmlu-professional-law,2,1.0,,,,,,,,,,,,
3088,1656,mmlu-professional-law,0.24818840579710144,mmlu-professional-law,411,0.24818840579710144,hellaswag,324.0,0.1956521739130435,winogrande,172.0,0.10386473429951691,mmlu-miscellaneous,70.0,0.042270531400966184,mmlu-logical-fallacies,57.0,0.034420289855072464
3091,104,hellaswag,0.3557692307692308,hellaswag,37,0.3557692307692308,mmlu-moral-scenarios,16.0,0.15384615384615385,mmlu-virology,13.0,0.125,winogrande,4.0,0.038461538461538464,mbpp,3.0,0.028846153846153848
3093,2,mmlu-marketing,0.5,mmlu-marketing,1,0.5,mmlu-professional-law,1.0,0.5,,,,,,,,,
3094,33,mbpp,0.5454545454545454,mbpp,18,0.5454545454545454,hellaswag,4.0,0.12121212121212122,mmlu-professional-medicine,4.0,0.12121212121212122,arc-challenge,1.0,0.030303030303030304,mmlu-anatomy,1.0,0.030303030303030304
3096,1,mbpp,1.0,mbpp,1,1.0,,,,,,,,,,,,
3097,21,hellaswag,0.38095238095238093,hellaswag,8,0.38095238095238093,consensus_summary,3.0,0.14285714285714285,mbpp,3.0,0.14285714285714285,arc-challenge,2.0,0.09523809523809523,mmlu-high-school-european-history,1.0,0.047619047619047616
3098,100,winogrande,0.21,winogrande,21,0.21,arc-challenge,16.0,0.16,hellaswag,12.0,0.12,mmlu-high-school-psychology,9.0,0.09,mmlu-professional-law,9.0,0.09
3101,12,hellaswag,0.5,hellaswag,6,0.5,arc-challenge,1.0,0.08333333333333333,mbpp,1.0,0.08333333333333333,mmlu-college-biology,1.0,0.08333333333333333,mmlu-college-medicine,1.0,0.08333333333333333
3105,1047,hellaswag,0.3973256924546323,hellaswag,416,0.3973256924546323,mmlu-high-school-mathematics,36.0,0.034383954154727794,mmlu-high-school-biology,35.0,0.033428844317096466,mmlu-elementary-mathematics,32.0,0.030563514804202482,mmlu-professional-medicine,31.0,0.029608404966571154
3106,41,hellaswag,0.5121951219512195,hellaswag,21,0.5121951219512195,mmlu-professional-medicine,4.0,0.0975609756097561,mmlu-human-aging,3.0,0.07317073170731707,mmlu-professional-law,3.0,0.07317073170731707,consensus_summary,2.0,0.04878048780487805
3107,1,hellaswag,1.0,hellaswag,1,1.0,,,,,,,,,,,,
3109,23,hellaswag,0.5217391304347826,hellaswag,12,0.5217391304347826,mmlu-college-mathematics,3.0,0.13043478260869565,mmlu-conceptual-physics,2.0,0.08695652173913043,mmlu-high-school-mathematics,2.0,0.08695652173913043,chinese_shi_jing,1.0,0.043478260869565216
3110,61,abstract2title,0.6885245901639344,abstract2title,42,0.6885245901639344,hellaswag,12.0,0.19672131147540983,mbpp,3.0,0.04918032786885246,winogrande,2.0,0.03278688524590164,accounting_audit,1.0,0.01639344262295082
3111,673,hellaswag,0.1827637444279346,hellaswag,123,0.1827637444279346,mmlu-professional-law,46.0,0.06835066864784546,arc-challenge,40.0,0.05943536404160475,mmlu-miscellaneous,37.0,0.0549777117384844,mmlu-human-sexuality,31.0,0.04606240713224369
3112,578,hellaswag,0.8183391003460208,hellaswag,473,0.8183391003460208,arc-challenge,17.0,0.029411764705882353,mmlu-high-school-mathematics,10.0,0.01730103806228374,mmlu-miscellaneous,10.0,0.01730103806228374,mmlu-high-school-physics,6.0,0.010380622837370242
3113,83,mmlu-marketing,0.4819277108433735,mmlu-marketing,40,0.4819277108433735,mmlu-high-school-microeconomics,14.0,0.1686746987951807,mmlu-professional-psychology,4.0,0.04819277108433735,mmlu-econometrics,3.0,0.03614457831325301,hellaswag,2.0,0.024096385542168676
3115,45,mbpp,0.37777777777777777,mbpp,17,0.37777777777777777,abstract2title,10.0,0.2222222222222222,hellaswag,6.0,0.13333333333333333,mmlu-college-biology,2.0,0.044444444444444446,mmlu-high-school-biology,2.0,0.044444444444444446
3116,806,hellaswag,0.5062034739454094,hellaswag,408,0.5062034739454094,arc-challenge,100.0,0.12406947890818859,winogrande,78.0,0.0967741935483871,mmlu-miscellaneous,25.0,0.031017369727047148,mmlu-high-school-biology,22.0,0.02729528535980149
3117,30,hellaswag,0.23333333333333334,hellaswag,7,0.23333333333333334,mmlu-high-school-us-history,5.0,0.16666666666666666,mmlu-high-school-world-history,4.0,0.13333333333333333,bias_detection,3.0,0.1,winogrande,3.0,0.1
3118,122,hellaswag,0.1885245901639344,hellaswag,23,0.1885245901639344,mmlu-moral-scenarios,21.0,0.1721311475409836,winogrande,18.0,0.14754098360655737,mmlu-professional-law,17.0,0.13934426229508196,mmlu-moral-disputes,6.0,0.04918032786885246
3119,566,hellaswag,0.6713780918727915,hellaswag,380,0.6713780918727915,consensus_summary,22.0,0.038869257950530034,mmlu-high-school-world-history,16.0,0.028268551236749116,arc-challenge,11.0,0.019434628975265017,mmlu-security-studies,11.0,0.019434628975265017
3120,3,hellaswag,1.0,hellaswag,3,1.0,,,,,,,,,,,,
3121,1,hellaswag,1.0,hellaswag,1,1.0,,,,,,,,,,,,
3125,13,mmlu-professional-medicine,0.3076923076923077,mmlu-professional-medicine,4,0.3076923076923077,mmlu-professional-law,3.0,0.23076923076923078,consensus_summary,1.0,0.07692307692307693,mmlu-business-ethics,1.0,0.07692307692307693,mmlu-elementary-mathematics,1.0,0.07692307692307693
3126,41,mmlu-high-school-macroeconomics,0.21951219512195122,mmlu-high-school-macroeconomics,9,0.21951219512195122,winogrande,9.0,0.21951219512195122,hellaswag,5.0,0.12195121951219512,mmlu-high-school-microeconomics,3.0,0.07317073170731707,mmlu-anatomy,2.0,0.04878048780487805
3127,1725,mmlu-professional-law,0.5756521739130435,mmlu-professional-law,993,0.5756521739130435,hellaswag,333.0,0.19304347826086957,mmlu-professional-accounting,56.0,0.03246376811594203,mmlu-high-school-government-and-politics,40.0,0.02318840579710145,mmlu-high-school-macroeconomics,38.0,0.022028985507246378
3128,16,hellaswag,0.5,hellaswag,8,0.5,abstract2title,1.0,0.0625,mmlu-global-facts,1.0,0.0625,mmlu-high-school-geography,1.0,0.0625,mmlu-high-school-mathematics,1.0,0.0625
3129,2308,hellaswag,0.2019064124783362,hellaswag,466,0.2019064124783362,arc-challenge,212.0,0.09185441941074524,mmlu-professional-law,144.0,0.06239168110918544,mmlu-prehistory,126.0,0.05459272097053726,mmlu-high-school-macroeconomics,113.0,0.048960138648180246
3130,5964,grade-school-math,0.9993293091884641,grade-school-math,5960,0.9993293091884641,abstract2title,1.0,0.00016767270288397049,mbpp,1.0,0.00016767270288397049,mmlu-econometrics,1.0,0.00016767270288397049,mmlu-miscellaneous,1.0,0.00016767270288397049
3131,19,mmlu-high-school-european-history,0.3684210526315789,mmlu-high-school-european-history,7,0.3684210526315789,mmlu-high-school-us-history,6.0,0.3157894736842105,mmlu-high-school-world-history,4.0,0.21052631578947367,consensus_summary,1.0,0.05263157894736842,mmlu-us-foreign-policy,1.0,0.05263157894736842
3132,76,mmlu-high-school-geography,0.13157894736842105,mmlu-high-school-geography,10,0.13157894736842105,winogrande,10.0,0.13157894736842105,mmlu-computer-security,9.0,0.11842105263157894,mmlu-miscellaneous,9.0,0.11842105263157894,mmlu-econometrics,4.0,0.05263157894736842
3133,1262,hellaswag,0.5451664025356577,hellaswag,688,0.5451664025356577,mmlu-elementary-mathematics,69.0,0.05467511885895404,mbpp,67.0,0.05309033280507131,mmlu-high-school-mathematics,52.0,0.04120443740095087,mmlu-professional-law,45.0,0.03565768621236133
3134,1,mtbench,1.0,mtbench,1,1.0,,,,,,,,,,,,
3136,408,hellaswag,0.6004901960784313,hellaswag,245,0.6004901960784313,mmlu-professional-law,22.0,0.05392156862745098,mbpp,20.0,0.049019607843137254,mmlu-prehistory,15.0,0.03676470588235294,consensus_summary,11.0,0.02696078431372549
3138,2,hellaswag,0.5,hellaswag,1,0.5,mtbench-reference,1.0,0.5,,,,,,,,,
3139,1002,hellaswag,0.2564870259481038,hellaswag,257,0.2564870259481038,arc-challenge,201.0,0.20059880239520958,mmlu-miscellaneous,37.0,0.036926147704590816,winogrande,37.0,0.036926147704590816,mmlu-computer-security,32.0,0.031936127744510975
3140,1,consensus_summary,1.0,consensus_summary,1,1.0,,,,,,,,,,,,
3141,1,mmlu-high-school-world-history,1.0,mmlu-high-school-world-history,1,1.0,,,,,,,,,,,,
3143,33,hellaswag,0.5454545454545454,hellaswag,18,0.5454545454545454,consensus_summary,13.0,0.3939393939393939,mbpp,1.0,0.030303030303030304,mmlu-professional-accounting,1.0,0.030303030303030304,,,
3144,1,hellaswag,1.0,hellaswag,1,1.0,,,,,,,,,,,,
3147,2664,hellaswag,0.4313063063063063,hellaswag,1149,0.4313063063063063,winogrande,614.0,0.23048048048048048,mmlu-miscellaneous,213.0,0.07995495495495496,arc-challenge,147.0,0.05518018018018018,mmlu-prehistory,60.0,0.02252252252252252
3150,1,hellaswag,1.0,hellaswag,1,1.0,,,,,,,,,,,,
3151,2,hellaswag,0.5,hellaswag,1,0.5,mtbench,1.0,0.5,,,,,,,,,
3153,1,hellaswag,1.0,hellaswag,1,1.0,,,,,,,,,,,,
3154,19,mmlu-elementary-mathematics,0.2631578947368421,mmlu-elementary-mathematics,5,0.2631578947368421,mmlu-high-school-chemistry,3.0,0.15789473684210525,mmlu-high-school-mathematics,3.0,0.15789473684210525,mmlu-high-school-statistics,3.0,0.15789473684210525,mmlu-professional-psychology,3.0,0.15789473684210525
3155,3,mmlu-elementary-mathematics,1.0,mmlu-elementary-mathematics,3,1.0,,,,,,,,,,,,
3156,113,hellaswag,0.30973451327433627,hellaswag,35,0.30973451327433627,mmlu-high-school-psychology,15.0,0.13274336283185842,mmlu-college-computer-science,10.0,0.08849557522123894,consensus_summary,8.0,0.07079646017699115,mmlu-marketing,5.0,0.04424778761061947
3157,10,winogrande,0.4,winogrande,4,0.4,arc-challenge,1.0,0.1,hellaswag,1.0,0.1,mmlu-anatomy,1.0,0.1,mmlu-miscellaneous,1.0,0.1
3158,4,consensus_summary,0.5,consensus_summary,2,0.5,abstract2title,1.0,0.25,mbpp,1.0,0.25,,,,,,
3162,1819,hellaswag,0.2303463441451347,hellaswag,419,0.2303463441451347,chinese_zodiac,284.0,0.1561297416162727,winogrande,117.0,0.06432105552501374,mmlu-human-aging,76.0,0.04178119846069269,mmlu-professional-psychology,76.0,0.04178119846069269
3163,2610,hellaswag,0.3264367816091954,hellaswag,852,0.3264367816091954,consensus_summary,242.0,0.09272030651340996,arc-challenge,172.0,0.06590038314176246,mmlu-professional-law,149.0,0.057088122605363986,bias_detection,131.0,0.050191570881226055
3165,698,hellaswag,0.41117478510028654,hellaswag,287,0.41117478510028654,mmlu-clinical-knowledge,47.0,0.0673352435530086,mmlu-high-school-psychology,46.0,0.0659025787965616,mmlu-professional-medicine,38.0,0.054441260744985676,mmlu-anatomy,35.0,0.050143266475644696
3166,120,hellaswag,0.3333333333333333,hellaswag,40,0.3333333333333333,bias_detection,17.0,0.14166666666666666,mmlu-professional-law,15.0,0.125,consensus_summary,14.0,0.11666666666666667,mmlu-high-school-european-history,5.0,0.041666666666666664
3167,100,hellaswag,0.28,hellaswag,28,0.28,mmlu-high-school-world-history,10.0,0.1,mmlu-prehistory,9.0,0.09,arc-challenge,7.0,0.07,mbpp,5.0,0.05
3169,560,hellaswag,0.9285714285714286,hellaswag,520,0.9285714285714286,mbpp,11.0,0.019642857142857142,arc-challenge,6.0,0.010714285714285714,winogrande,4.0,0.007142857142857143,consensus_summary,3.0,0.005357142857142857
3170,427,hellaswag,0.10304449648711944,hellaswag,44,0.10304449648711944,mmlu-prehistory,43.0,0.10070257611241218,arc-challenge,37.0,0.08665105386416862,mmlu-miscellaneous,29.0,0.06791569086651054,mmlu-high-school-biology,22.0,0.05152224824355972
3171,1,mmlu-us-foreign-policy,1.0,mmlu-us-foreign-policy,1,1.0,,,,,,,,,,,,
3172,5,mmlu-high-school-world-history,0.8,mmlu-high-school-world-history,4,0.8,mmlu-professional-psychology,1.0,0.2,,,,,,,,,
3173,1955,hellaswag,0.7713554987212277,hellaswag,1508,0.7713554987212277,arc-challenge,90.0,0.04603580562659847,mmlu-miscellaneous,44.0,0.022506393861892585,winogrande,41.0,0.020971867007672635,mmlu-high-school-macroeconomics,21.0,0.010741687979539642
3174,73,hellaswag,0.547945205479452,hellaswag,40,0.547945205479452,Chinese_character_riddles,15.0,0.2054794520547945,mbpp,10.0,0.136986301369863,mmlu-computer-security,4.0,0.0547945205479452,mmlu-elementary-mathematics,1.0,0.0136986301369863
3175,511,hellaswag,0.7455968688845401,hellaswag,381,0.7455968688845401,mmlu-professional-law,27.0,0.05283757338551859,mmlu-electrical-engineering,8.0,0.015655577299412915,arc-challenge,7.0,0.0136986301369863,mbpp,7.0,0.0136986301369863
3176,22,hellaswag,0.5,hellaswag,11,0.5,arc-challenge,4.0,0.18181818181818182,mtbench,2.0,0.09090909090909091,mmlu-abstract-algebra,1.0,0.045454545454545456,mmlu-college-mathematics,1.0,0.045454545454545456
3177,250,mmlu-high-school-psychology,0.076,mmlu-high-school-psychology,19,0.076,mmlu-high-school-biology,18.0,0.072,arc-challenge,17.0,0.068,mmlu-prehistory,13.0,0.052,mmlu-professional-psychology,13.0,0.052
3178,2841,hellaswag,0.1633227736712425,hellaswag,464,0.1633227736712425,arc-challenge,211.0,0.07426962337205209,mmlu-professional-psychology,195.0,0.06863780359028511,mmlu-high-school-psychology,164.0,0.057726152763111584,mmlu-marketing,106.0,0.037310806054206266
3179,1,chinese_tang_poetries,1.0,chinese_tang_poetries,1,1.0,,,,,,,,,,,,
3180,12,hellaswag,0.5,hellaswag,6,0.5,mbpp,2.0,0.16666666666666666,mmlu-college-medicine,2.0,0.16666666666666666,mmlu-clinical-knowledge,1.0,0.08333333333333333,mmlu-global-facts,1.0,0.08333333333333333
3182,6012,grade-school-math,0.9913506320691949,grade-school-math,5960,0.9913506320691949,abstract2title,33.0,0.0054890219560878245,arc-challenge,4.0,0.0006653359946773121,hellaswag,4.0,0.0006653359946773121,consensus_summary,2.0,0.00033266799733865603
3183,136,hellaswag,0.47794117647058826,hellaswag,65,0.47794117647058826,mmlu-professional-law,9.0,0.0661764705882353,mmlu-miscellaneous,8.0,0.058823529411764705,winogrande,6.0,0.04411764705882353,mmlu-world-religions,5.0,0.03676470588235294
3184,460,hellaswag,0.7608695652173914,hellaswag,350,0.7608695652173914,mbpp,37.0,0.08043478260869565,consensus_summary,7.0,0.015217391304347827,mmlu-human-sexuality,6.0,0.013043478260869565,mmlu-conceptual-physics,5.0,0.010869565217391304
3186,49,hellaswag,0.22448979591836735,hellaswag,11,0.22448979591836735,abstract2title,8.0,0.16326530612244897,mmlu-high-school-us-history,6.0,0.12244897959183673,consensus_summary,3.0,0.061224489795918366,mmlu-formal-logic,3.0,0.061224489795918366
3187,162,hellaswag,0.8950617283950617,hellaswag,145,0.8950617283950617,consensus_summary,7.0,0.043209876543209874,mmlu-high-school-world-history,4.0,0.024691358024691357,mbpp,2.0,0.012345679012345678,mmlu-anatomy,1.0,0.006172839506172839
3188,161,hellaswag,0.7639751552795031,hellaswag,123,0.7639751552795031,mbpp,8.0,0.049689440993788817,arc-challenge,6.0,0.037267080745341616,winogrande,6.0,0.037267080745341616,mmlu-college-medicine,3.0,0.018633540372670808
3189,41,mbpp,0.21951219512195122,mbpp,9,0.21951219512195122,hellaswag,7.0,0.17073170731707318,mmlu-miscellaneous,6.0,0.14634146341463414,mmlu-college-mathematics,3.0,0.07317073170731707,mmlu-machine-learning,3.0,0.07317073170731707
3190,810,hellaswag,0.6345679012345679,hellaswag,514,0.6345679012345679,mmlu-professional-medicine,23.0,0.028395061728395062,arc-challenge,21.0,0.025925925925925925,mmlu-high-school-psychology,18.0,0.022222222222222223,mmlu-miscellaneous,16.0,0.019753086419753086
3191,945,hellaswag,0.8560846560846561,hellaswag,809,0.8560846560846561,mmlu-high-school-psychology,25.0,0.026455026455026454,arc-challenge,15.0,0.015873015873015872,winogrande,12.0,0.012698412698412698,mmlu-professional-psychology,10.0,0.010582010582010581
3192,2146,winogrande,0.46272134203168686,winogrande,993,0.46272134203168686,hellaswag,662.0,0.3084808946877912,mmlu-miscellaneous,72.0,0.033550792171481825,mmlu-high-school-macroeconomics,54.0,0.02516309412861137,arc-challenge,42.0,0.0195712954333644
3193,2,hellaswag,1.0,hellaswag,2,1.0,,,,,,,,,,,,
3194,407,hellaswag,0.14004914004914004,hellaswag,57,0.14004914004914004,mmlu-professional-law,51.0,0.12530712530712532,mmlu-human-aging,32.0,0.07862407862407862,consensus_summary,31.0,0.07616707616707617,mmlu-professional-psychology,25.0,0.06142506142506143
3196,4,hellaswag,0.75,hellaswag,3,0.75,consensus_summary,1.0,0.25,,,,,,,,,
3197,1018,winogrande,0.22789783889980353,winogrande,232,0.22789783889980353,hellaswag,126.0,0.1237721021611002,mmlu-professional-medicine,85.0,0.08349705304518663,mmlu-miscellaneous,55.0,0.054027504911591355,mmlu-professional-law,48.0,0.047151277013752456
3198,40,hellaswag,0.225,hellaswag,9,0.225,mmlu-professional-law,5.0,0.125,winogrande,4.0,0.1,mmlu-clinical-knowledge,3.0,0.075,mmlu-high-school-macroeconomics,3.0,0.075
3199,235,hellaswag,0.37872340425531914,hellaswag,89,0.37872340425531914,mmlu-professional-law,36.0,0.15319148936170213,winogrande,12.0,0.05106382978723404,arc-challenge,11.0,0.04680851063829787,mmlu-electrical-engineering,10.0,0.0425531914893617
3201,45,hellaswag,0.37777777777777777,hellaswag,17,0.37777777777777777,arc-challenge,5.0,0.1111111111111111,mmlu-high-school-us-history,5.0,0.1111111111111111,mmlu-moral-disputes,3.0,0.06666666666666667,mmlu-high-school-psychology,2.0,0.044444444444444446
3202,23,arc-challenge,0.391304347826087,arc-challenge,9,0.391304347826087,hellaswag,3.0,0.13043478260869565,mmlu-miscellaneous,3.0,0.13043478260869565,mmlu-college-medicine,1.0,0.043478260869565216,mmlu-econometrics,1.0,0.043478260869565216
3203,127,hellaswag,0.7559055118110236,hellaswag,96,0.7559055118110236,consensus_summary,5.0,0.03937007874015748,mbpp,5.0,0.03937007874015748,mmlu-professional-law,5.0,0.03937007874015748,mmlu-elementary-mathematics,3.0,0.023622047244094488
3204,812,hellaswag,0.7967980295566502,hellaswag,647,0.7967980295566502,mmlu-high-school-us-history,21.0,0.02586206896551724,arc-challenge,20.0,0.024630541871921183,mmlu-professional-law,19.0,0.023399014778325122,mmlu-miscellaneous,11.0,0.013546798029556651
3205,24,mbpp,0.2916666666666667,mbpp,7,0.2916666666666667,hellaswag,4.0,0.16666666666666666,bias_detection,2.0,0.08333333333333333,consensus_summary,2.0,0.08333333333333333,arc-challenge,1.0,0.041666666666666664
3206,3,chinese_hard_translations,1.0,chinese_hard_translations,3,1.0,,,,,,,,,,,,
3208,92,mmlu-high-school-macroeconomics,0.14130434782608695,mmlu-high-school-macroeconomics,13,0.14130434782608695,consensus_summary,8.0,0.08695652173913043,mmlu-miscellaneous,8.0,0.08695652173913043,mmlu-elementary-mathematics,7.0,0.07608695652173914,mmlu-prehistory,7.0,0.07608695652173914
3209,533,mmlu-elementary-mathematics,0.10881801125703565,mmlu-elementary-mathematics,58,0.10881801125703565,mmlu-philosophy,34.0,0.06378986866791744,mmlu-moral-disputes,31.0,0.058161350844277676,mmlu-security-studies,30.0,0.05628517823639775,arc-challenge,27.0,0.05065666041275797
3210,3,consensus_summary,1.0,consensus_summary,3,1.0,,,,,,,,,,,,
3211,9,hellaswag,0.5555555555555556,hellaswag,5,0.5555555555555556,consensus_summary,1.0,0.1111111111111111,mmlu-electrical-engineering,1.0,0.1111111111111111,mmlu-high-school-microeconomics,1.0,0.1111111111111111,mmlu-high-school-psychology,1.0,0.1111111111111111
3212,1752,hellaswag,0.5970319634703196,hellaswag,1046,0.5970319634703196,arc-challenge,98.0,0.05593607305936073,winogrande,67.0,0.03824200913242009,mmlu-professional-law,50.0,0.028538812785388126,mmlu-high-school-microeconomics,35.0,0.01997716894977169
3214,36,hellaswag,0.6666666666666666,hellaswag,24,0.6666666666666666,mmlu-high-school-european-history,3.0,0.08333333333333333,mmlu-high-school-us-history,2.0,0.05555555555555555,mmlu-human-aging,2.0,0.05555555555555555,mmlu-professional-law,2.0,0.05555555555555555
3215,16,hellaswag,0.625,hellaswag,10,0.625,consensus_summary,3.0,0.1875,mmlu-econometrics,1.0,0.0625,mmlu-high-school-psychology,1.0,0.0625,mmlu-high-school-world-history,1.0,0.0625
3217,2256,hellaswag,0.6196808510638298,hellaswag,1398,0.6196808510638298,mmlu-professional-law,193.0,0.08554964539007093,arc-challenge,70.0,0.03102836879432624,mmlu-high-school-psychology,58.0,0.025709219858156027,winogrande,55.0,0.024379432624113476
3218,1,mmlu-high-school-european-history,1.0,mmlu-high-school-european-history,1,1.0,,,,,,,,,,,,
3219,69,consensus_summary,0.3333333333333333,consensus_summary,23,0.3333333333333333,mmlu-logical-fallacies,7.0,0.10144927536231885,mmlu-sociology,5.0,0.07246376811594203,hellaswag,4.0,0.057971014492753624,chinese_famous_novel,3.0,0.043478260869565216
3221,8,hellaswag,0.75,hellaswag,6,0.75,mmlu-professional-law,1.0,0.125,mtbench-math,1.0,0.125,,,,,,
3224,35,hellaswag,0.2,hellaswag,7,0.2,mmlu-moral-disputes,5.0,0.14285714285714285,mmlu-conceptual-physics,3.0,0.08571428571428572,mmlu-high-school-microeconomics,3.0,0.08571428571428572,mmlu-miscellaneous,3.0,0.08571428571428572
3225,1,mtbench,1.0,mtbench,1,1.0,,,,,,,,,,,,
3226,1,mmlu-professional-medicine,1.0,mmlu-professional-medicine,1,1.0,,,,,,,,,,,,
3227,1,mtbench,1.0,mtbench,1,1.0,,,,,,,,,,,,
3228,34,winogrande,0.38235294117647056,winogrande,13,0.38235294117647056,mmlu-miscellaneous,6.0,0.17647058823529413,hellaswag,5.0,0.14705882352941177,arc-challenge,2.0,0.058823529411764705,mmlu-electrical-engineering,2.0,0.058823529411764705
3229,3,hellaswag,0.6666666666666666,hellaswag,2,0.6666666666666666,consensus_summary,1.0,0.3333333333333333,,,,,,,,,
3230,1405,hellaswag,0.37224199288256227,hellaswag,523,0.37224199288256227,mmlu-professional-law,138.0,0.09822064056939502,arc-challenge,130.0,0.09252669039145907,abstract2title,76.0,0.05409252669039146,mmlu-high-school-macroeconomics,52.0,0.03701067615658363
3231,10,mmlu-professional-law,0.4,mmlu-professional-law,4,0.4,consensus_summary,3.0,0.3,mbpp,1.0,0.1,mmlu-econometrics,1.0,0.1,mmlu-elementary-mathematics,1.0,0.1
3232,48,hellaswag,0.25,hellaswag,12,0.25,mmlu-miscellaneous,5.0,0.10416666666666667,mmlu-sociology,5.0,0.10416666666666667,mmlu-marketing,4.0,0.08333333333333333,consensus_summary,2.0,0.041666666666666664
3234,483,hellaswag,0.4989648033126294,hellaswag,241,0.4989648033126294,abstract2title,83.0,0.17184265010351968,arc-challenge,18.0,0.037267080745341616,mmlu-professional-law,12.0,0.024844720496894408,mmlu-management,10.0,0.020703933747412008
3236,277,mmlu-professional-law,0.516245487364621,mmlu-professional-law,143,0.516245487364621,arc-challenge,39.0,0.1407942238267148,hellaswag,17.0,0.061371841155234655,mmlu-high-school-psychology,11.0,0.039711191335740074,mmlu-conceptual-physics,6.0,0.021660649819494584
3237,18,hellaswag,0.4444444444444444,hellaswag,8,0.4444444444444444,mmlu-machine-learning,3.0,0.16666666666666666,mmlu-marketing,3.0,0.16666666666666666,mmlu-professional-law,2.0,0.1111111111111111,arc-challenge,1.0,0.05555555555555555
3239,5960,grade-school-math,1.0,grade-school-math,5960,1.0,,,,,,,,,,,,
3240,70,hellaswag,0.6857142857142857,hellaswag,48,0.6857142857142857,arc-challenge,6.0,0.08571428571428572,mmlu-nutrition,6.0,0.08571428571428572,mmlu-miscellaneous,3.0,0.04285714285714286,mmlu-prehistory,2.0,0.02857142857142857
3242,9,mmlu-miscellaneous,0.2222222222222222,mmlu-miscellaneous,2,0.2222222222222222,hellaswag,1.0,0.1111111111111111,mmlu-college-mathematics,1.0,0.1111111111111111,mmlu-college-medicine,1.0,0.1111111111111111,mmlu-high-school-geography,1.0,0.1111111111111111
3243,77,mmlu-machine-learning,0.14285714285714285,mmlu-machine-learning,11,0.14285714285714285,hellaswag,8.0,0.1038961038961039,mmlu-professional-accounting,6.0,0.07792207792207792,mmlu-elementary-mathematics,5.0,0.06493506493506493,mmlu-professional-psychology,5.0,0.06493506493506493
3245,1,mtbench,1.0,mtbench,1,1.0,,,,,,,,,,,,
3246,1,mtbench,1.0,mtbench,1,1.0,,,,,,,,,,,,
3248,1223,hellaswag,0.7849550286181521,hellaswag,960,0.7849550286181521,mbpp,64.0,0.05233033524121014,arc-challenge,31.0,0.025347506132461162,winogrande,24.0,0.019623875715453803,mmlu-miscellaneous,22.0,0.017988552739165987
3251,1,mmlu-high-school-world-history,1.0,mmlu-high-school-world-history,1,1.0,,,,,,,,,,,,
3252,427,hellaswag,0.234192037470726,hellaswag,100,0.234192037470726,mbpp,40.0,0.0936768149882904,mmlu-professional-law,27.0,0.06323185011709602,mmlu-miscellaneous,20.0,0.0468384074941452,mmlu-moral-disputes,18.0,0.04215456674473068
3253,2,mmlu-high-school-statistics,0.5,mmlu-high-school-statistics,1,0.5,mmlu-world-religions,1.0,0.5,,,,,,,,,
3255,78,mmlu-professional-law,0.7564102564102564,mmlu-professional-law,59,0.7564102564102564,hellaswag,4.0,0.05128205128205128,mmlu-logical-fallacies,2.0,0.02564102564102564,mmlu-prehistory,2.0,0.02564102564102564,abstract2title,1.0,0.01282051282051282
3256,828,hellaswag,0.8188405797101449,hellaswag,678,0.8188405797101449,mmlu-miscellaneous,21.0,0.025362318840579712,mmlu-high-school-government-and-politics,12.0,0.014492753623188406,arc-challenge,9.0,0.010869565217391304,mmlu-clinical-knowledge,9.0,0.010869565217391304
3257,44,mbpp,0.29545454545454547,mbpp,13,0.29545454545454547,consensus_summary,6.0,0.13636363636363635,hellaswag,4.0,0.09090909090909091,mmlu-high-school-geography,4.0,0.09090909090909091,mmlu-high-school-us-history,4.0,0.09090909090909091
3258,268,hellaswag,0.8805970149253731,hellaswag,236,0.8805970149253731,mmlu-professional-law,7.0,0.026119402985074626,mmlu-professional-psychology,6.0,0.022388059701492536,mmlu-moral-disputes,3.0,0.011194029850746268,mmlu-philosophy,3.0,0.011194029850746268
3259,76,hellaswag,0.5921052631578947,hellaswag,45,0.5921052631578947,mmlu-miscellaneous,8.0,0.10526315789473684,arc-challenge,7.0,0.09210526315789473,mmlu-prehistory,5.0,0.06578947368421052,consensus_summary,2.0,0.02631578947368421
3260,279,hellaswag,0.6164874551971327,hellaswag,172,0.6164874551971327,mbpp,34.0,0.12186379928315412,mmlu-high-school-chemistry,13.0,0.04659498207885305,mmlu-professional-law,7.0,0.025089605734767026,arc-challenge,6.0,0.021505376344086023
3262,54,hellaswag,0.5185185185185185,hellaswag,28,0.5185185185185185,accounting_audit,7.0,0.12962962962962962,abstract2title,5.0,0.09259259259259259,mmlu-global-facts,3.0,0.05555555555555555,mmlu-professional-law,3.0,0.05555555555555555
3263,38,hellaswag,0.34210526315789475,hellaswag,13,0.34210526315789475,arc-challenge,3.0,0.07894736842105263,mmlu-computer-security,3.0,0.07894736842105263,mmlu-professional-law,3.0,0.07894736842105263,consensus_summary,2.0,0.05263157894736842
3265,7,hellaswag,0.14285714285714285,hellaswag,1,0.14285714285714285,mmlu-high-school-government-and-politics,1.0,0.14285714285714285,mmlu-high-school-mathematics,1.0,0.14285714285714285,mmlu-high-school-psychology,1.0,0.14285714285714285,mmlu-moral-disputes,1.0,0.14285714285714285
3266,12,mbpp,0.3333333333333333,mbpp,4,0.3333333333333333,mmlu-high-school-world-history,3.0,0.25,mmlu-high-school-european-history,2.0,0.16666666666666666,consensus_summary,1.0,0.08333333333333333,mmlu-computer-security,1.0,0.08333333333333333
3267,1,hellaswag,1.0,hellaswag,1,1.0,,,,,,,,,,,,
3268,843,chinese_zodiac,0.3368920521945433,chinese_zodiac,284,0.3368920521945433,hellaswag,180.0,0.21352313167259787,arc-challenge,103.0,0.1221826809015421,mmlu-miscellaneous,36.0,0.042704626334519574,mmlu-prehistory,33.0,0.03914590747330961
3271,1076,mmlu-high-school-macroeconomics,0.17936802973977695,mmlu-high-school-macroeconomics,193,0.17936802973977695,arc-challenge,84.0,0.07806691449814127,mmlu-professional-accounting,60.0,0.055762081784386616,mmlu-nutrition,45.0,0.041821561338289966,mmlu-clinical-knowledge,43.0,0.039962825278810406
3272,5,mmlu-abstract-algebra,0.2,mmlu-abstract-algebra,1,0.2,mmlu-college-chemistry,1.0,0.2,mmlu-electrical-engineering,1.0,0.2,mmlu-high-school-psychology,1.0,0.2,mmlu-us-foreign-policy,1.0,0.2
3275,1,abstract2title,1.0,abstract2title,1,1.0,,,,,,,,,,,,
3277,3,hellaswag,0.3333333333333333,hellaswag,1,0.3333333333333333,mmlu-econometrics,1.0,0.3333333333333333,mmlu-professional-law,1.0,0.3333333333333333,,,,,,
3278,1205,hellaswag,0.612448132780083,hellaswag,738,0.612448132780083,mmlu-miscellaneous,27.0,0.022406639004149378,mmlu-elementary-mathematics,26.0,0.021576763485477178,mmlu-anatomy,24.0,0.01991701244813278,winogrande,22.0,0.018257261410788383
3279,1,hellaswag,1.0,hellaswag,1,1.0,,,,,,,,,,,,
3283,7,mmlu-professional-law,0.5714285714285714,mmlu-professional-law,4,0.5714285714285714,mbpp,2.0,0.2857142857142857,hellaswag,1.0,0.14285714285714285,,,,,,
3285,3,hellaswag,0.6666666666666666,hellaswag,2,0.6666666666666666,chinese_shi_jing,1.0,0.3333333333333333,,,,,,,,,
3287,765,mmlu-high-school-microeconomics,0.11241830065359477,mmlu-high-school-microeconomics,86,0.11241830065359477,mmlu-high-school-macroeconomics,73.0,0.09542483660130718,hellaswag,63.0,0.08235294117647059,mmlu-marketing,54.0,0.07058823529411765,mmlu-miscellaneous,47.0,0.06143790849673202
3289,19,mmlu-astronomy,0.3157894736842105,mmlu-astronomy,6,0.3157894736842105,arc-challenge,3.0,0.15789473684210525,mmlu-econometrics,3.0,0.15789473684210525,hellaswag,1.0,0.05263157894736842,mmlu-clinical-knowledge,1.0,0.05263157894736842
3290,10,abstract2title,0.8,abstract2title,8,0.8,mtbench-reference,1.0,0.1,winogrande,1.0,0.1,,,,,,
3291,25,consensus_summary,0.8,consensus_summary,20,0.8,mmlu-high-school-world-history,2.0,0.08,abstract2title,1.0,0.04,hellaswag,1.0,0.04,mmlu-professional-medicine,1.0,0.04
3292,30,mmlu-professional-medicine,0.23333333333333334,mmlu-professional-medicine,7,0.23333333333333334,hellaswag,5.0,0.16666666666666666,mmlu-machine-learning,4.0,0.13333333333333333,mmlu-high-school-us-history,3.0,0.1,consensus_summary,2.0,0.06666666666666667
3293,1702,hellaswag,0.3595769682726204,hellaswag,612,0.3595769682726204,mmlu-professional-law,177.0,0.10399529964747356,bias_detection,138.0,0.08108108108108109,winogrande,119.0,0.0699177438307873,mmlu-professional-accounting,97.0,0.05699177438307873
3296,850,hellaswag,0.7258823529411764,hellaswag,617,0.7258823529411764,arc-challenge,32.0,0.03764705882352941,mmlu-elementary-mathematics,22.0,0.02588235294117647,mmlu-high-school-chemistry,21.0,0.024705882352941175,winogrande,19.0,0.02235294117647059
3297,9,hellaswag,0.4444444444444444,hellaswag,4,0.4444444444444444,abstract2title,3.0,0.3333333333333333,mbpp,1.0,0.1111111111111111,mmlu-elementary-mathematics,1.0,0.1111111111111111,,,
3299,2210,hellaswag,0.14479638009049775,hellaswag,320,0.14479638009049775,mmlu-elementary-mathematics,119.0,0.05384615384615385,winogrande,110.0,0.049773755656108594,mmlu-miscellaneous,109.0,0.04932126696832579,mmlu-high-school-mathematics,92.0,0.0416289592760181
3300,145,mmlu-miscellaneous,0.2896551724137931,mmlu-miscellaneous,42,0.2896551724137931,mmlu-world-religions,17.0,0.11724137931034483,hellaswag,16.0,0.1103448275862069,chinese_tang_poetries,10.0,0.06896551724137931,mmlu-astronomy,5.0,0.034482758620689655
3301,106,chinese_zodiac,0.6226415094339622,chinese_zodiac,66,0.6226415094339622,hellaswag,16.0,0.1509433962264151,arc-challenge,4.0,0.03773584905660377,mmlu-high-school-physics,4.0,0.03773584905660377,mmlu-high-school-world-history,3.0,0.02830188679245283
3303,377,hellaswag,0.13793103448275862,hellaswag,52,0.13793103448275862,arc-challenge,42.0,0.11140583554376658,mmlu-high-school-psychology,34.0,0.09018567639257294,mmlu-professional-psychology,26.0,0.06896551724137931,mmlu-high-school-statistics,17.0,0.04509283819628647
3305,4,chinese_ancient_poetry,0.5,chinese_ancient_poetry,2,0.5,chinese_famous_novel,1.0,0.25,consensus_summary,1.0,0.25,,,,,,
3306,32,mmlu-machine-learning,0.34375,mmlu-machine-learning,11,0.34375,mmlu-high-school-mathematics,7.0,0.21875,mmlu-econometrics,4.0,0.125,mmlu-abstract-algebra,3.0,0.09375,mmlu-high-school-statistics,2.0,0.0625
3307,44,hellaswag,0.45454545454545453,hellaswag,20,0.45454545454545453,mmlu-miscellaneous,5.0,0.11363636363636363,mmlu-professional-law,5.0,0.11363636363636363,mmlu-high-school-world-history,4.0,0.09090909090909091,winogrande,3.0,0.06818181818181818
3309,208,mmlu-professional-law,0.16826923076923078,mmlu-professional-law,35,0.16826923076923078,hellaswag,31.0,0.14903846153846154,winogrande,10.0,0.04807692307692308,mmlu-astronomy,8.0,0.038461538461538464,mmlu-high-school-macroeconomics,7.0,0.03365384615384615
3310,206,hellaswag,0.22330097087378642,hellaswag,46,0.22330097087378642,mmlu-philosophy,18.0,0.08737864077669903,winogrande,18.0,0.08737864077669903,mmlu-professional-law,12.0,0.05825242718446602,mmlu-jurisprudence,11.0,0.05339805825242718
3311,181,hellaswag,0.24861878453038674,hellaswag,45,0.24861878453038674,mmlu-professional-psychology,29.0,0.16022099447513813,consensus_summary,24.0,0.13259668508287292,mmlu-human-aging,20.0,0.11049723756906077,mmlu-high-school-psychology,17.0,0.09392265193370165
3312,750,hellaswag,0.42533333333333334,hellaswag,319,0.42533333333333334,abstract2title,165.0,0.22,Chinese_character_riddles,22.0,0.029333333333333333,winogrande,22.0,0.029333333333333333,chinese_homonym,16.0,0.021333333333333333
3313,7622,grade-school-math,0.7819469955392285,grade-school-math,5960,0.7819469955392285,mmlu-high-school-world-history,143.0,0.01876147992652847,hellaswag,119.0,0.015612700078719496,mmlu-high-school-european-history,111.0,0.014563106796116505,mmlu-professional-law,97.0,0.01272631855156127
3314,1234,hellaswag,0.1766612641815235,hellaswag,218,0.1766612641815235,winogrande,109.0,0.08833063209076175,mbpp,96.0,0.07779578606158834,mmlu-elementary-mathematics,71.0,0.05753646677471637,mmlu-high-school-mathematics,66.0,0.05348460291734198
3315,328,hellaswag,0.20426829268292682,hellaswag,67,0.20426829268292682,mmlu-high-school-microeconomics,30.0,0.09146341463414634,mmlu-philosophy,22.0,0.06707317073170732,arc-challenge,16.0,0.04878048780487805,mmlu-high-school-geography,16.0,0.04878048780487805
3316,69,mmlu-professional-psychology,0.2028985507246377,mmlu-professional-psychology,14,0.2028985507246377,hellaswag,13.0,0.18840579710144928,mmlu-marketing,7.0,0.10144927536231885,mmlu-econometrics,5.0,0.07246376811594203,mmlu-public-relations,4.0,0.057971014492753624
3318,22,hellaswag,0.2727272727272727,hellaswag,6,0.2727272727272727,mmlu-high-school-world-history,5.0,0.22727272727272727,mmlu-professional-law,5.0,0.22727272727272727,abstract2title,3.0,0.13636363636363635,mbpp,1.0,0.045454545454545456
3319,1,consensus_summary,1.0,consensus_summary,1,1.0,,,,,,,,,,,,
3320,61,hellaswag,0.3114754098360656,hellaswag,19,0.3114754098360656,mmlu-high-school-statistics,5.0,0.08196721311475409,mmlu-miscellaneous,4.0,0.06557377049180328,mmlu-prehistory,4.0,0.06557377049180328,mmlu-machine-learning,3.0,0.04918032786885246
3321,1,mmlu-miscellaneous,1.0,mmlu-miscellaneous,1,1.0,,,,,,,,,,,,
3323,3340,hellaswag,0.49101796407185627,hellaswag,1640,0.49101796407185627,winogrande,432.0,0.12934131736526946,mmlu-professional-law,269.0,0.08053892215568863,arc-challenge,240.0,0.0718562874251497,mmlu-high-school-psychology,102.0,0.03053892215568862
3324,3,consensus_summary,1.0,consensus_summary,3,1.0,,,,,,,,,,,,
3325,33,hellaswag,0.42424242424242425,hellaswag,14,0.42424242424242425,mmlu-miscellaneous,5.0,0.15151515151515152,mmlu-human-sexuality,2.0,0.06060606060606061,bias_detection,1.0,0.030303030303030304,mbpp,1.0,0.030303030303030304
3327,1002,hellaswag,0.34331337325349304,hellaswag,344,0.34331337325349304,mmlu-professional-law,59.0,0.05888223552894212,abstract2title,46.0,0.04590818363273453,bias_detection,37.0,0.036926147704590816,arc-challenge,34.0,0.033932135728542916
3328,26,hellaswag,0.15384615384615385,hellaswag,4,0.15384615384615385,mbpp,4.0,0.15384615384615385,arc-challenge,3.0,0.11538461538461539,mmlu-elementary-mathematics,3.0,0.11538461538461539,mmlu-prehistory,3.0,0.11538461538461539
3329,1,abstract2title,1.0,abstract2title,1,1.0,,,,,,,,,,,,
3330,2775,hellaswag,0.230990990990991,hellaswag,641,0.230990990990991,mmlu-miscellaneous,255.0,0.0918918918918919,arc-challenge,181.0,0.06522522522522523,mmlu-elementary-mathematics,121.0,0.0436036036036036,winogrande,116.0,0.041801801801801805
3332,426,winogrande,0.5375586854460094,winogrande,229,0.5375586854460094,hellaswag,26.0,0.06103286384976526,mmlu-professional-psychology,24.0,0.056338028169014086,mmlu-moral-scenarios,23.0,0.0539906103286385,mmlu-elementary-mathematics,19.0,0.04460093896713615
3333,79,mmlu-professional-medicine,0.17721518987341772,mmlu-professional-medicine,14,0.17721518987341772,hellaswag,10.0,0.12658227848101267,mmlu-high-school-microeconomics,6.0,0.0759493670886076,mmlu-high-school-macroeconomics,5.0,0.06329113924050633,mmlu-clinical-knowledge,4.0,0.05063291139240506
3334,22,mbpp,0.3181818181818182,mbpp,7,0.3181818181818182,mmlu-high-school-world-history,6.0,0.2727272727272727,mmlu-miscellaneous,2.0,0.09090909090909091,arc-challenge,1.0,0.045454545454545456,hellaswag,1.0,0.045454545454545456
3335,25,mmlu-high-school-psychology,0.2,mmlu-high-school-psychology,5,0.2,mmlu-philosophy,4.0,0.16,hellaswag,3.0,0.12,mmlu-high-school-us-history,3.0,0.12,mmlu-jurisprudence,2.0,0.08
3336,8,abstract2title,0.5,abstract2title,4,0.5,hellaswag,2.0,0.25,arc-challenge,1.0,0.125,mmlu-high-school-biology,1.0,0.125,,,
3337,16,hellaswag,0.8125,hellaswag,13,0.8125,abstract2title,3.0,0.1875,,,,,,,,,
3338,25,hellaswag,0.36,hellaswag,9,0.36,mmlu-professional-law,8.0,0.32,mmlu-high-school-us-history,5.0,0.2,abstract2title,1.0,0.04,mmlu-high-school-european-history,1.0,0.04
3339,24,hellaswag,0.9166666666666666,hellaswag,22,0.9166666666666666,abstract2title,1.0,0.041666666666666664,mbpp,1.0,0.041666666666666664,,,,,,
3340,50,hellaswag,0.54,hellaswag,27,0.54,bias_detection,6.0,0.12,mmlu-high-school-us-history,5.0,0.1,mmlu-high-school-european-history,3.0,0.06,mmlu-high-school-world-history,2.0,0.04
3342,4428,hellaswag,0.11291779584462511,hellaswag,500,0.11291779584462511,winogrande,281.0,0.06345980126467932,mmlu-high-school-macroeconomics,261.0,0.05894308943089431,mmlu-miscellaneous,243.0,0.054878048780487805,mmlu-professional-law,240.0,0.05420054200542006
3343,719,hellaswag,0.7440890125173852,hellaswag,535,0.7440890125173852,arc-challenge,50.0,0.06954102920723226,winogrande,19.0,0.02642559109874826,mmlu-professional-law,16.0,0.022253129346314324,mmlu-formal-logic,13.0,0.01808066759388039
3344,3007,hellaswag,0.5703358829398071,hellaswag,1715,0.5703358829398071,bias_detection,121.0,0.040239441303624876,arc-challenge,108.0,0.035916195543731294,consensus_summary,79.0,0.02627203192550715,mmlu-clinical-knowledge,73.0,0.02427668772863319
3347,13,hellaswag,0.6923076923076923,hellaswag,9,0.6923076923076923,mbpp,2.0,0.15384615384615385,abstract2title,1.0,0.07692307692307693,mmlu-professional-law,1.0,0.07692307692307693,,,
3348,163,hellaswag,0.4110429447852761,hellaswag,67,0.4110429447852761,mmlu-high-school-world-history,10.0,0.06134969325153374,mmlu-world-religions,9.0,0.05521472392638037,mmlu-elementary-mathematics,8.0,0.049079754601226995,mmlu-high-school-mathematics,8.0,0.049079754601226995
3349,4,consensus_summary,0.25,consensus_summary,1,0.25,hellaswag,1.0,0.25,mmlu-human-aging,1.0,0.25,mtbench,1.0,0.25,,,
3350,187,hellaswag,0.33689839572192515,hellaswag,63,0.33689839572192515,mmlu-college-computer-science,12.0,0.06417112299465241,consensus_summary,8.0,0.0427807486631016,mmlu-marketing,8.0,0.0427807486631016,arc-challenge,7.0,0.0374331550802139
3351,7,abstract2title,0.8571428571428571,abstract2title,6,0.8571428571428571,mmlu-high-school-mathematics,1.0,0.14285714285714285,,,,,,,,,
3352,1492,hellaswag,0.5670241286863271,hellaswag,846,0.5670241286863271,chinese_zodiac,284.0,0.1903485254691689,arc-challenge,26.0,0.01742627345844504,mmlu-professional-psychology,25.0,0.01675603217158177,mmlu-miscellaneous,23.0,0.015415549597855228
3353,51,hellaswag,0.17647058823529413,hellaswag,9,0.17647058823529413,winogrande,8.0,0.1568627450980392,mmlu-high-school-european-history,7.0,0.13725490196078433,mmlu-miscellaneous,6.0,0.11764705882352941,mmlu-prehistory,4.0,0.0784313725490196
3354,19,mbpp,0.6842105263157895,mbpp,13,0.6842105263157895,arc-challenge,1.0,0.05263157894736842,mmlu-anatomy,1.0,0.05263157894736842,mmlu-high-school-government-and-politics,1.0,0.05263157894736842,mmlu-miscellaneous,1.0,0.05263157894736842
3355,108,hellaswag,0.28703703703703703,hellaswag,31,0.28703703703703703,arc-challenge,13.0,0.12037037037037036,mmlu-professional-law,7.0,0.06481481481481481,consensus_summary,5.0,0.046296296296296294,mmlu-high-school-world-history,5.0,0.046296296296296294
3358,2968,hellaswag,0.10040431266846361,hellaswag,298,0.10040431266846361,arc-challenge,283.0,0.09535040431266846,mmlu-high-school-macroeconomics,283.0,0.09535040431266846,winogrande,191.0,0.06435309973045822,mmlu-high-school-microeconomics,183.0,0.06165768194070081
3359,460,hellaswag,0.19782608695652174,hellaswag,91,0.19782608695652174,winogrande,50.0,0.10869565217391304,mbpp,42.0,0.09130434782608696,mmlu-nutrition,42.0,0.09130434782608696,mmlu-miscellaneous,27.0,0.058695652173913045
3360,14,mmlu-philosophy,0.2857142857142857,mmlu-philosophy,4,0.2857142857142857,mmlu-moral-disputes,3.0,0.21428571428571427,mmlu-professional-psychology,3.0,0.21428571428571427,hellaswag,1.0,0.07142857142857142,mmlu-human-aging,1.0,0.07142857142857142
3362,1,mtbench,1.0,mtbench,1,1.0,,,,,,,,,,,,
3363,1411,mmlu-prehistory,0.11977321048901489,mmlu-prehistory,169,0.11977321048901489,arc-challenge,100.0,0.07087172218284904,mmlu-miscellaneous,99.0,0.07016300496102056,mmlu-high-school-biology,69.0,0.04890148830616584,mmlu-world-religions,68.0,0.04819277108433735
3364,23,mmlu-professional-law,0.5652173913043478,mmlu-professional-law,13,0.5652173913043478,hellaswag,5.0,0.21739130434782608,mmlu-high-school-european-history,2.0,0.08695652173913043,mmlu-professional-psychology,2.0,0.08695652173913043,winogrande,1.0,0.043478260869565216
3365,2,consensus_summary,1.0,consensus_summary,2,1.0,,,,,,,,,,,,
3368,447,hellaswag,0.6890380313199105,hellaswag,308,0.6890380313199105,mmlu-professional-law,21.0,0.04697986577181208,chinese_zodiac,17.0,0.03803131991051454,arc-challenge,16.0,0.035794183445190156,consensus_summary,16.0,0.035794183445190156
3369,804,hellaswag,0.17537313432835822,hellaswag,141,0.17537313432835822,mmlu-marketing,107.0,0.13308457711442787,mmlu-professional-law,83.0,0.10323383084577115,arc-challenge,63.0,0.07835820895522388,mmlu-miscellaneous,47.0,0.05845771144278607
3370,366,mmlu-moral-scenarios,0.9508196721311475,mmlu-moral-scenarios,348,0.9508196721311475,hellaswag,9.0,0.02459016393442623,mmlu-professional-law,4.0,0.01092896174863388,winogrande,4.0,0.01092896174863388,mmlu-professional-accounting,1.0,0.00273224043715847
3371,47,chinese_zodiac,0.7021276595744681,chinese_zodiac,33,0.7021276595744681,winogrande,10.0,0.2127659574468085,mbpp,2.0,0.0425531914893617,arc-challenge,1.0,0.02127659574468085,mmlu-elementary-mathematics,1.0,0.02127659574468085
3372,571,hellaswag,0.12084063047285463,hellaswag,69,0.12084063047285463,mmlu-high-school-us-history,59.0,0.10332749562171628,mmlu-high-school-world-history,56.0,0.09807355516637478,arc-challenge,45.0,0.07880910683012259,winogrande,37.0,0.0647985989492119
3373,174,hellaswag,0.3793103448275862,hellaswag,66,0.3793103448275862,bias_detection,20.0,0.11494252873563218,mmlu-high-school-world-history,20.0,0.11494252873563218,chinese_tang_poetries,8.0,0.04597701149425287,mmlu-high-school-european-history,8.0,0.04597701149425287
3374,319,hellaswag,0.30407523510971785,hellaswag,97,0.30407523510971785,mmlu-high-school-microeconomics,45.0,0.14106583072100312,mmlu-high-school-macroeconomics,29.0,0.09090909090909091,mmlu-marketing,22.0,0.06896551724137931,mmlu-high-school-psychology,14.0,0.0438871473354232
3375,3,mbpp,0.6666666666666666,mbpp,2,0.6666666666666666,hellaswag,1.0,0.3333333333333333,,,,,,,,,
3376,602,hellaswag,0.1345514950166113,hellaswag,81,0.1345514950166113,mmlu-professional-psychology,56.0,0.09302325581395349,arc-challenge,50.0,0.08305647840531562,mmlu-professional-law,30.0,0.04983388704318937,mmlu-prehistory,27.0,0.044850498338870434
3377,222,hellaswag,0.7837837837837838,hellaswag,174,0.7837837837837838,abstract2title,11.0,0.04954954954954955,mmlu-miscellaneous,7.0,0.03153153153153153,arc-challenge,6.0,0.02702702702702703,winogrande,4.0,0.018018018018018018
3379,130,winogrande,0.26153846153846155,winogrande,34,0.26153846153846155,hellaswag,15.0,0.11538461538461539,mmlu-high-school-biology,7.0,0.05384615384615385,arc-challenge,5.0,0.038461538461538464,mmlu-college-mathematics,5.0,0.038461538461538464
3380,992,hellaswag,0.3125,hellaswag,310,0.3125,arc-challenge,119.0,0.11995967741935484,mmlu-high-school-psychology,59.0,0.059475806451612906,mmlu-high-school-physics,36.0,0.036290322580645164,mmlu-high-school-statistics,35.0,0.03528225806451613
3381,6559,grade-school-math,0.9086751029120292,grade-school-math,5960,0.9086751029120292,hellaswag,223.0,0.03399908522640646,mmlu-professional-law,140.0,0.021344717182497332,winogrande,100.0,0.015246226558926665,mmlu-elementary-mathematics,34.0,0.0051837170300350665
3382,10,consensus_summary,0.5,consensus_summary,5,0.5,mmlu-high-school-us-history,3.0,0.3,mmlu-professional-law,1.0,0.1,mmlu-professional-medicine,1.0,0.1,,,
3383,2223,hellaswag,0.29104813315339634,hellaswag,647,0.29104813315339634,mmlu-moral-scenarios,517.0,0.23256860098965362,bias_detection,140.0,0.06297795771479982,mmlu-security-studies,90.0,0.04048582995951417,mmlu-professional-law,78.0,0.03508771929824561
3384,1,mbpp,1.0,mbpp,1,1.0,,,,,,,,,,,,
3386,6676,grade-school-math,0.8927501497902935,grade-school-math,5960,0.8927501497902935,hellaswag,266.0,0.03984421809466747,mmlu-elementary-mathematics,109.0,0.016327142001198322,winogrande,57.0,0.0085380467345716,mmlu-high-school-mathematics,46.0,0.00689035350509287
3387,1,consensus_summary,1.0,consensus_summary,1,1.0,,,,,,,,,,,,
3388,3,hellaswag,0.6666666666666666,hellaswag,2,0.6666666666666666,mmlu-professional-law,1.0,0.3333333333333333,,,,,,,,,
3389,1857,hellaswag,0.9413031771674745,hellaswag,1748,0.9413031771674745,mmlu-professional-law,38.0,0.02046311254711901,mmlu-moral-scenarios,34.0,0.01830910070005385,mmlu-professional-medicine,8.0,0.004308023694130318,mmlu-clinical-knowledge,4.0,0.002154011847065159
3390,312,arc-challenge,0.15064102564102563,arc-challenge,47,0.15064102564102563,mmlu-miscellaneous,25.0,0.08012820512820513,mmlu-prehistory,22.0,0.07051282051282051,mmlu-high-school-us-history,21.0,0.0673076923076923,mmlu-high-school-european-history,17.0,0.05448717948717949
3392,23,winogrande,0.5217391304347826,winogrande,12,0.5217391304347826,hellaswag,7.0,0.30434782608695654,mmlu-professional-law,2.0,0.08695652173913043,mbpp,1.0,0.043478260869565216,mmlu-electrical-engineering,1.0,0.043478260869565216
3393,6,consensus_summary,0.5,consensus_summary,3,0.5,mmlu-high-school-us-history,2.0,0.3333333333333333,hellaswag,1.0,0.16666666666666666,,,,,,
3395,2,hellaswag,0.5,hellaswag,1,0.5,mmlu-conceptual-physics,1.0,0.5,,,,,,,,,
3396,7,mmlu-computer-security,0.2857142857142857,mmlu-computer-security,2,0.2857142857142857,mmlu-high-school-computer-science,2.0,0.2857142857142857,mmlu-marketing,2.0,0.2857142857142857,mmlu-college-computer-science,1.0,0.14285714285714285,,,
3398,21,hellaswag,0.5714285714285714,hellaswag,12,0.5714285714285714,mbpp,5.0,0.23809523809523808,mmlu-abstract-algebra,1.0,0.047619047619047616,mmlu-high-school-statistics,1.0,0.047619047619047616,mmlu-professional-law,1.0,0.047619047619047616
3399,149,hellaswag,0.738255033557047,hellaswag,110,0.738255033557047,mmlu-miscellaneous,8.0,0.053691275167785234,arc-challenge,7.0,0.04697986577181208,mmlu-professional-law,5.0,0.03355704697986577,winogrande,5.0,0.03355704697986577
3400,2,hellaswag,1.0,hellaswag,2,1.0,,,,,,,,,,,,
3402,54,hellaswag,0.42592592592592593,hellaswag,23,0.42592592592592593,mmlu-professional-law,15.0,0.2777777777777778,mmlu-human-sexuality,2.0,0.037037037037037035,mmlu-miscellaneous,2.0,0.037037037037037035,mmlu-moral-disputes,2.0,0.037037037037037035
3403,8,consensus_summary,0.375,consensus_summary,3,0.375,mmlu-electrical-engineering,1.0,0.125,mmlu-high-school-psychology,1.0,0.125,mmlu-moral-disputes,1.0,0.125,mmlu-professional-law,1.0,0.125
3404,19,arc-challenge,0.10526315789473684,arc-challenge,2,0.10526315789473684,consensus_summary,2.0,0.10526315789473684,hellaswag,2.0,0.10526315789473684,mbpp,2.0,0.10526315789473684,mmlu-human-aging,2.0,0.10526315789473684
3407,11,hellaswag,0.45454545454545453,hellaswag,5,0.45454545454545453,mbpp,1.0,0.09090909090909091,mmlu-machine-learning,1.0,0.09090909090909091,mmlu-marketing,1.0,0.09090909090909091,mmlu-miscellaneous,1.0,0.09090909090909091
3410,21,consensus_summary,0.2857142857142857,consensus_summary,6,0.2857142857142857,mbpp,5.0,0.23809523809523808,hellaswag,4.0,0.19047619047619047,mmlu-high-school-mathematics,3.0,0.14285714285714285,mmlu-college-biology,1.0,0.047619047619047616
3411,600,hellaswag,0.22833333333333333,hellaswag,137,0.22833333333333333,mbpp,119.0,0.19833333333333333,consensus_summary,67.0,0.11166666666666666,mmlu-professional-law,67.0,0.11166666666666666,arc-challenge,28.0,0.04666666666666667
3412,25,hellaswag,0.48,hellaswag,12,0.48,mmlu-high-school-us-history,6.0,0.24,mmlu-econometrics,2.0,0.08,mmlu-computer-security,1.0,0.04,mmlu-high-school-biology,1.0,0.04
3413,7,hellaswag,0.5714285714285714,hellaswag,4,0.5714285714285714,mmlu-high-school-microeconomics,2.0,0.2857142857142857,mmlu-computer-security,1.0,0.14285714285714285,,,,,,
3414,3,consensus_summary,1.0,consensus_summary,3,1.0,,,,,,,,,,,,
3415,1,mmlu-econometrics,1.0,mmlu-econometrics,1,1.0,,,,,,,,,,,,
3416,1,hellaswag,1.0,hellaswag,1,1.0,,,,,,,,,,,,
3417,4,hellaswag,0.75,hellaswag,3,0.75,mmlu-college-chemistry,1.0,0.25,,,,,,,,,
3419,110,mmlu-professional-medicine,0.20909090909090908,mmlu-professional-medicine,23,0.20909090909090908,hellaswag,15.0,0.13636363636363635,mmlu-professional-law,13.0,0.11818181818181818,mmlu-professional-accounting,9.0,0.08181818181818182,mmlu-professional-psychology,9.0,0.08181818181818182
3421,35,hellaswag,0.9142857142857143,hellaswag,32,0.9142857142857143,mmlu-electrical-engineering,1.0,0.02857142857142857,mmlu-high-school-mathematics,1.0,0.02857142857142857,winogrande,1.0,0.02857142857142857,,,
3423,983,hellaswag,0.12614445574771108,hellaswag,124,0.12614445574771108,arc-challenge,112.0,0.11393692777212615,mmlu-high-school-biology,80.0,0.08138351983723296,mmlu-clinical-knowledge,73.0,0.07426246185147507,mmlu-nutrition,69.0,0.07019328585961343
3424,2378,hellaswag,0.31833473507148863,hellaswag,757,0.31833473507148863,arc-challenge,289.0,0.12153069806560135,mmlu-elementary-mathematics,92.0,0.03868797308662742,mmlu-professional-law,87.0,0.036585365853658534,mmlu-high-school-macroeconomics,86.0,0.03616484440706476
3425,274,hellaswag,0.35766423357664234,hellaswag,98,0.35766423357664234,mbpp,49.0,0.17883211678832117,winogrande,27.0,0.09854014598540146,arc-challenge,26.0,0.0948905109489051,mmlu-miscellaneous,9.0,0.032846715328467155
3428,609,winogrande,0.36617405582922824,winogrande,223,0.36617405582922824,hellaswag,181.0,0.29720853858784896,arc-challenge,33.0,0.054187192118226604,mmlu-nutrition,27.0,0.04433497536945813,mmlu-miscellaneous,23.0,0.03776683087027915
3429,1681,hellaswag,0.6948245092207019,hellaswag,1168,0.6948245092207019,mmlu-miscellaneous,64.0,0.0380725758477097,abstract2title,53.0,0.03152885187388459,arc-challenge,48.0,0.028554431885782272,winogrande,36.0,0.021415823914336704
3430,1,abstract2title,1.0,abstract2title,1,1.0,,,,,,,,,,,,
3431,46,abstract2title,0.5434782608695652,abstract2title,25,0.5434782608695652,hellaswag,8.0,0.17391304347826086,mbpp,2.0,0.043478260869565216,mmlu-high-school-psychology,2.0,0.043478260869565216,mmlu-professional-law,2.0,0.043478260869565216
3432,13,hellaswag,0.3076923076923077,hellaswag,4,0.3076923076923077,arc-challenge,2.0,0.15384615384615385,mmlu-professional-law,2.0,0.15384615384615385,winogrande,2.0,0.15384615384615385,mmlu-miscellaneous,1.0,0.07692307692307693
3434,1,mmlu-prehistory,1.0,mmlu-prehistory,1,1.0,,,,,,,,,,,,
3437,130,winogrande,0.5923076923076923,winogrande,77,0.5923076923076923,mmlu-miscellaneous,11.0,0.08461538461538462,hellaswag,10.0,0.07692307692307693,mmlu-elementary-mathematics,6.0,0.046153846153846156,arc-challenge,5.0,0.038461538461538464
3438,6,hellaswag,0.6666666666666666,hellaswag,4,0.6666666666666666,consensus_summary,2.0,0.3333333333333333,,,,,,,,,
3439,1549,hellaswag,0.3008392511297611,hellaswag,466,0.3008392511297611,winogrande,82.0,0.05293737895416398,mmlu-high-school-mathematics,58.0,0.03744351194318916,mmlu-professional-law,58.0,0.03744351194318916,mmlu-security-studies,54.0,0.03486120077469335
3440,1,mtbench-reference,1.0,mtbench-reference,1,1.0,,,,,,,,,,,,
3441,71,mmlu-clinical-knowledge,0.16901408450704225,mmlu-clinical-knowledge,12,0.16901408450704225,mmlu-miscellaneous,11.0,0.15492957746478872,mmlu-college-medicine,9.0,0.1267605633802817,mmlu-nutrition,5.0,0.07042253521126761,mmlu-security-studies,4.0,0.056338028169014086
3444,3,mmlu-conceptual-physics,0.6666666666666666,mmlu-conceptual-physics,2,0.6666666666666666,consensus_summary,1.0,0.3333333333333333,,,,,,,,,
3445,25,mbpp,0.52,mbpp,13,0.52,hellaswag,9.0,0.36,mmlu-high-school-mathematics,2.0,0.08,mmlu-philosophy,1.0,0.04,,,
3447,1627,hellaswag,0.7418561770129072,hellaswag,1207,0.7418561770129072,mmlu-professional-law,82.0,0.05039950829748002,arc-challenge,39.0,0.023970497848801474,winogrande,36.0,0.022126613398893668,consensus_summary,28.0,0.017209588199139522
3450,46,hellaswag,0.43478260869565216,hellaswag,20,0.43478260869565216,arc-challenge,6.0,0.13043478260869565,mmlu-high-school-world-history,6.0,0.13043478260869565,mmlu-clinical-knowledge,4.0,0.08695652173913043,mmlu-nutrition,2.0,0.043478260869565216
3451,1858,mmlu-moral-scenarios,0.35683530678148545,mmlu-moral-scenarios,663,0.35683530678148545,hellaswag,466.0,0.25080731969860065,mmlu-philosophy,85.0,0.045748116254036596,mmlu-moral-disputes,77.0,0.041442411194833155,winogrande,67.0,0.03606027987082885
3452,29,abstract2title,0.3448275862068966,abstract2title,10,0.3448275862068966,hellaswag,8.0,0.27586206896551724,mmlu-philosophy,3.0,0.10344827586206896,arc-challenge,2.0,0.06896551724137931,mmlu-nutrition,2.0,0.06896551724137931
3454,45,hellaswag,0.4,hellaswag,18,0.4,mmlu-professional-medicine,5.0,0.1111111111111111,mmlu-econometrics,4.0,0.08888888888888889,mbpp,2.0,0.044444444444444446,mmlu-high-school-biology,2.0,0.044444444444444446
3457,5,consensus_summary,1.0,consensus_summary,5,1.0,,,,,,,,,,,,
3458,16,arc-challenge,0.125,arc-challenge,2,0.125,hellaswag,2.0,0.125,mmlu-clinical-knowledge,2.0,0.125,mmlu-high-school-biology,2.0,0.125,consensus_summary,1.0,0.0625
3459,1,mmlu-high-school-us-history,1.0,mmlu-high-school-us-history,1,1.0,,,,,,,,,,,,
3460,27,hellaswag,0.25925925925925924,hellaswag,7,0.25925925925925924,mmlu-high-school-us-history,5.0,0.18518518518518517,mmlu-high-school-european-history,4.0,0.14814814814814814,arc-challenge,2.0,0.07407407407407407,mbpp,2.0,0.07407407407407407
3461,340,hellaswag,0.47058823529411764,hellaswag,160,0.47058823529411764,mmlu-professional-law,17.0,0.05,mmlu-miscellaneous,15.0,0.04411764705882353,mmlu-econometrics,14.0,0.041176470588235294,arc-challenge,8.0,0.023529411764705882
3462,751,hellaswag,0.7177097203728362,hellaswag,539,0.7177097203728362,arc-challenge,46.0,0.06125166444740346,mmlu-high-school-psychology,37.0,0.0492676431424767,mmlu-professional-psychology,22.0,0.02929427430093209,mmlu-conceptual-physics,20.0,0.02663115845539281
3463,5,consensus_summary,1.0,consensus_summary,5,1.0,,,,,,,,,,,,
3464,91,hellaswag,0.5934065934065934,hellaswag,54,0.5934065934065934,mmlu-professional-law,14.0,0.15384615384615385,consensus_summary,7.0,0.07692307692307693,mmlu-professional-psychology,4.0,0.04395604395604396,mmlu-high-school-chemistry,3.0,0.03296703296703297
3466,3,consensus_summary,0.3333333333333333,consensus_summary,1,0.3333333333333333,mmlu-high-school-european-history,1.0,0.3333333333333333,mmlu-professional-law,1.0,0.3333333333333333,,,,,,
3467,49,mmlu-high-school-european-history,0.3469387755102041,mmlu-high-school-european-history,17,0.3469387755102041,abstract2title,13.0,0.2653061224489796,mmlu-high-school-world-history,7.0,0.14285714285714285,mmlu-high-school-us-history,5.0,0.10204081632653061,consensus_summary,3.0,0.061224489795918366
3468,1,mbpp,1.0,mbpp,1,1.0,,,,,,,,,,,,
3469,599,hellaswag,0.6460767946577629,hellaswag,387,0.6460767946577629,abstract2title,49.0,0.08180300500834725,mmlu-professional-law,24.0,0.04006677796327212,mmlu-professional-psychology,15.0,0.025041736227045076,mmlu-professional-medicine,12.0,0.02003338898163606
3472,32,hellaswag,0.25,hellaswag,8,0.25,abstract2title,5.0,0.15625,arc-challenge,5.0,0.15625,mmlu-high-school-european-history,4.0,0.125,mbpp,2.0,0.0625
3473,3,consensus_summary,0.3333333333333333,consensus_summary,1,0.3333333333333333,mmlu-high-school-mathematics,1.0,0.3333333333333333,mmlu-sociology,1.0,0.3333333333333333,,,,,,
3475,767,hellaswag,0.7992177314211213,hellaswag,613,0.7992177314211213,arc-challenge,41.0,0.05345501955671447,Chinese_character_riddles,19.0,0.024771838331160364,bias_detection,19.0,0.024771838331160364,chinese_idioms,9.0,0.011734028683181226
3476,1,mmlu-professional-law,1.0,mmlu-professional-law,1,1.0,,,,,,,,,,,,
3478,1246,hellaswag,0.8908507223113965,hellaswag,1110,0.8908507223113965,mmlu-human-aging,14.0,0.011235955056179775,winogrande,12.0,0.009630818619582664,mmlu-global-facts,10.0,0.008025682182985553,mmlu-miscellaneous,10.0,0.008025682182985553
3479,284,winogrande,0.29225352112676056,winogrande,83,0.29225352112676056,mmlu-marketing,38.0,0.13380281690140844,mmlu-high-school-microeconomics,25.0,0.0880281690140845,hellaswag,21.0,0.07394366197183098,mmlu-high-school-macroeconomics,18.0,0.06338028169014084
3480,143,consensus_summary,0.27972027972027974,consensus_summary,40,0.27972027972027974,hellaswag,21.0,0.14685314685314685,bias_detection,9.0,0.06293706293706294,mmlu-professional-law,9.0,0.06293706293706294,mmlu-high-school-psychology,8.0,0.055944055944055944
3482,12,hellaswag,0.75,hellaswag,9,0.75,consensus_summary,2.0,0.16666666666666666,mbpp,1.0,0.08333333333333333,,,,,,
3483,1864,hellaswag,0.4050429184549356,hellaswag,755,0.4050429184549356,mmlu-professional-law,333.0,0.1786480686695279,winogrande,75.0,0.040236051502145924,arc-challenge,65.0,0.03487124463519313,mmlu-professional-accounting,46.0,0.02467811158798283
3484,2,mmlu-high-school-european-history,1.0,mmlu-high-school-european-history,2,1.0,,,,,,,,,,,,
3486,632,hellaswag,0.5205696202531646,hellaswag,329,0.5205696202531646,winogrande,43.0,0.0680379746835443,arc-challenge,34.0,0.05379746835443038,consensus_summary,34.0,0.05379746835443038,mmlu-professional-law,27.0,0.04272151898734177
3487,17,consensus_summary,0.35294117647058826,consensus_summary,6,0.35294117647058826,hellaswag,5.0,0.29411764705882354,abstract2title,3.0,0.17647058823529413,mmlu-college-chemistry,1.0,0.058823529411764705,mmlu-elementary-mathematics,1.0,0.058823529411764705
3488,1398,hellaswag,0.38912732474964234,hellaswag,544,0.38912732474964234,mmlu-marketing,98.0,0.07010014306151645,winogrande,83.0,0.059370529327610874,mmlu-professional-law,68.0,0.04864091559370529,arc-challenge,57.0,0.0407725321888412
3489,2358,hellaswag,0.1573367260390161,hellaswag,371,0.1573367260390161,mmlu-professional-psychology,134.0,0.056827820186598814,mmlu-professional-law,114.0,0.04834605597964377,mmlu-elementary-mathematics,106.0,0.04495335029686175,mmlu-professional-accounting,101.0,0.04283290924512299
3490,40,consensus_summary,0.375,consensus_summary,15,0.375,hellaswag,9.0,0.225,mmlu-high-school-government-and-politics,2.0,0.05,mmlu-high-school-mathematics,2.0,0.05,mmlu-professional-law,2.0,0.05
3491,198,mmlu-professional-law,0.6262626262626263,mmlu-professional-law,124,0.6262626262626263,hellaswag,16.0,0.08080808080808081,mmlu-professional-accounting,7.0,0.03535353535353535,mmlu-elementary-mathematics,4.0,0.020202020202020204,mmlu-machine-learning,4.0,0.020202020202020204
3492,768,mmlu-professional-psychology,0.1484375,mmlu-professional-psychology,114,0.1484375,mmlu-high-school-statistics,53.0,0.06901041666666667,mmlu-high-school-psychology,47.0,0.061197916666666664,mmlu-high-school-biology,42.0,0.0546875,arc-challenge,40.0,0.052083333333333336
3494,498,hellaswag,0.3232931726907631,hellaswag,161,0.3232931726907631,bias_detection,121.0,0.2429718875502008,mmlu-professional-law,48.0,0.0963855421686747,mmlu-professional-psychology,31.0,0.06224899598393574,mmlu-high-school-psychology,17.0,0.03413654618473896
3495,22,mmlu-high-school-us-history,0.36363636363636365,mmlu-high-school-us-history,8,0.36363636363636365,mmlu-professional-psychology,4.0,0.18181818181818182,mmlu-human-aging,2.0,0.09090909090909091,mmlu-prehistory,2.0,0.09090909090909091,abstract2title,1.0,0.045454545454545456
3496,2620,hellaswag,0.333587786259542,hellaswag,874,0.333587786259542,mmlu-moral-scenarios,663.0,0.25305343511450384,mmlu-professional-psychology,132.0,0.050381679389312976,winogrande,125.0,0.04770992366412214,arc-challenge,122.0,0.046564885496183206
3497,34,abstract2title,0.8823529411764706,abstract2title,30,0.8823529411764706,mmlu-public-relations,2.0,0.058823529411764705,mmlu-miscellaneous,1.0,0.029411764705882353,mmlu-professional-law,1.0,0.029411764705882353,,,
3499,1177,hellaswag,0.19626168224299065,hellaswag,231,0.19626168224299065,mbpp,153.0,0.12999150382327954,arc-challenge,50.0,0.04248088360237893,mmlu-electrical-engineering,46.0,0.03908241291418862,mmlu-elementary-mathematics,41.0,0.034834324553950725
3500,818,hellaswag,0.26894865525672373,hellaswag,220,0.26894865525672373,winogrande,63.0,0.07701711491442542,mmlu-elementary-mathematics,49.0,0.05990220048899755,mmlu-professional-medicine,39.0,0.04767726161369193,arc-challenge,30.0,0.03667481662591687
3501,2885,hellaswag,0.41421143847487,hellaswag,1195,0.41421143847487,arc-challenge,411.0,0.14246100519930677,winogrande,166.0,0.057538994800693244,mmlu-high-school-biology,103.0,0.035701906412478335,mmlu-miscellaneous,95.0,0.03292894280762565
3502,4241,hellaswag,0.1780240509313841,hellaswag,755,0.1780240509313841,arc-challenge,465.0,0.10964395189813723,mmlu-high-school-psychology,250.0,0.058948361235557654,mmlu-high-school-biology,164.0,0.03867012497052582,mmlu-professional-psychology,156.0,0.036783777410987976
3503,756,hellaswag,0.6058201058201058,hellaswag,458,0.6058201058201058,mbpp,58.0,0.07671957671957672,mmlu-professional-law,29.0,0.03835978835978836,mmlu-econometrics,27.0,0.03571428571428571,arc-challenge,18.0,0.023809523809523808
3504,1,mmlu-high-school-european-history,1.0,mmlu-high-school-european-history,1,1.0,,,,,,,,,,,,
3505,2,mbpp,0.5,mbpp,1,0.5,mmlu-miscellaneous,1.0,0.5,,,,,,,,,
3508,76,consensus_summary,0.19736842105263158,consensus_summary,15,0.19736842105263158,hellaswag,14.0,0.18421052631578946,mbpp,8.0,0.10526315789473684,mmlu-high-school-computer-science,5.0,0.06578947368421052,mmlu-high-school-world-history,5.0,0.06578947368421052
3512,1243,hellaswag,0.6041834271922768,hellaswag,751,0.6041834271922768,mmlu-professional-law,47.0,0.03781174577634755,winogrande,39.0,0.031375703942075624,mmlu-professional-psychology,38.0,0.030571198712791632,mmlu-moral-scenarios,29.0,0.02333065164923572
3513,69,hellaswag,0.3333333333333333,hellaswag,23,0.3333333333333333,mmlu-high-school-psychology,10.0,0.14492753623188406,mmlu-professional-law,8.0,0.11594202898550725,mbpp,6.0,0.08695652173913043,mmlu-miscellaneous,4.0,0.057971014492753624
3516,970,hellaswag,0.2752577319587629,hellaswag,267,0.2752577319587629,mmlu-professional-medicine,202.0,0.20824742268041238,mmlu-clinical-knowledge,90.0,0.09278350515463918,mmlu-anatomy,48.0,0.049484536082474224,winogrande,40.0,0.041237113402061855
3517,91,hellaswag,0.9560439560439561,hellaswag,87,0.9560439560439561,mtbench,2.0,0.02197802197802198,accounting_audit,1.0,0.01098901098901099,mmlu-high-school-macroeconomics,1.0,0.01098901098901099,,,
3518,1,abstract2title,1.0,abstract2title,1,1.0,,,,,,,,,,,,
3519,77,hellaswag,0.45454545454545453,hellaswag,35,0.45454545454545453,arc-challenge,4.0,0.05194805194805195,mmlu-high-school-world-history,4.0,0.05194805194805195,mmlu-high-school-mathematics,3.0,0.03896103896103896,mmlu-professional-psychology,3.0,0.03896103896103896
3521,1478,hellaswag,0.8721244925575101,hellaswag,1289,0.8721244925575101,mbpp,77.0,0.052097428958051424,arc-challenge,31.0,0.02097428958051421,winogrande,23.0,0.015561569688768605,mmlu-miscellaneous,9.0,0.006089309878213802
3523,1,mmlu-high-school-world-history,1.0,mmlu-high-school-world-history,1,1.0,,,,,,,,,,,,
3524,3,mbpp,0.3333333333333333,mbpp,1,0.3333333333333333,mmlu-miscellaneous,1.0,0.3333333333333333,mmlu-prehistory,1.0,0.3333333333333333,,,,,,
3525,24,hellaswag,0.5416666666666666,hellaswag,13,0.5416666666666666,mmlu-professional-law,3.0,0.125,mmlu-miscellaneous,2.0,0.08333333333333333,consensus_summary,1.0,0.041666666666666664,mbpp,1.0,0.041666666666666664
3526,2134,mmlu-professional-law,0.38331771321462044,mmlu-professional-law,818,0.38331771321462044,mmlu-moral-scenarios,233.0,0.10918462980318651,hellaswag,145.0,0.06794751640112465,mmlu-professional-accounting,93.0,0.04358013120899719,mmlu-professional-psychology,88.0,0.041237113402061855
3527,1601,hellaswag,0.537788881948782,hellaswag,861,0.537788881948782,arc-challenge,114.0,0.0712054965646471,mmlu-elementary-mathematics,76.0,0.047470331043098064,mmlu-conceptual-physics,56.0,0.03497813866333541,mmlu-high-school-chemistry,49.0,0.030605871330418487
3529,1830,mmlu-moral-scenarios,0.3622950819672131,mmlu-moral-scenarios,663,0.3622950819672131,mmlu-professional-law,479.0,0.2617486338797814,mmlu-philosophy,86.0,0.046994535519125684,mmlu-professional-psychology,86.0,0.046994535519125684,hellaswag,69.0,0.03770491803278689
3530,56,hellaswag,0.21428571428571427,hellaswag,12,0.21428571428571427,mmlu-professional-psychology,7.0,0.125,mmlu-conceptual-physics,5.0,0.08928571428571429,mmlu-high-school-psychology,3.0,0.05357142857142857,mmlu-marketing,3.0,0.05357142857142857
3531,88,hellaswag,0.26136363636363635,hellaswag,23,0.26136363636363635,mmlu-econometrics,11.0,0.125,arc-challenge,7.0,0.07954545454545454,mmlu-high-school-chemistry,7.0,0.07954545454545454,mmlu-high-school-physics,5.0,0.056818181818181816
3532,2,consensus_summary,0.5,consensus_summary,1,0.5,mbpp,1.0,0.5,,,,,,,,,
3533,2060,hellaswag,0.55,hellaswag,1133,0.55,arc-challenge,117.0,0.05679611650485437,winogrande,87.0,0.04223300970873786,mmlu-miscellaneous,83.0,0.04029126213592233,mmlu-professional-law,74.0,0.035922330097087375
3536,1707,hellaswag,0.4446397188049209,hellaswag,759,0.4446397188049209,mmlu-professional-medicine,144.0,0.0843585237258348,winogrande,140.0,0.08201523140011717,mmlu-professional-psychology,68.0,0.03983596953719976,mmlu-professional-law,38.0,0.022261277094317515
3538,51,mmlu-clinical-knowledge,0.17647058823529413,mmlu-clinical-knowledge,9,0.17647058823529413,hellaswag,7.0,0.13725490196078433,arc-challenge,6.0,0.11764705882352941,mmlu-nutrition,5.0,0.09803921568627451,mmlu-high-school-mathematics,3.0,0.058823529411764705
3539,5,hellaswag,0.4,hellaswag,2,0.4,mmlu-high-school-european-history,1.0,0.2,mmlu-high-school-government-and-politics,1.0,0.2,mmlu-professional-law,1.0,0.2,,,
3540,507,hellaswag,0.1203155818540434,hellaswag,61,0.1203155818540434,arc-challenge,53.0,0.10453648915187377,mmlu-miscellaneous,43.0,0.08481262327416174,mmlu-high-school-psychology,32.0,0.0631163708086785,mmlu-logical-fallacies,32.0,0.0631163708086785
3543,32,hellaswag,0.75,hellaswag,24,0.75,mbpp,7.0,0.21875,mmlu-miscellaneous,1.0,0.03125,,,,,,
3544,52,hellaswag,0.3076923076923077,hellaswag,16,0.3076923076923077,consensus_summary,11.0,0.21153846153846154,mmlu-high-school-us-history,7.0,0.1346153846153846,mmlu-high-school-european-history,5.0,0.09615384615384616,mmlu-professional-law,5.0,0.09615384615384616
3545,721,arc-challenge,0.14285714285714285,arc-challenge,103,0.14285714285714285,abstract2title,76.0,0.10540915395284327,mmlu-miscellaneous,57.0,0.07905686546463246,mmlu-high-school-chemistry,43.0,0.059639389736477116,mmlu-high-school-government-and-politics,33.0,0.04576976421636616
3546,89,hellaswag,0.24719101123595505,hellaswag,22,0.24719101123595505,mmlu-virology,17.0,0.19101123595505617,abstract2title,13.0,0.14606741573033707,consensus_summary,7.0,0.07865168539325842,mmlu-econometrics,6.0,0.06741573033707865
3547,260,hellaswag,0.5846153846153846,hellaswag,152,0.5846153846153846,arc-challenge,7.0,0.026923076923076925,mbpp,7.0,0.026923076923076925,mmlu-high-school-world-history,7.0,0.026923076923076925,mmlu-nutrition,7.0,0.026923076923076925
3549,227,hellaswag,0.44493392070484583,hellaswag,101,0.44493392070484583,mmlu-professional-law,44.0,0.19383259911894274,winogrande,13.0,0.05726872246696035,accounting_audit,11.0,0.048458149779735685,mmlu-miscellaneous,11.0,0.048458149779735685
3551,1,hellaswag,1.0,hellaswag,1,1.0,,,,,,,,,,,,
3553,1,mbpp,1.0,mbpp,1,1.0,,,,,,,,,,,,
3555,643,arc-challenge,0.3001555209953344,arc-challenge,193,0.3001555209953344,mmlu-conceptual-physics,69.0,0.10730948678071539,hellaswag,61.0,0.09486780715396578,mmlu-high-school-physics,52.0,0.08087091757387248,mmlu-electrical-engineering,38.0,0.05909797822706065
3556,90,hellaswag,0.2222222222222222,hellaswag,20,0.2222222222222222,mmlu-high-school-statistics,13.0,0.14444444444444443,mmlu-computer-security,8.0,0.08888888888888889,abstract2title,7.0,0.07777777777777778,mmlu-econometrics,6.0,0.06666666666666667
3558,41,mmlu-professional-law,0.2682926829268293,mmlu-professional-law,11,0.2682926829268293,mmlu-elementary-mathematics,4.0,0.0975609756097561,mmlu-us-foreign-policy,4.0,0.0975609756097561,winogrande,4.0,0.0975609756097561,mmlu-miscellaneous,3.0,0.07317073170731707
3559,10,hellaswag,0.3,hellaswag,3,0.3,mbpp,3.0,0.3,mmlu-high-school-european-history,2.0,0.2,chinese_idioms,1.0,0.1,mmlu-high-school-psychology,1.0,0.1
3561,1,mmlu-elementary-mathematics,1.0,mmlu-elementary-mathematics,1,1.0,,,,,,,,,,,,
3562,2,hellaswag,1.0,hellaswag,2,1.0,,,,,,,,,,,,
3563,613,hellaswag,0.47471451876019577,hellaswag,291,0.47471451876019577,mmlu-high-school-government-and-politics,54.0,0.08809135399673736,mmlu-professional-law,43.0,0.0701468189233279,mmlu-high-school-us-history,38.0,0.06199021207177814,mmlu-miscellaneous,26.0,0.04241435562805873
3565,2335,hellaswag,0.5109207708779443,hellaswag,1193,0.5109207708779443,arc-challenge,112.0,0.04796573875802998,winogrande,74.0,0.03169164882226981,mmlu-security-studies,72.0,0.030835117773019272,mmlu-professional-medicine,70.0,0.029978586723768737
3568,1670,mmlu-high-school-macroeconomics,0.16826347305389222,mmlu-high-school-macroeconomics,281,0.16826347305389222,hellaswag,153.0,0.09161676646706587,mmlu-professional-law,150.0,0.08982035928143713,chinese_zodiac,138.0,0.08263473053892216,mmlu-professional-accounting,116.0,0.06946107784431138
3569,1487,hellaswag,0.5978480161398789,hellaswag,889,0.5978480161398789,arc-challenge,68.0,0.04572965702757229,winogrande,53.0,0.03564223268325487,mmlu-miscellaneous,40.0,0.026899798251513115,mmlu-professional-law,36.0,0.0242098184263618
3570,67,hellaswag,0.6716417910447762,hellaswag,45,0.6716417910447762,consensus_summary,5.0,0.07462686567164178,bias_detection,3.0,0.04477611940298507,mmlu-jurisprudence,3.0,0.04477611940298507,mmlu-clinical-knowledge,2.0,0.029850746268656716
3571,775,hellaswag,0.4296774193548387,hellaswag,333,0.4296774193548387,arc-challenge,72.0,0.09290322580645162,mmlu-miscellaneous,34.0,0.04387096774193548,winogrande,31.0,0.04,mbpp,18.0,0.023225806451612905
3572,19,hellaswag,0.15789473684210525,hellaswag,3,0.15789473684210525,arc-challenge,2.0,0.10526315789473684,mmlu-professional-psychology,2.0,0.10526315789473684,mtbench,2.0,0.10526315789473684,mmlu-clinical-knowledge,1.0,0.05263157894736842
3573,4,mmlu-high-school-european-history,1.0,mmlu-high-school-european-history,4,1.0,,,,,,,,,,,,
3574,1651,hellaswag,0.709267110841914,hellaswag,1171,0.709267110841914,winogrande,52.0,0.031496062992125984,mmlu-nutrition,43.0,0.02604482132041187,mmlu-professional-law,39.0,0.023622047244094488,mmlu-clinical-knowledge,30.0,0.018170805572380374
3575,2,consensus_summary,0.5,consensus_summary,1,0.5,hellaswag,1.0,0.5,,,,,,,,,
3576,305,hellaswag,0.2262295081967213,hellaswag,69,0.2262295081967213,mmlu-prehistory,34.0,0.11147540983606558,mmlu-high-school-us-history,26.0,0.08524590163934426,winogrande,26.0,0.08524590163934426,arc-challenge,21.0,0.06885245901639345
3577,7,consensus_summary,1.0,consensus_summary,7,1.0,,,,,,,,,,,,
3578,1384,hellaswag,0.5491329479768786,hellaswag,760,0.5491329479768786,mmlu-professional-law,180.0,0.13005780346820808,arc-challenge,106.0,0.07658959537572255,winogrande,53.0,0.03829479768786127,mmlu-miscellaneous,36.0,0.02601156069364162
3579,12,hellaswag,0.6666666666666666,hellaswag,8,0.6666666666666666,arc-challenge,1.0,0.08333333333333333,mmlu-astronomy,1.0,0.08333333333333333,mmlu-high-school-psychology,1.0,0.08333333333333333,mmlu-miscellaneous,1.0,0.08333333333333333
3580,16,hellaswag,0.75,hellaswag,12,0.75,abstract2title,1.0,0.0625,chinese_poem,1.0,0.0625,mtbench-reference,1.0,0.0625,mtbench,1.0,0.0625
3582,31,hellaswag,0.4838709677419355,hellaswag,15,0.4838709677419355,mbpp,5.0,0.16129032258064516,mmlu-high-school-european-history,3.0,0.0967741935483871,arc-challenge,2.0,0.06451612903225806,consensus_summary,1.0,0.03225806451612903
3584,139,consensus_summary,0.2446043165467626,consensus_summary,34,0.2446043165467626,arc-challenge,22.0,0.15827338129496402,hellaswag,19.0,0.1366906474820144,mmlu-high-school-statistics,8.0,0.05755395683453238,mmlu-econometrics,7.0,0.050359712230215826
3585,896,mmlu-professional-law,0.10491071428571429,mmlu-professional-law,94,0.10491071428571429,hellaswag,60.0,0.06696428571428571,mmlu-professional-accounting,56.0,0.0625,mmlu-high-school-macroeconomics,44.0,0.049107142857142856,arc-challenge,43.0,0.04799107142857143
3587,44,hellaswag,0.36363636363636365,hellaswag,16,0.36363636363636365,winogrande,14.0,0.3181818181818182,mmlu-high-school-psychology,3.0,0.06818181818181818,mmlu-miscellaneous,3.0,0.06818181818181818,Chinese_character_riddles,1.0,0.022727272727272728
3588,2585,hellaswag,0.3226305609284333,hellaswag,834,0.3226305609284333,arc-challenge,405.0,0.15667311411992263,mmlu-high-school-psychology,185.0,0.07156673114119923,mmlu-professional-psychology,168.0,0.06499032882011606,winogrande,166.0,0.06421663442940038
3589,719,mmlu-moral-scenarios,0.9193324061196105,mmlu-moral-scenarios,661,0.9193324061196105,mmlu-philosophy,14.0,0.019471488178025034,mmlu-moral-disputes,9.0,0.012517385257301807,mmlu-miscellaneous,6.0,0.008344923504867872,mmlu-world-religions,5.0,0.006954102920723227
3590,178,mmlu-high-school-world-history,0.29775280898876405,mmlu-high-school-world-history,53,0.29775280898876405,mmlu-high-school-european-history,34.0,0.19101123595505617,mmlu-high-school-us-history,28.0,0.15730337078651685,mmlu-prehistory,17.0,0.09550561797752809,mmlu-professional-law,13.0,0.07303370786516854
3591,1,mmlu-moral-disputes,1.0,mmlu-moral-disputes,1,1.0,,,,,,,,,,,,
3592,3,abstract2title,1.0,abstract2title,3,1.0,,,,,,,,,,,,
3593,865,hellaswag,0.5815028901734104,hellaswag,503,0.5815028901734104,mmlu-marketing,53.0,0.06127167630057803,consensus_summary,38.0,0.04393063583815029,mmlu-high-school-microeconomics,33.0,0.03815028901734104,arc-challenge,31.0,0.035838150289017344
3594,2,hellaswag,0.5,hellaswag,1,0.5,mmlu-sociology,1.0,0.5,,,,,,,,,
3595,41,mmlu-professional-law,0.2926829268292683,mmlu-professional-law,12,0.2926829268292683,abstract2title,6.0,0.14634146341463414,consensus_summary,6.0,0.14634146341463414,hellaswag,6.0,0.14634146341463414,mmlu-high-school-us-history,4.0,0.0975609756097561
3596,6,hellaswag,0.6666666666666666,hellaswag,4,0.6666666666666666,consensus_summary,1.0,0.16666666666666666,mmlu-machine-learning,1.0,0.16666666666666666,,,,,,
3597,12,mmlu-college-physics,0.3333333333333333,mmlu-college-physics,4,0.3333333333333333,mmlu-high-school-physics,2.0,0.16666666666666666,arc-challenge,1.0,0.08333333333333333,hellaswag,1.0,0.08333333333333333,mbpp,1.0,0.08333333333333333
3598,1543,hellaswag,0.6694750486066104,hellaswag,1033,0.6694750486066104,arc-challenge,121.0,0.07841866493843162,mbpp,67.0,0.04342190537913156,winogrande,53.0,0.034348671419313026,mmlu-miscellaneous,47.0,0.0304601425793908
3599,5,mmlu-high-school-mathematics,0.4,mmlu-high-school-mathematics,2,0.4,consensus_summary,1.0,0.2,mmlu-elementary-mathematics,1.0,0.2,mmlu-high-school-statistics,1.0,0.2,,,
3600,9134,grade-school-math,0.6525071162688855,grade-school-math,5960,0.6525071162688855,hellaswag,795.0,0.08703744252244362,winogrande,359.0,0.03930370045982045,arc-challenge,305.0,0.03339172323188089,mmlu-elementary-mathematics,271.0,0.02966936719947449
3601,2398,mmlu-moral-scenarios,0.25604670558799,mmlu-moral-scenarios,614,0.25604670558799,hellaswag,480.0,0.20016680567139283,mmlu-professional-law,196.0,0.0817347789824854,mmlu-philosophy,109.0,0.045454545454545456,mmlu-moral-disputes,100.0,0.041701417848206836
3603,2196,hellaswag,0.3738615664845173,hellaswag,821,0.3738615664845173,arc-challenge,168.0,0.07650273224043716,mmlu-professional-psychology,134.0,0.0610200364298725,winogrande,74.0,0.033697632058287796,mmlu-nutrition,72.0,0.03278688524590164
3604,939,hellaswag,0.2523961661341853,hellaswag,237,0.2523961661341853,mmlu-philosophy,83.0,0.08839190628328009,abstract2title,64.0,0.06815761448349308,mmlu-world-religions,55.0,0.058572949946751864,mmlu-professional-law,42.0,0.04472843450479233
3605,1493,hellaswag,0.348292029470864,hellaswag,520,0.348292029470864,arc-challenge,177.0,0.11855324849296718,mmlu-moral-scenarios,97.0,0.06496985934360348,mmlu-high-school-macroeconomics,76.0,0.050904219691895514,winogrande,68.0,0.04554588077695914
3606,1787,hellaswag,0.599888080581981,hellaswag,1072,0.599888080581981,arc-challenge,81.0,0.045327364297705654,winogrande,68.0,0.038052602126468944,mmlu-high-school-chemistry,33.0,0.01846670397313934,mmlu-high-school-macroeconomics,32.0,0.01790710688304421
3607,747,hellaswag,0.4564926372155288,hellaswag,341,0.4564926372155288,mmlu-miscellaneous,46.0,0.06157965194109773,winogrande,40.0,0.0535475234270415,mmlu-professional-psychology,20.0,0.02677376171352075,mmlu-elementary-mathematics,19.0,0.025435073627844713
3608,392,hellaswag,0.8826530612244898,hellaswag,346,0.8826530612244898,winogrande,10.0,0.025510204081632654,abstract2title,6.0,0.015306122448979591,mmlu-miscellaneous,6.0,0.015306122448979591,mmlu-high-school-psychology,5.0,0.012755102040816327
3609,812,hellaswag,0.8300492610837439,hellaswag,674,0.8300492610837439,mmlu-virology,17.0,0.020935960591133004,consensus_summary,16.0,0.019704433497536946,winogrande,14.0,0.017241379310344827,arc-challenge,12.0,0.014778325123152709
3610,449,hellaswag,0.2650334075723831,hellaswag,119,0.2650334075723831,mmlu-professional-law,101.0,0.22494432071269488,arc-challenge,30.0,0.066815144766147,mmlu-miscellaneous,19.0,0.042316258351893093,mmlu-professional-psychology,16.0,0.035634743875278395
3612,11,mmlu-high-school-world-history,1.0,mmlu-high-school-world-history,11,1.0,,,,,,,,,,,,
3613,303,chinese_zodiac,0.9372937293729373,chinese_zodiac,284,0.9372937293729373,hellaswag,4.0,0.013201320132013201,arc-challenge,3.0,0.009900990099009901,mmlu-high-school-world-history,3.0,0.009900990099009901,mmlu-miscellaneous,3.0,0.009900990099009901
3614,18,abstract2title,0.3888888888888889,abstract2title,7,0.3888888888888889,mmlu-high-school-world-history,6.0,0.3333333333333333,mmlu-high-school-us-history,3.0,0.16666666666666666,arc-challenge,1.0,0.05555555555555555,mmlu-prehistory,1.0,0.05555555555555555
3615,54,consensus_summary,0.5,consensus_summary,27,0.5,hellaswag,9.0,0.16666666666666666,mmlu-astronomy,4.0,0.07407407407407407,mmlu-nutrition,3.0,0.05555555555555555,abstract2title,2.0,0.037037037037037035
3618,2,arc-challenge,0.5,arc-challenge,1,0.5,mmlu-prehistory,1.0,0.5,,,,,,,,,
3620,16,consensus_summary,0.5625,consensus_summary,9,0.5625,abstract2title,3.0,0.1875,mmlu-miscellaneous,3.0,0.1875,hellaswag,1.0,0.0625,,,
3621,75,hellaswag,0.4666666666666667,hellaswag,35,0.4666666666666667,consensus_summary,5.0,0.06666666666666667,mmlu-high-school-macroeconomics,5.0,0.06666666666666667,mmlu-human-aging,4.0,0.05333333333333334,mmlu-marketing,3.0,0.04
3622,2158,hellaswag,0.3873957367933272,hellaswag,836,0.3873957367933272,winogrande,486.0,0.22520852641334568,arc-challenge,96.0,0.04448563484708063,mmlu-security-studies,69.0,0.0319740500463392,mmlu-miscellaneous,65.0,0.030120481927710843
3623,4923,hellaswag,0.16250253910217347,hellaswag,800,0.16250253910217347,arc-challenge,389.0,0.07901685963843184,mmlu-professional-psychology,384.0,0.07800121876904327,mmlu-high-school-psychology,362.0,0.07353239894373349,mmlu-professional-law,205.0,0.041641275644931953
3624,538,chinese_zodiac,0.3940520446096654,chinese_zodiac,212,0.3940520446096654,winogrande,141.0,0.2620817843866171,hellaswag,136.0,0.2527881040892193,mmlu-miscellaneous,16.0,0.02973977695167286,arc-challenge,7.0,0.013011152416356878
3625,1,abstract2title,1.0,abstract2title,1,1.0,,,,,,,,,,,,
3626,690,hellaswag,0.8,hellaswag,552,0.8,winogrande,65.0,0.09420289855072464,mmlu-professional-law,32.0,0.0463768115942029,mmlu-moral-scenarios,7.0,0.010144927536231883,mmlu-high-school-european-history,5.0,0.007246376811594203
3627,1,hellaswag,1.0,hellaswag,1,1.0,,,,,,,,,,,,
3628,746,hellaswag,0.4316353887399464,hellaswag,322,0.4316353887399464,mmlu-high-school-psychology,52.0,0.06970509383378017,mmlu-professional-psychology,51.0,0.06836461126005362,mmlu-professional-accounting,50.0,0.06702412868632708,mmlu-professional-medicine,36.0,0.04825737265415549
3629,4,hellaswag,0.75,hellaswag,3,0.75,mtbench-reference,1.0,0.25,,,,,,,,,
3630,21,abstract2title,0.2857142857142857,abstract2title,6,0.2857142857142857,mbpp,4.0,0.19047619047619047,mmlu-philosophy,2.0,0.09523809523809523,mmlu-public-relations,2.0,0.09523809523809523,hellaswag,1.0,0.047619047619047616
3631,1,mmlu-computer-security,1.0,mmlu-computer-security,1,1.0,,,,,,,,,,,,
3632,23,mmlu-global-facts,0.21739130434782608,mmlu-global-facts,5,0.21739130434782608,mmlu-high-school-statistics,3.0,0.13043478260869565,mmlu-elementary-mathematics,2.0,0.08695652173913043,mmlu-high-school-computer-science,2.0,0.08695652173913043,mmlu-professional-medicine,2.0,0.08695652173913043
3634,314,mmlu-professional-accounting,0.08917197452229299,mmlu-professional-accounting,28,0.08917197452229299,mmlu-high-school-macroeconomics,27.0,0.08598726114649681,mmlu-econometrics,20.0,0.06369426751592357,mmlu-high-school-microeconomics,20.0,0.06369426751592357,arc-challenge,19.0,0.06050955414012739
3635,869,hellaswag,0.14039125431530494,hellaswag,122,0.14039125431530494,mmlu-high-school-government-and-politics,76.0,0.08745684695051784,mmlu-miscellaneous,72.0,0.08285385500575373,mmlu-professional-law,69.0,0.07940161104718067,arc-challenge,45.0,0.05178365937859609
3636,1,abstract2title,1.0,abstract2title,1,1.0,,,,,,,,,,,,
3637,165,hellaswag,0.6606060606060606,hellaswag,109,0.6606060606060606,winogrande,14.0,0.08484848484848485,arc-challenge,7.0,0.04242424242424243,mbpp,5.0,0.030303030303030304,mmlu-professional-law,4.0,0.024242424242424242
3638,2186,hellaswag,0.5420860018298261,hellaswag,1185,0.5420860018298261,mmlu-professional-law,182.0,0.08325709057639524,arc-challenge,125.0,0.05718206770356816,mmlu-miscellaneous,74.0,0.03385178408051235,winogrande,64.0,0.0292772186642269
3639,147,hellaswag,0.21768707482993196,hellaswag,32,0.21768707482993196,consensus_summary,13.0,0.08843537414965986,mmlu-world-religions,12.0,0.08163265306122448,mmlu-high-school-mathematics,8.0,0.05442176870748299,mmlu-nutrition,8.0,0.05442176870748299
3641,6,hellaswag,0.5,hellaswag,3,0.5,arc-challenge,1.0,0.16666666666666666,mbpp,1.0,0.16666666666666666,mmlu-marketing,1.0,0.16666666666666666,,,
3644,180,mmlu-human-sexuality,0.08888888888888889,mmlu-human-sexuality,16,0.08888888888888889,arc-challenge,12.0,0.06666666666666667,mmlu-high-school-us-history,12.0,0.06666666666666667,mmlu-high-school-biology,10.0,0.05555555555555555,mmlu-high-school-world-history,10.0,0.05555555555555555
3645,19,hellaswag,0.5789473684210527,hellaswag,11,0.5789473684210527,abstract2title,2.0,0.10526315789473684,consensus_summary,2.0,0.10526315789473684,mmlu-high-school-mathematics,2.0,0.10526315789473684,mmlu-professional-accounting,1.0,0.05263157894736842
3647,5,hellaswag,0.2,hellaswag,1,0.2,mmlu-management,1.0,0.2,mmlu-philosophy,1.0,0.2,mmlu-professional-psychology,1.0,0.2,mmlu-world-religions,1.0,0.2
3648,7,mmlu-high-school-world-history,0.5714285714285714,mmlu-high-school-world-history,4,0.5714285714285714,mmlu-high-school-computer-science,2.0,0.2857142857142857,mmlu-computer-security,1.0,0.14285714285714285,,,,,,
3650,24,abstract2title,0.2916666666666667,abstract2title,7,0.2916666666666667,hellaswag,6.0,0.25,winogrande,3.0,0.125,mmlu-high-school-european-history,2.0,0.08333333333333333,mmlu-high-school-us-history,2.0,0.08333333333333333
3652,20,hellaswag,0.8,hellaswag,16,0.8,consensus_summary,2.0,0.1,abstract2title,1.0,0.05,mmlu-high-school-psychology,1.0,0.05,,,
3653,254,hellaswag,0.22440944881889763,hellaswag,57,0.22440944881889763,arc-challenge,15.0,0.05905511811023622,mmlu-college-physics,13.0,0.051181102362204724,mbpp,11.0,0.04330708661417323,mmlu-conceptual-physics,9.0,0.03543307086614173
3654,1047,winogrande,0.3390639923591213,winogrande,355,0.3390639923591213,mmlu-moral-scenarios,279.0,0.2664756446991404,hellaswag,51.0,0.04871060171919771,mmlu-miscellaneous,44.0,0.04202483285577841,mmlu-high-school-psychology,32.0,0.030563514804202482
3656,16,abstract2title,0.625,abstract2title,10,0.625,hellaswag,4.0,0.25,mmlu-moral-disputes,1.0,0.0625,mmlu-philosophy,1.0,0.0625,,,
3658,705,winogrande,0.4921985815602837,winogrande,347,0.4921985815602837,hellaswag,194.0,0.275177304964539,mmlu-human-sexuality,22.0,0.031205673758865248,mmlu-miscellaneous,18.0,0.02553191489361702,mmlu-moral-disputes,15.0,0.02127659574468085
3661,303,abstract2title,0.49174917491749176,abstract2title,149,0.49174917491749176,hellaswag,44.0,0.14521452145214522,consensus_summary,42.0,0.13861386138613863,mmlu-world-religions,14.0,0.0462046204620462,mmlu-high-school-european-history,10.0,0.033003300330033
3662,90,hellaswag,0.5111111111111111,hellaswag,46,0.5111111111111111,consensus_summary,9.0,0.1,arc-challenge,4.0,0.044444444444444446,mmlu-anatomy,4.0,0.044444444444444446,mmlu-college-physics,4.0,0.044444444444444446
3664,4,mmlu-elementary-mathematics,0.5,mmlu-elementary-mathematics,2,0.5,mmlu-college-mathematics,1.0,0.25,mmlu-high-school-mathematics,1.0,0.25,,,,,,
3667,9,winogrande,0.4444444444444444,winogrande,4,0.4444444444444444,hellaswag,1.0,0.1111111111111111,mmlu-college-medicine,1.0,0.1111111111111111,mmlu-high-school-government-and-politics,1.0,0.1111111111111111,mmlu-professional-law,1.0,0.1111111111111111
3668,446,hellaswag,0.5089686098654709,hellaswag,227,0.5089686098654709,mmlu-professional-medicine,40.0,0.08968609865470852,winogrande,20.0,0.04484304932735426,arc-challenge,18.0,0.04035874439461883,mmlu-anatomy,17.0,0.03811659192825112
3669,12,hellaswag,0.25,hellaswag,3,0.25,mbpp,3.0,0.25,mmlu-econometrics,2.0,0.16666666666666666,mmlu-machine-learning,2.0,0.16666666666666666,mmlu-high-school-computer-science,1.0,0.08333333333333333
3670,738,hellaswag,0.516260162601626,hellaswag,381,0.516260162601626,arc-challenge,101.0,0.13685636856368563,mmlu-high-school-chemistry,42.0,0.056910569105691054,mmlu-professional-law,19.0,0.025745257452574527,mmlu-miscellaneous,18.0,0.024390243902439025
3672,403,arc-challenge,0.10669975186104218,arc-challenge,43,0.10669975186104218,hellaswag,37.0,0.09181141439205956,winogrande,34.0,0.08436724565756824,mmlu-miscellaneous,27.0,0.06699751861042183,consensus_summary,21.0,0.052109181141439205
3674,20,mmlu-high-school-world-history,0.25,mmlu-high-school-world-history,5,0.25,hellaswag,4.0,0.2,mmlu-professional-law,3.0,0.15,consensus_summary,2.0,0.1,mmlu-high-school-mathematics,2.0,0.1
3675,45,hellaswag,0.28888888888888886,hellaswag,13,0.28888888888888886,mmlu-high-school-us-history,7.0,0.15555555555555556,consensus_summary,4.0,0.08888888888888889,mmlu-philosophy,4.0,0.08888888888888889,mmlu-high-school-world-history,3.0,0.06666666666666667
3677,387,hellaswag,0.5400516795865633,hellaswag,209,0.5400516795865633,arc-challenge,29.0,0.07493540051679587,mmlu-econometrics,17.0,0.04392764857881137,mmlu-professional-psychology,13.0,0.03359173126614987,mmlu-high-school-statistics,12.0,0.031007751937984496
3678,6,mmlu-elementary-mathematics,0.3333333333333333,mmlu-elementary-mathematics,2,0.3333333333333333,hellaswag,1.0,0.16666666666666666,mbpp,1.0,0.16666666666666666,mmlu-college-mathematics,1.0,0.16666666666666666,mmlu-electrical-engineering,1.0,0.16666666666666666
3679,340,mmlu-high-school-psychology,0.17647058823529413,mmlu-high-school-psychology,60,0.17647058823529413,mmlu-professional-psychology,46.0,0.13529411764705881,hellaswag,35.0,0.10294117647058823,mmlu-philosophy,29.0,0.08529411764705883,mmlu-human-aging,21.0,0.061764705882352944
3681,35,hellaswag,0.5714285714285714,hellaswag,20,0.5714285714285714,mmlu-elementary-mathematics,3.0,0.08571428571428572,winogrande,3.0,0.08571428571428572,abstract2title,1.0,0.02857142857142857,arc-challenge,1.0,0.02857142857142857
3682,38,hellaswag,0.4473684210526316,hellaswag,17,0.4473684210526316,mmlu-miscellaneous,6.0,0.15789473684210525,mmlu-high-school-mathematics,4.0,0.10526315789473684,abstract2title,3.0,0.07894736842105263,mmlu-college-physics,2.0,0.05263157894736842
3684,316,hellaswag,0.4778481012658228,hellaswag,151,0.4778481012658228,mbpp,50.0,0.15822784810126583,mmlu-high-school-world-history,30.0,0.0949367088607595,mmlu-professional-psychology,13.0,0.04113924050632911,mmlu-professional-law,8.0,0.02531645569620253
3685,118,chinese_zodiac,0.8220338983050848,chinese_zodiac,97,0.8220338983050848,hellaswag,4.0,0.03389830508474576,mmlu-elementary-mathematics,3.0,0.025423728813559324,mmlu-high-school-world-history,3.0,0.025423728813559324,arc-challenge,2.0,0.01694915254237288
3686,25,mmlu-elementary-mathematics,0.28,mmlu-elementary-mathematics,7,0.28,mmlu-high-school-mathematics,5.0,0.2,mmlu-miscellaneous,4.0,0.16,winogrande,4.0,0.16,hellaswag,1.0,0.04
3687,2107,mmlu-professional-law,0.4698623635500712,mmlu-professional-law,990,0.4698623635500712,hellaswag,581.0,0.2757475083056478,mmlu-moral-scenarios,209.0,0.09919316563834836,mmlu-professional-medicine,51.0,0.02420503084954912,mmlu-professional-psychology,44.0,0.0208827717133365
3688,393,hellaswag,0.5318066157760815,hellaswag,209,0.5318066157760815,consensus_summary,44.0,0.11195928753180662,arc-challenge,16.0,0.04071246819338423,mmlu-professional-medicine,15.0,0.03816793893129771,mmlu-human-sexuality,12.0,0.030534351145038167
3691,24,mmlu-professional-psychology,0.3333333333333333,mmlu-professional-psychology,8,0.3333333333333333,mmlu-high-school-psychology,6.0,0.25,consensus_summary,3.0,0.125,mmlu-high-school-us-history,3.0,0.125,hellaswag,2.0,0.08333333333333333
3692,1237,hellaswag,0.5448666127728375,hellaswag,674,0.5448666127728375,arc-challenge,222.0,0.17946645109135004,winogrande,38.0,0.030719482619240096,mmlu-high-school-chemistry,31.0,0.025060630557801132,mmlu-high-school-statistics,23.0,0.018593371059013743
3694,1660,mmlu-professional-law,0.5204819277108433,mmlu-professional-law,864,0.5204819277108433,hellaswag,88.0,0.05301204819277108,mmlu-high-school-us-history,67.0,0.04036144578313253,mmlu-high-school-world-history,60.0,0.03614457831325301,mmlu-high-school-european-history,53.0,0.031927710843373494
3695,4,hellaswag,0.25,hellaswag,1,0.25,mmlu-professional-law,1.0,0.25,mmlu-professional-medicine,1.0,0.25,mmlu-professional-psychology,1.0,0.25,,,
3696,17,consensus_summary,0.29411764705882354,consensus_summary,5,0.29411764705882354,mmlu-high-school-biology,3.0,0.17647058823529413,mmlu-high-school-geography,2.0,0.11764705882352941,mmlu-human-sexuality,2.0,0.11764705882352941,arc-challenge,1.0,0.058823529411764705
3697,2622,hellaswag,0.2944317315026697,hellaswag,772,0.2944317315026697,arc-challenge,245.0,0.09344012204424104,consensus_summary,134.0,0.05110602593440122,mbpp,106.0,0.04042715484363082,mmlu-clinical-knowledge,99.0,0.03775743707093822
3699,419,hellaswag,0.6921241050119332,hellaswag,290,0.6921241050119332,mmlu-elementary-mathematics,18.0,0.04295942720763723,mmlu-professional-law,18.0,0.04295942720763723,arc-challenge,12.0,0.028639618138424822,winogrande,11.0,0.026252983293556086
3700,187,hellaswag,0.5989304812834224,hellaswag,112,0.5989304812834224,mmlu-prehistory,11.0,0.058823529411764705,mmlu-miscellaneous,8.0,0.0427807486631016,mmlu-world-religions,8.0,0.0427807486631016,arc-challenge,7.0,0.0374331550802139
3701,322,hellaswag,0.2608695652173913,hellaswag,84,0.2608695652173913,mmlu-professional-psychology,33.0,0.10248447204968944,mmlu-high-school-psychology,32.0,0.09937888198757763,arc-challenge,30.0,0.09316770186335403,mmlu-professional-medicine,15.0,0.046583850931677016
3702,6,mmlu-high-school-us-history,0.5,mmlu-high-school-us-history,3,0.5,hellaswag,2.0,0.3333333333333333,mmlu-high-school-mathematics,1.0,0.16666666666666666,,,,,,
3703,26,mmlu-high-school-microeconomics,0.2692307692307692,mmlu-high-school-microeconomics,7,0.2692307692307692,mmlu-marketing,7.0,0.2692307692307692,mmlu-high-school-macroeconomics,6.0,0.23076923076923078,mmlu-miscellaneous,2.0,0.07692307692307693,mmlu-professional-accounting,2.0,0.07692307692307693
3704,1167,hellaswag,0.6358183376178235,hellaswag,742,0.6358183376178235,mmlu-professional-law,77.0,0.06598114824335904,mmlu-professional-accounting,47.0,0.04027420736932305,arc-challenge,35.0,0.029991431019708654,winogrande,26.0,0.022279348757497857
3705,1,consensus_summary,1.0,consensus_summary,1,1.0,,,,,,,,,,,,
3706,3,mbpp,0.6666666666666666,mbpp,2,0.6666666666666666,mmlu-miscellaneous,1.0,0.3333333333333333,,,,,,,,,
3707,768,mmlu-moral-scenarios,0.25,mmlu-moral-scenarios,192,0.25,hellaswag,98.0,0.12760416666666666,mmlu-philosophy,75.0,0.09765625,mmlu-professional-law,64.0,0.08333333333333333,arc-challenge,62.0,0.08072916666666667
3708,31,winogrande,0.3225806451612903,winogrande,10,0.3225806451612903,hellaswag,5.0,0.16129032258064516,mmlu-machine-learning,5.0,0.16129032258064516,arc-challenge,4.0,0.12903225806451613,mmlu-human-sexuality,2.0,0.06451612903225806
3709,782,hellaswag,0.22506393861892582,hellaswag,176,0.22506393861892582,consensus_summary,73.0,0.09335038363171355,winogrande,67.0,0.08567774936061381,mmlu-professional-medicine,66.0,0.08439897698209718,arc-challenge,36.0,0.04603580562659847
3710,2,hellaswag,0.5,hellaswag,1,0.5,mmlu-professional-law,1.0,0.5,,,,,,,,,
3711,147,abstract2title,0.3673469387755102,abstract2title,54,0.3673469387755102,chinese_zodiac,39.0,0.2653061224489796,mmlu-high-school-world-history,13.0,0.08843537414965986,mmlu-world-religions,7.0,0.047619047619047616,chinese_shi_jing,5.0,0.034013605442176874
3712,1564,hellaswag,0.19117647058823528,hellaswag,299,0.19117647058823528,mmlu-professional-law,137.0,0.08759590792838874,arc-challenge,121.0,0.07736572890025575,mmlu-prehistory,110.0,0.07033248081841433,mmlu-high-school-world-history,100.0,0.0639386189258312
3713,2,hellaswag,0.5,hellaswag,1,0.5,mbpp,1.0,0.5,,,,,,,,,
3720,60,hellaswag,0.16666666666666666,hellaswag,10,0.16666666666666666,mmlu-professional-medicine,9.0,0.15,mmlu-prehistory,7.0,0.11666666666666667,mmlu-high-school-us-history,6.0,0.1,chinese_famous_novel,5.0,0.08333333333333333
3721,1180,winogrande,0.2576271186440678,winogrande,304,0.2576271186440678,chinese_zodiac,284.0,0.24067796610169492,hellaswag,182.0,0.15423728813559323,mmlu-high-school-psychology,48.0,0.04067796610169491,mbpp,40.0,0.03389830508474576
3723,1438,arc-challenge,0.12308762169680111,arc-challenge,177,0.12308762169680111,hellaswag,125.0,0.08692628650904033,winogrande,79.0,0.05493741307371349,mmlu-conceptual-physics,76.0,0.05285118219749652,mmlu-elementary-mathematics,64.0,0.04450625869262865
3724,16,consensus_summary,0.125,consensus_summary,2,0.125,mmlu-moral-disputes,2.0,0.125,mmlu-philosophy,2.0,0.125,arc-challenge,1.0,0.0625,hellaswag,1.0,0.0625
3725,450,hellaswag,0.24666666666666667,hellaswag,111,0.24666666666666667,mmlu-professional-law,59.0,0.13111111111111112,consensus_summary,36.0,0.08,mmlu-high-school-psychology,24.0,0.05333333333333334,mmlu-professional-psychology,22.0,0.04888888888888889
3728,4,mmlu-professional-law,1.0,mmlu-professional-law,4,1.0,,,,,,,,,,,,
3730,90,hellaswag,0.34444444444444444,hellaswag,31,0.34444444444444444,mmlu-professional-law,14.0,0.15555555555555556,mbpp,12.0,0.13333333333333333,mmlu-high-school-mathematics,8.0,0.08888888888888889,mmlu-elementary-mathematics,5.0,0.05555555555555555
3731,23,winogrande,0.6521739130434783,winogrande,15,0.6521739130434783,abstract2title,1.0,0.043478260869565216,arc-challenge,1.0,0.043478260869565216,hellaswag,1.0,0.043478260869565216,mmlu-conceptual-physics,1.0,0.043478260869565216
3732,3,hellaswag,0.6666666666666666,hellaswag,2,0.6666666666666666,bias_detection,1.0,0.3333333333333333,,,,,,,,,
3733,1461,hellaswag,0.972621492128679,hellaswag,1421,0.972621492128679,mmlu-professional-law,21.0,0.014373716632443531,arc-challenge,2.0,0.0013689253935660506,mmlu-college-computer-science,2.0,0.0013689253935660506,mmlu-computer-security,2.0,0.0013689253935660506
3734,535,hellaswag,0.35887850467289717,hellaswag,192,0.35887850467289717,arc-challenge,59.0,0.1102803738317757,consensus_summary,22.0,0.041121495327102804,mbpp,20.0,0.037383177570093455,winogrande,18.0,0.03364485981308411
3735,2751,hellaswag,0.2173754998182479,hellaswag,598,0.2173754998182479,winogrande,210.0,0.07633587786259542,mmlu-high-school-psychology,141.0,0.05125408942202835,bias_detection,140.0,0.05089058524173028,mmlu-professional-psychology,125.0,0.045438022537259176
3736,93,hellaswag,0.1935483870967742,hellaswag,18,0.1935483870967742,mmlu-conceptual-physics,10.0,0.10752688172043011,mmlu-miscellaneous,8.0,0.08602150537634409,mmlu-high-school-physics,7.0,0.07526881720430108,mmlu-anatomy,6.0,0.06451612903225806
3738,2,mmlu-elementary-mathematics,0.5,mmlu-elementary-mathematics,1,0.5,mmlu-moral-disputes,1.0,0.5,,,,,,,,,
3741,52,hellaswag,0.19230769230769232,hellaswag,10,0.19230769230769232,mmlu-elementary-mathematics,5.0,0.09615384615384616,mmlu-professional-accounting,5.0,0.09615384615384616,mmlu-high-school-physics,4.0,0.07692307692307693,mmlu-high-school-psychology,4.0,0.07692307692307693
3742,3,hellaswag,0.3333333333333333,hellaswag,1,0.3333333333333333,mmlu-high-school-geography,1.0,0.3333333333333333,mmlu-international-law,1.0,0.3333333333333333,,,,,,
3743,2,hellaswag,1.0,hellaswag,2,1.0,,,,,,,,,,,,
3745,1882,hellaswag,0.5308182784272051,hellaswag,999,0.5308182784272051,mmlu-moral-scenarios,639.0,0.33953241232731135,mmlu-professional-law,41.0,0.021785334750265676,arc-challenge,38.0,0.020191285866099893,mmlu-miscellaneous,31.0,0.01647183846971307
3746,1559,hellaswag,0.6440025657472739,hellaswag,1004,0.6440025657472739,mmlu-high-school-mathematics,37.0,0.023733162283515075,mmlu-miscellaneous,33.0,0.021167415009621552,arc-challenge,29.0,0.01860166773572803,winogrande,29.0,0.01860166773572803
3747,530,hellaswag,0.15849056603773584,hellaswag,84,0.15849056603773584,mmlu-professional-law,54.0,0.1018867924528302,mmlu-moral-disputes,44.0,0.0830188679245283,mmlu-philosophy,27.0,0.0509433962264151,mmlu-high-school-world-history,18.0,0.033962264150943396
3748,2963,hellaswag,0.12014849814377321,hellaswag,356,0.12014849814377321,winogrande,240.0,0.08099898751265609,mmlu-philosophy,205.0,0.06918663516706042,mmlu-miscellaneous,167.0,0.05636179547755653,mmlu-professional-law,167.0,0.05636179547755653
3749,5,hellaswag,0.6,hellaswag,3,0.6,mmlu-clinical-knowledge,1.0,0.2,mmlu-world-religions,1.0,0.2,,,,,,
3750,64,hellaswag,0.421875,hellaswag,27,0.421875,consensus_summary,15.0,0.234375,mmlu-high-school-psychology,3.0,0.046875,mmlu-high-school-world-history,3.0,0.046875,mbpp,2.0,0.03125
3751,83,mmlu-sociology,0.12048192771084337,mmlu-sociology,10,0.12048192771084337,hellaswag,7.0,0.08433734939759036,mmlu-high-school-microeconomics,7.0,0.08433734939759036,mmlu-professional-accounting,7.0,0.08433734939759036,arc-challenge,6.0,0.07228915662650602
3752,1740,hellaswag,0.5057471264367817,hellaswag,880,0.5057471264367817,arc-challenge,235.0,0.13505747126436782,mmlu-moral-scenarios,213.0,0.12241379310344827,mmlu-high-school-biology,37.0,0.021264367816091954,winogrande,35.0,0.020114942528735632
3753,295,hellaswag,0.3220338983050847,hellaswag,95,0.3220338983050847,arc-challenge,47.0,0.15932203389830507,winogrande,26.0,0.08813559322033898,consensus_summary,13.0,0.04406779661016949,mmlu-astronomy,12.0,0.04067796610169491
3754,12,hellaswag,0.3333333333333333,hellaswag,4,0.3333333333333333,mmlu-professional-law,2.0,0.16666666666666666,mmlu-high-school-computer-science,1.0,0.08333333333333333,mmlu-high-school-psychology,1.0,0.08333333333333333,mmlu-human-sexuality,1.0,0.08333333333333333
3755,9,hellaswag,0.4444444444444444,hellaswag,4,0.4444444444444444,mmlu-professional-psychology,3.0,0.3333333333333333,mmlu-econometrics,1.0,0.1111111111111111,mmlu-philosophy,1.0,0.1111111111111111,,,
3756,1466,arc-challenge,0.12824010914051842,arc-challenge,188,0.12824010914051842,mmlu-security-studies,135.0,0.09208731241473397,mmlu-high-school-geography,101.0,0.0688949522510232,hellaswag,83.0,0.056616643929058665,mmlu-high-school-macroeconomics,81.0,0.05525238744884038
3757,1,abstract2title,1.0,abstract2title,1,1.0,,,,,,,,,,,,
3759,259,hellaswag,0.32432432432432434,hellaswag,84,0.32432432432432434,mmlu-high-school-psychology,19.0,0.07335907335907337,mmlu-miscellaneous,16.0,0.06177606177606178,mmlu-professional-law,15.0,0.05791505791505792,winogrande,10.0,0.03861003861003861
3761,87,mmlu-moral-scenarios,0.5862068965517241,mmlu-moral-scenarios,51,0.5862068965517241,hellaswag,19.0,0.21839080459770116,mmlu-conceptual-physics,3.0,0.034482758620689655,mmlu-high-school-geography,3.0,0.034482758620689655,mmlu-high-school-psychology,3.0,0.034482758620689655
3762,7,hellaswag,0.42857142857142855,hellaswag,3,0.42857142857142855,mmlu-prehistory,2.0,0.2857142857142857,consensus_summary,1.0,0.14285714285714285,mmlu-high-school-geography,1.0,0.14285714285714285,,,
3763,12,mmlu-high-school-world-history,0.6666666666666666,mmlu-high-school-world-history,8,0.6666666666666666,consensus_summary,3.0,0.25,hellaswag,1.0,0.08333333333333333,,,,,,
3764,1928,mmlu-professional-law,0.4533195020746888,mmlu-professional-law,874,0.4533195020746888,mmlu-professional-accounting,174.0,0.09024896265560166,mmlu-high-school-microeconomics,118.0,0.061203319502074686,hellaswag,100.0,0.05186721991701245,mmlu-marketing,91.0,0.04719917012448133
3765,582,hellaswag,0.6701030927835051,hellaswag,390,0.6701030927835051,mbpp,56.0,0.09621993127147767,consensus_summary,33.0,0.05670103092783505,abstract2title,13.0,0.022336769759450172,arc-challenge,11.0,0.018900343642611683
3766,7,mmlu-miscellaneous,0.2857142857142857,mmlu-miscellaneous,2,0.2857142857142857,mmlu-prehistory,2.0,0.2857142857142857,mmlu-international-law,1.0,0.14285714285714285,mmlu-management,1.0,0.14285714285714285,mmlu-public-relations,1.0,0.14285714285714285
3767,1,hellaswag,1.0,hellaswag,1,1.0,,,,,,,,,,,,
3768,2009,hellaswag,0.1483325037332006,hellaswag,298,0.1483325037332006,mmlu-high-school-psychology,285.0,0.14186162269785962,arc-challenge,218.0,0.10851169736187158,mmlu-professional-psychology,216.0,0.10751617720258835,winogrande,89.0,0.04430064708810354
3769,33,hellaswag,0.5454545454545454,hellaswag,18,0.5454545454545454,chinese_modern_poem_identification,6.0,0.18181818181818182,chinese_song_ci,3.0,0.09090909090909091,chinese_tang_poetries,2.0,0.06060606060606061,mmlu-high-school-physics,2.0,0.06060606060606061
3771,24,mmlu-astronomy,0.125,mmlu-astronomy,3,0.125,mmlu-machine-learning,3.0,0.125,mmlu-miscellaneous,3.0,0.125,mbpp,2.0,0.08333333333333333,mmlu-college-biology,2.0,0.08333333333333333
3772,1,arc-challenge,1.0,arc-challenge,1,1.0,,,,,,,,,,,,
3774,1635,hellaswag,0.6611620795107034,hellaswag,1081,0.6611620795107034,arc-challenge,42.0,0.025688073394495414,consensus_summary,41.0,0.02507645259938838,mmlu-security-studies,38.0,0.023241590214067277,mmlu-miscellaneous,37.0,0.022629969418960245
3775,6,consensus_summary,1.0,consensus_summary,6,1.0,,,,,,,,,,,,
3777,70,hellaswag,0.3142857142857143,hellaswag,22,0.3142857142857143,winogrande,12.0,0.17142857142857143,mmlu-high-school-chemistry,9.0,0.12857142857142856,consensus_summary,8.0,0.11428571428571428,mmlu-high-school-us-history,4.0,0.05714285714285714
3779,6,chinese_hard_translations,0.16666666666666666,chinese_hard_translations,1,0.16666666666666666,chinese_modern_poem_identification,1.0,0.16666666666666666,hellaswag,1.0,0.16666666666666666,mbpp,1.0,0.16666666666666666,mmlu-computer-security,1.0,0.16666666666666666
3780,106,mmlu-professional-accounting,0.29245283018867924,mmlu-professional-accounting,31,0.29245283018867924,hellaswag,20.0,0.18867924528301888,mmlu-econometrics,9.0,0.08490566037735849,mmlu-formal-logic,8.0,0.07547169811320754,mmlu-marketing,6.0,0.05660377358490566
3782,417,winogrande,0.23980815347721823,winogrande,100,0.23980815347721823,mmlu-high-school-microeconomics,41.0,0.09832134292565947,mmlu-philosophy,36.0,0.08633093525179857,arc-challenge,25.0,0.05995203836930456,mmlu-professional-psychology,25.0,0.05995203836930456
3783,2,mmlu-high-school-world-history,1.0,mmlu-high-school-world-history,2,1.0,,,,,,,,,,,,
3784,95,hellaswag,0.3473684210526316,hellaswag,33,0.3473684210526316,mmlu-professional-law,9.0,0.09473684210526316,consensus_summary,7.0,0.07368421052631578,mbpp,5.0,0.05263157894736842,mmlu-high-school-physics,5.0,0.05263157894736842
3785,38,mmlu-professional-law,0.13157894736842105,mmlu-professional-law,5,0.13157894736842105,mmlu-professional-medicine,5.0,0.13157894736842105,mmlu-high-school-world-history,4.0,0.10526315789473684,mmlu-clinical-knowledge,3.0,0.07894736842105263,mmlu-conceptual-physics,3.0,0.07894736842105263
3786,228,hellaswag,0.5263157894736842,hellaswag,120,0.5263157894736842,mmlu-machine-learning,16.0,0.07017543859649122,mbpp,11.0,0.04824561403508772,mmlu-professional-law,10.0,0.043859649122807015,consensus_summary,6.0,0.02631578947368421
3789,10,consensus_summary,0.8,consensus_summary,8,0.8,mmlu-professional-law,2.0,0.2,,,,,,,,,
3791,814,hellaswag,0.40294840294840295,hellaswag,328,0.40294840294840295,mmlu-professional-law,118.0,0.14496314496314497,mmlu-professional-accounting,98.0,0.12039312039312039,arc-challenge,32.0,0.03931203931203931,mmlu-high-school-macroeconomics,28.0,0.0343980343980344
3794,2,consensus_summary,0.5,consensus_summary,1,0.5,mmlu-high-school-world-history,1.0,0.5,,,,,,,,,
3795,47,mmlu-moral-disputes,0.10638297872340426,mmlu-moral-disputes,5,0.10638297872340426,hellaswag,4.0,0.0851063829787234,mmlu-virology,4.0,0.0851063829787234,mmlu-logical-fallacies,3.0,0.06382978723404255,mmlu-philosophy,3.0,0.06382978723404255
3796,27,abstract2title,0.4074074074074074,abstract2title,11,0.4074074074074074,mmlu-elementary-mathematics,4.0,0.14814814814814814,mmlu-machine-learning,3.0,0.1111111111111111,hellaswag,2.0,0.07407407407407407,mmlu-high-school-mathematics,2.0,0.07407407407407407
3799,138,mbpp,0.644927536231884,mbpp,89,0.644927536231884,hellaswag,24.0,0.17391304347826086,mmlu-professional-law,7.0,0.050724637681159424,consensus_summary,3.0,0.021739130434782608,mmlu-high-school-government-and-politics,3.0,0.021739130434782608
3803,1,mbpp,1.0,mbpp,1,1.0,,,,,,,,,,,,
3804,1538,hellaswag,0.5611183355006502,hellaswag,863,0.5611183355006502,mmlu-professional-psychology,137.0,0.08907672301690507,arc-challenge,72.0,0.04681404421326398,mmlu-high-school-psychology,67.0,0.043563068920676205,consensus_summary,41.0,0.026657997399219768
3805,47,hellaswag,0.2553191489361702,hellaswag,12,0.2553191489361702,mmlu-elementary-mathematics,7.0,0.14893617021276595,mmlu-high-school-geography,5.0,0.10638297872340426,mmlu-marketing,5.0,0.10638297872340426,mmlu-miscellaneous,4.0,0.0851063829787234
3807,493,hellaswag,0.6470588235294118,hellaswag,319,0.6470588235294118,arc-challenge,24.0,0.0486815415821501,mmlu-clinical-knowledge,22.0,0.04462474645030426,winogrande,15.0,0.030425963488843813,mmlu-miscellaneous,11.0,0.02231237322515213
3809,6,hellaswag,0.8333333333333334,hellaswag,5,0.8333333333333334,mmlu-professional-law,1.0,0.16666666666666666,,,,,,,,,
3810,276,hellaswag,0.7427536231884058,hellaswag,205,0.7427536231884058,bias_detection,20.0,0.07246376811594203,arc-challenge,7.0,0.025362318840579712,mmlu-professional-law,6.0,0.021739130434782608,mmlu-virology,6.0,0.021739130434782608
3811,9,hellaswag,0.6666666666666666,hellaswag,6,0.6666666666666666,mmlu-high-school-chemistry,1.0,0.1111111111111111,mmlu-high-school-geography,1.0,0.1111111111111111,mmlu-nutrition,1.0,0.1111111111111111,,,
3813,1,hellaswag,1.0,hellaswag,1,1.0,,,,,,,,,,,,
3814,6299,grade-school-math,0.9461819336402604,grade-school-math,5960,0.9461819336402604,mmlu-elementary-mathematics,92.0,0.01460549293538657,mmlu-high-school-mathematics,47.0,0.007461501825686617,arc-challenge,25.0,0.003968883949833307,hellaswag,18.0,0.002857596443879981
3815,1,mmlu-high-school-mathematics,1.0,mmlu-high-school-mathematics,1,1.0,,,,,,,,,,,,
3816,40,hellaswag,0.65,hellaswag,26,0.65,consensus_summary,5.0,0.125,mbpp,3.0,0.075,Chinese_character_riddles,1.0,0.025,abstract2title,1.0,0.025
3818,25,mmlu-miscellaneous,0.28,mmlu-miscellaneous,7,0.28,abstract2title,4.0,0.16,hellaswag,4.0,0.16,mmlu-professional-law,3.0,0.12,mmlu-world-religions,2.0,0.08
3819,3582,hellaswag,0.2925739810161921,hellaswag,1048,0.2925739810161921,arc-challenge,296.0,0.0826353992183138,mmlu-high-school-macroeconomics,272.0,0.07593523171412618,mmlu-professional-psychology,167.0,0.04662199888330541,mmlu-high-school-microeconomics,165.0,0.046063651591289785
3820,570,hellaswag,0.1736842105263158,hellaswag,99,0.1736842105263158,mmlu-high-school-world-history,96.0,0.16842105263157894,mmlu-prehistory,45.0,0.07894736842105263,mmlu-high-school-european-history,42.0,0.07368421052631578,mmlu-high-school-us-history,41.0,0.07192982456140351
3822,58,hellaswag,0.3620689655172414,hellaswag,21,0.3620689655172414,mbpp,16.0,0.27586206896551724,consensus_summary,15.0,0.25862068965517243,arc-challenge,1.0,0.017241379310344827,mmlu-high-school-biology,1.0,0.017241379310344827
3823,508,chinese_zodiac,0.5590551181102362,chinese_zodiac,284,0.5590551181102362,hellaswag,67.0,0.13188976377952755,arc-challenge,17.0,0.03346456692913386,chinese_tang_poetries,16.0,0.031496062992125984,chinese_ancient_masterpieces_dynasty,11.0,0.021653543307086614
3824,3,consensus_summary,0.6666666666666666,consensus_summary,2,0.6666666666666666,hellaswag,1.0,0.3333333333333333,,,,,,,,,
3826,480,mmlu-moral-scenarios,0.5375,mmlu-moral-scenarios,258,0.5375,bias_detection,55.0,0.11458333333333333,arc-challenge,31.0,0.06458333333333334,mmlu-professional-psychology,23.0,0.04791666666666667,mmlu-machine-learning,19.0,0.03958333333333333
3828,1,mmlu-high-school-biology,1.0,mmlu-high-school-biology,1,1.0,,,,,,,,,,,,
3829,60,hellaswag,0.7,hellaswag,42,0.7,consensus_summary,7.0,0.11666666666666667,mmlu-professional-medicine,7.0,0.11666666666666667,mmlu-clinical-knowledge,2.0,0.03333333333333333,arc-challenge,1.0,0.016666666666666666
3830,223,hellaswag,0.3632286995515695,hellaswag,81,0.3632286995515695,consensus_summary,61.0,0.273542600896861,mmlu-high-school-world-history,17.0,0.07623318385650224,mmlu-nutrition,15.0,0.06726457399103139,mmlu-human-aging,6.0,0.026905829596412557
3831,703,chinese_zodiac,0.4039829302987198,chinese_zodiac,284,0.4039829302987198,hellaswag,39.0,0.05547652916073969,mmlu-world-religions,36.0,0.051209103840682786,mmlu-miscellaneous,32.0,0.04551920341394026,arc-challenge,26.0,0.03698435277382646
3833,6,mtbench,0.3333333333333333,mtbench,2,0.3333333333333333,arc-challenge,1.0,0.16666666666666666,hellaswag,1.0,0.16666666666666666,mmlu-professional-law,1.0,0.16666666666666666,winogrande,1.0,0.16666666666666666
3834,1520,arc-challenge,0.11118421052631579,arc-challenge,169,0.11118421052631579,hellaswag,155.0,0.10197368421052631,mmlu-miscellaneous,100.0,0.06578947368421052,winogrande,89.0,0.05855263157894737,mmlu-security-studies,88.0,0.05789473684210526
3835,460,arc-challenge,0.1782608695652174,arc-challenge,82,0.1782608695652174,hellaswag,80.0,0.17391304347826086,mmlu-high-school-biology,50.0,0.10869565217391304,mmlu-college-medicine,45.0,0.09782608695652174,mmlu-clinical-knowledge,39.0,0.08478260869565217
3836,1,consensus_summary,1.0,consensus_summary,1,1.0,,,,,,,,,,,,
3838,40,hellaswag,0.8,hellaswag,32,0.8,mmlu-high-school-us-history,3.0,0.075,mmlu-high-school-world-history,2.0,0.05,consensus_summary,1.0,0.025,mmlu-human-sexuality,1.0,0.025
3839,13,hellaswag,0.46153846153846156,hellaswag,6,0.46153846153846156,abstract2title,5.0,0.38461538461538464,consensus_summary,1.0,0.07692307692307693,mmlu-econometrics,1.0,0.07692307692307693,,,
3840,20,hellaswag,0.9,hellaswag,18,0.9,mmlu-conceptual-physics,1.0,0.05,mmlu-professional-psychology,1.0,0.05,,,,,,
3842,1,abstract2title,1.0,abstract2title,1,1.0,,,,,,,,,,,,
3844,107,hellaswag,0.45794392523364486,hellaswag,49,0.45794392523364486,consensus_summary,9.0,0.08411214953271028,mmlu-professional-law,9.0,0.08411214953271028,winogrande,9.0,0.08411214953271028,mmlu-logical-fallacies,8.0,0.07476635514018691
3845,43,abstract2title,0.3023255813953488,abstract2title,13,0.3023255813953488,mmlu-professional-medicine,6.0,0.13953488372093023,consensus_summary,3.0,0.06976744186046512,hellaswag,3.0,0.06976744186046512,winogrande,3.0,0.06976744186046512
3846,577,hellaswag,0.2634315424610052,hellaswag,152,0.2634315424610052,winogrande,61.0,0.10571923743500866,mmlu-professional-psychology,56.0,0.09705372616984402,arc-challenge,25.0,0.043327556325823226,mmlu-professional-law,22.0,0.038128249566724434
3847,590,mmlu-professional-accounting,0.25084745762711863,mmlu-professional-accounting,148,0.25084745762711863,mmlu-elementary-mathematics,50.0,0.0847457627118644,mmlu-high-school-statistics,48.0,0.08135593220338982,mmlu-high-school-macroeconomics,34.0,0.0576271186440678,mmlu-public-relations,31.0,0.05254237288135593
3850,1279,hellaswag,0.6903831118060985,hellaswag,883,0.6903831118060985,consensus_summary,74.0,0.05785770132916341,mmlu-professional-law,27.0,0.02111024237685692,mmlu-professional-psychology,25.0,0.019546520719311962,mmlu-virology,24.0,0.018764659890539485
3851,478,hellaswag,0.7238493723849372,hellaswag,346,0.7238493723849372,arc-challenge,13.0,0.027196652719665274,mbpp,13.0,0.027196652719665274,mmlu-professional-law,12.0,0.02510460251046025,mmlu-machine-learning,11.0,0.02301255230125523
3854,1981,mmlu-moral-scenarios,0.3346794548207976,mmlu-moral-scenarios,663,0.3346794548207976,mmlu-high-school-psychology,98.0,0.04946996466431095,hellaswag,93.0,0.046945986875315496,mmlu-philosophy,90.0,0.04543160020191822,mmlu-high-school-biology,88.0,0.04442200908632004
3855,80,mmlu-professional-psychology,0.35,mmlu-professional-psychology,28,0.35,mmlu-high-school-psychology,23.0,0.2875,mmlu-human-aging,7.0,0.0875,mmlu-prehistory,3.0,0.0375,arc-challenge,2.0,0.025
3856,302,hellaswag,0.15894039735099338,hellaswag,48,0.15894039735099338,mbpp,43.0,0.1423841059602649,abstract2title,32.0,0.10596026490066225,mmlu-astronomy,14.0,0.046357615894039736,mmlu-elementary-mathematics,13.0,0.04304635761589404
3857,2,hellaswag,1.0,hellaswag,2,1.0,,,,,,,,,,,,
3858,18,mmlu-miscellaneous,0.2222222222222222,mmlu-miscellaneous,4,0.2222222222222222,mbpp,3.0,0.16666666666666666,winogrande,3.0,0.16666666666666666,mmlu-econometrics,1.0,0.05555555555555555,mmlu-high-school-geography,1.0,0.05555555555555555
3859,6,consensus_summary,1.0,consensus_summary,6,1.0,,,,,,,,,,,,
3860,1,consensus_summary,1.0,consensus_summary,1,1.0,,,,,,,,,,,,
3862,1545,mmlu-moral-scenarios,0.42135922330097086,mmlu-moral-scenarios,651,0.42135922330097086,chinese_zodiac,282.0,0.1825242718446602,hellaswag,97.0,0.0627831715210356,mmlu-professional-psychology,49.0,0.03171521035598705,winogrande,44.0,0.0284789644012945
3863,24,hellaswag,0.2916666666666667,hellaswag,7,0.2916666666666667,mmlu-high-school-world-history,7.0,0.2916666666666667,mbpp,5.0,0.20833333333333334,abstract2title,1.0,0.041666666666666664,arc-challenge,1.0,0.041666666666666664
3865,122,mbpp,0.1721311475409836,mbpp,21,0.1721311475409836,mmlu-high-school-mathematics,17.0,0.13934426229508196,hellaswag,16.0,0.13114754098360656,mmlu-elementary-mathematics,11.0,0.09016393442622951,mmlu-miscellaneous,9.0,0.07377049180327869
3866,126,hellaswag,0.5396825396825397,hellaswag,68,0.5396825396825397,winogrande,12.0,0.09523809523809523,mmlu-marketing,6.0,0.047619047619047616,mmlu-miscellaneous,6.0,0.047619047619047616,arc-challenge,5.0,0.03968253968253968
3869,20,hellaswag,0.65,hellaswag,13,0.65,abstract2title,4.0,0.2,consensus_summary,1.0,0.05,mmlu-high-school-macroeconomics,1.0,0.05,mmlu-professional-medicine,1.0,0.05
3870,779,mmlu-moral-scenarios,0.7252888318356868,mmlu-moral-scenarios,565,0.7252888318356868,winogrande,59.0,0.07573812580231065,mmlu-moral-disputes,23.0,0.029525032092426188,mmlu-philosophy,22.0,0.028241335044929396,mmlu-high-school-psychology,16.0,0.02053915275994865
3871,142,bias_detection,0.5140845070422535,bias_detection,73,0.5140845070422535,hellaswag,11.0,0.07746478873239436,mmlu-professional-psychology,8.0,0.056338028169014086,mmlu-high-school-us-history,6.0,0.04225352112676056,mmlu-high-school-psychology,5.0,0.035211267605633804
3872,5961,grade-school-math,0.999832242912263,grade-school-math,5960,0.999832242912263,hellaswag,1.0,0.00016775708773695687,,,,,,,,,
3873,1,hellaswag,1.0,hellaswag,1,1.0,,,,,,,,,,,,
3874,1780,hellaswag,0.38370786516853933,hellaswag,683,0.38370786516853933,winogrande,153.0,0.08595505617977528,mmlu-professional-law,94.0,0.052808988764044947,mmlu-miscellaneous,70.0,0.03932584269662921,arc-challenge,66.0,0.03707865168539326
3875,2,hellaswag,0.5,hellaswag,1,0.5,mbpp,1.0,0.5,,,,,,,,,
3876,7,hellaswag,0.5714285714285714,hellaswag,4,0.5714285714285714,mmlu-abstract-algebra,2.0,0.2857142857142857,abstract2title,1.0,0.14285714285714285,,,,,,
3877,273,hellaswag,0.1575091575091575,hellaswag,43,0.1575091575091575,mmlu-professional-law,32.0,0.11721611721611722,arc-challenge,28.0,0.10256410256410256,mmlu-clinical-knowledge,14.0,0.05128205128205128,mmlu-high-school-psychology,12.0,0.04395604395604396
3879,1768,hellaswag,0.9638009049773756,hellaswag,1704,0.9638009049773756,arc-challenge,11.0,0.006221719457013574,winogrande,9.0,0.005090497737556561,mmlu-professional-law,6.0,0.003393665158371041,mmlu-high-school-world-history,5.0,0.002828054298642534
3880,1265,hellaswag,0.9391304347826087,hellaswag,1188,0.9391304347826087,arc-challenge,19.0,0.015019762845849802,winogrande,12.0,0.009486166007905139,mmlu-high-school-psychology,10.0,0.007905138339920948,mmlu-miscellaneous,6.0,0.0047430830039525695
3881,564,hellaswag,0.526595744680851,hellaswag,297,0.526595744680851,arc-challenge,53.0,0.09397163120567376,mmlu-conceptual-physics,16.0,0.028368794326241134,mmlu-miscellaneous,16.0,0.028368794326241134,mmlu-electrical-engineering,15.0,0.026595744680851064
3882,1,mmlu-professional-law,1.0,mmlu-professional-law,1,1.0,,,,,,,,,,,,
3884,1126,hellaswag,0.7744227353463587,hellaswag,872,0.7744227353463587,consensus_summary,27.0,0.023978685612788632,mmlu-professional-psychology,20.0,0.017761989342806393,winogrande,20.0,0.017761989342806393,mmlu-clinical-knowledge,18.0,0.015985790408525755
3886,444,hellaswag,0.6036036036036037,hellaswag,268,0.6036036036036037,mmlu-high-school-world-history,35.0,0.07882882882882883,winogrande,26.0,0.05855855855855856,mmlu-miscellaneous,18.0,0.04054054054054054,mmlu-prehistory,10.0,0.02252252252252252
3888,5,consensus_summary,0.4,consensus_summary,2,0.4,hellaswag,2.0,0.4,mmlu-professional-law,1.0,0.2,,,,,,
3889,1,winogrande,1.0,winogrande,1,1.0,,,,,,,,,,,,
3892,23,mmlu-miscellaneous,0.17391304347826086,mmlu-miscellaneous,4,0.17391304347826086,winogrande,3.0,0.13043478260869565,chinese_tang_poetries,2.0,0.08695652173913043,mmlu-high-school-mathematics,2.0,0.08695652173913043,mmlu-high-school-psychology,2.0,0.08695652173913043
3893,205,hellaswag,0.23414634146341465,hellaswag,48,0.23414634146341465,mmlu-miscellaneous,33.0,0.16097560975609757,chinese_tang_poetries,16.0,0.07804878048780488,chinese_hard_translations,11.0,0.05365853658536585,mmlu-high-school-mathematics,8.0,0.03902439024390244
3895,93,arc-challenge,0.20430107526881722,arc-challenge,19,0.20430107526881722,hellaswag,9.0,0.0967741935483871,mmlu-miscellaneous,9.0,0.0967741935483871,mmlu-high-school-psychology,5.0,0.053763440860215055,mmlu-human-sexuality,5.0,0.053763440860215055
3896,29,hellaswag,0.8620689655172413,hellaswag,25,0.8620689655172413,mmlu-philosophy,1.0,0.034482758620689655,mmlu-prehistory,1.0,0.034482758620689655,mmlu-world-religions,1.0,0.034482758620689655,mtbench,1.0,0.034482758620689655
3897,1,mtbench,1.0,mtbench,1,1.0,,,,,,,,,,,,
3899,1323,hellaswag,0.35676492819349964,hellaswag,472,0.35676492819349964,arc-challenge,74.0,0.055933484504913075,mmlu-professional-law,70.0,0.05291005291005291,mmlu-high-school-microeconomics,43.0,0.03250188964474679,mmlu-high-school-macroeconomics,42.0,0.031746031746031744
3900,21,hellaswag,0.47619047619047616,hellaswag,10,0.47619047619047616,mmlu-professional-law,4.0,0.19047619047619047,mmlu-high-school-us-history,3.0,0.14285714285714285,mmlu-high-school-world-history,2.0,0.09523809523809523,arc-challenge,1.0,0.047619047619047616
3901,1,consensus_summary,1.0,consensus_summary,1,1.0,,,,,,,,,,,,
3902,15,bias_detection,1.0,bias_detection,15,1.0,,,,,,,,,,,,
3903,20,arc-challenge,0.2,arc-challenge,4,0.2,hellaswag,4.0,0.2,mbpp,3.0,0.15,consensus_summary,2.0,0.1,mmlu-econometrics,2.0,0.1
3905,1350,hellaswag,0.4888888888888889,hellaswag,660,0.4888888888888889,mmlu-professional-accounting,55.0,0.040740740740740744,mmlu-professional-law,40.0,0.02962962962962963,mmlu-miscellaneous,38.0,0.028148148148148148,arc-challenge,31.0,0.022962962962962963
3906,1,consensus_summary,1.0,consensus_summary,1,1.0,,,,,,,,,,,,
3908,667,hellaswag,0.42278860569715143,hellaswag,282,0.42278860569715143,mmlu-virology,54.0,0.08095952023988005,mmlu-high-school-biology,29.0,0.043478260869565216,mmlu-clinical-knowledge,27.0,0.04047976011994003,mmlu-professional-medicine,23.0,0.034482758620689655
3909,105,mmlu-high-school-geography,0.1619047619047619,mmlu-high-school-geography,17,0.1619047619047619,mmlu-professional-psychology,14.0,0.13333333333333333,hellaswag,9.0,0.08571428571428572,mmlu-high-school-psychology,7.0,0.06666666666666667,mmlu-moral-disputes,6.0,0.05714285714285714
3911,1,mtbench,1.0,mtbench,1,1.0,,,,,,,,,,,,
3912,33,consensus_summary,0.6060606060606061,consensus_summary,20,0.6060606060606061,mmlu-clinical-knowledge,2.0,0.06060606060606061,mmlu-high-school-european-history,2.0,0.06060606060606061,mmlu-human-sexuality,2.0,0.06060606060606061,hellaswag,1.0,0.030303030303030304
3913,67,winogrande,0.19402985074626866,winogrande,13,0.19402985074626866,consensus_summary,11.0,0.16417910447761194,mmlu-professional-law,10.0,0.14925373134328357,mmlu-high-school-world-history,6.0,0.08955223880597014,mmlu-high-school-european-history,5.0,0.07462686567164178
3917,246,mmlu-high-school-microeconomics,0.14227642276422764,mmlu-high-school-microeconomics,35,0.14227642276422764,mmlu-us-foreign-policy,25.0,0.1016260162601626,mmlu-high-school-macroeconomics,23.0,0.09349593495934959,mmlu-high-school-geography,22.0,0.08943089430894309,arc-challenge,13.0,0.052845528455284556
3918,170,hellaswag,0.17058823529411765,hellaswag,29,0.17058823529411765,mmlu-miscellaneous,18.0,0.10588235294117647,mmlu-conceptual-physics,17.0,0.1,mmlu-high-school-psychology,17.0,0.1,arc-challenge,12.0,0.07058823529411765
3919,128,mmlu-miscellaneous,0.203125,mmlu-miscellaneous,26,0.203125,mbpp,13.0,0.1015625,mmlu-prehistory,12.0,0.09375,hellaswag,8.0,0.0625,mmlu-high-school-psychology,8.0,0.0625
3920,410,hellaswag,0.5439024390243903,hellaswag,223,0.5439024390243903,winogrande,25.0,0.06097560975609756,mmlu-professional-law,22.0,0.05365853658536585,arc-challenge,19.0,0.046341463414634146,mmlu-formal-logic,11.0,0.026829268292682926
3921,729,hellaswag,0.345679012345679,hellaswag,252,0.345679012345679,mbpp,81.0,0.1111111111111111,mmlu-high-school-us-history,75.0,0.102880658436214,mmlu-professional-law,52.0,0.07133058984910837,mmlu-high-school-world-history,40.0,0.05486968449931413
3922,676,hellaswag,0.11834319526627218,hellaswag,80,0.11834319526627218,mmlu-world-religions,57.0,0.08431952662721894,mbpp,50.0,0.07396449704142012,mmlu-miscellaneous,36.0,0.05325443786982249,mmlu-nutrition,26.0,0.038461538461538464
3923,144,hellaswag,0.24305555555555555,hellaswag,35,0.24305555555555555,mmlu-professional-law,16.0,0.1111111111111111,mmlu-formal-logic,12.0,0.08333333333333333,mmlu-abstract-algebra,11.0,0.0763888888888889,mmlu-econometrics,5.0,0.034722222222222224
3924,661,hellaswag,0.0907715582450832,hellaswag,60,0.0907715582450832,mmlu-philosophy,55.0,0.0832072617246596,mmlu-moral-disputes,52.0,0.07866868381240545,mmlu-miscellaneous,33.0,0.049924357034795766,mmlu-high-school-psychology,29.0,0.04387291981845688
3927,1,mtbench-reference,1.0,mtbench-reference,1,1.0,,,,,,,,,,,,
3928,518,mbpp,0.43822393822393824,mbpp,227,0.43822393822393824,hellaswag,198.0,0.38223938223938225,abstract2title,12.0,0.023166023166023165,mmlu-high-school-computer-science,10.0,0.019305019305019305,mmlu-professional-law,9.0,0.017374517374517374
3929,2,hellaswag,1.0,hellaswag,2,1.0,,,,,,,,,,,,
3930,3,mmlu-high-school-psychology,0.3333333333333333,mmlu-high-school-psychology,1,0.3333333333333333,mmlu-philosophy,1.0,0.3333333333333333,mmlu-professional-psychology,1.0,0.3333333333333333,,,,,,
3931,2,consensus_summary,0.5,consensus_summary,1,0.5,mmlu-professional-law,1.0,0.5,,,,,,,,,
3934,27,hellaswag,0.5925925925925926,hellaswag,16,0.5925925925925926,mmlu-high-school-world-history,5.0,0.18518518518518517,mmlu-professional-law,2.0,0.07407407407407407,winogrande,2.0,0.07407407407407407,mbpp,1.0,0.037037037037037035
3935,1,winogrande,1.0,winogrande,1,1.0,,,,,,,,,,,,
3936,2,hellaswag,1.0,hellaswag,2,1.0,,,,,,,,,,,,
3937,2004,hellaswag,0.5069860279441117,hellaswag,1016,0.5069860279441117,arc-challenge,104.0,0.05189620758483034,mmlu-professional-law,63.0,0.03143712574850299,winogrande,57.0,0.02844311377245509,mmlu-miscellaneous,50.0,0.0249500998003992
3938,98,mmlu-high-school-macroeconomics,0.25510204081632654,mmlu-high-school-macroeconomics,25,0.25510204081632654,mmlu-high-school-us-history,12.0,0.12244897959183673,mmlu-high-school-world-history,9.0,0.09183673469387756,consensus_summary,8.0,0.08163265306122448,mmlu-conceptual-physics,4.0,0.04081632653061224
3940,71,hellaswag,0.30985915492957744,hellaswag,22,0.30985915492957744,mbpp,15.0,0.2112676056338028,mmlu-elementary-mathematics,4.0,0.056338028169014086,mmlu-college-physics,3.0,0.04225352112676056,mmlu-high-school-computer-science,3.0,0.04225352112676056
3941,5,mmlu-abstract-algebra,0.2,mmlu-abstract-algebra,1,0.2,mmlu-college-mathematics,1.0,0.2,mmlu-elementary-mathematics,1.0,0.2,mmlu-high-school-mathematics,1.0,0.2,mmlu-miscellaneous,1.0,0.2
3942,199,consensus_summary,0.23618090452261306,consensus_summary,47,0.23618090452261306,abstract2title,30.0,0.1507537688442211,hellaswag,30.0,0.1507537688442211,mmlu-high-school-us-history,11.0,0.05527638190954774,mmlu-miscellaneous,11.0,0.05527638190954774
3943,14,hellaswag,0.42857142857142855,hellaswag,6,0.42857142857142855,abstract2title,3.0,0.21428571428571427,consensus_summary,2.0,0.14285714285714285,mmlu-econometrics,1.0,0.07142857142857142,mmlu-high-school-mathematics,1.0,0.07142857142857142
3944,528,hellaswag,0.6571969696969697,hellaswag,347,0.6571969696969697,mbpp,61.0,0.11553030303030302,consensus_summary,27.0,0.05113636363636364,mmlu-high-school-computer-science,11.0,0.020833333333333332,mmlu-elementary-mathematics,9.0,0.017045454545454544
3945,13,hellaswag,0.5384615384615384,hellaswag,7,0.5384615384615384,consensus_summary,3.0,0.23076923076923078,mmlu-high-school-european-history,1.0,0.07692307692307693,mmlu-high-school-geography,1.0,0.07692307692307693,mmlu-prehistory,1.0,0.07692307692307693
3946,31,abstract2title,0.22580645161290322,abstract2title,7,0.22580645161290322,mbpp,5.0,0.16129032258064516,consensus_summary,2.0,0.06451612903225806,hellaswag,2.0,0.06451612903225806,mmlu-high-school-macroeconomics,2.0,0.06451612903225806
3947,58,mmlu-elementary-mathematics,0.3275862068965517,mmlu-elementary-mathematics,19,0.3275862068965517,hellaswag,18.0,0.3103448275862069,mmlu-high-school-mathematics,3.0,0.05172413793103448,mmlu-conceptual-physics,2.0,0.034482758620689655,mmlu-high-school-computer-science,2.0,0.034482758620689655
3949,2329,hellaswag,0.8776298840704165,hellaswag,2044,0.8776298840704165,arc-challenge,44.0,0.018892228424216402,mmlu-professional-law,36.0,0.015457277801631602,mmlu-high-school-psychology,27.0,0.011592958351223702,mmlu-philosophy,16.0,0.006869901245169601
3950,1125,hellaswag,0.6231111111111111,hellaswag,701,0.6231111111111111,winogrande,71.0,0.06311111111111112,mmlu-nutrition,57.0,0.050666666666666665,arc-challenge,52.0,0.04622222222222222,mmlu-high-school-microeconomics,42.0,0.037333333333333336
3951,49,hellaswag,0.30612244897959184,hellaswag,15,0.30612244897959184,consensus_summary,9.0,0.1836734693877551,mmlu-global-facts,2.0,0.04081632653061224,mmlu-high-school-european-history,2.0,0.04081632653061224,mmlu-high-school-geography,2.0,0.04081632653061224
3952,43,hellaswag,0.9534883720930233,hellaswag,41,0.9534883720930233,mmlu-professional-law,1.0,0.023255813953488372,mmlu-professional-medicine,1.0,0.023255813953488372,,,,,,
3953,302,mmlu-moral-scenarios,0.8708609271523179,mmlu-moral-scenarios,263,0.8708609271523179,arc-challenge,6.0,0.019867549668874173,hellaswag,5.0,0.016556291390728478,mmlu-high-school-microeconomics,4.0,0.013245033112582781,mmlu-astronomy,3.0,0.009933774834437087
3954,56,hellaswag,0.2857142857142857,hellaswag,16,0.2857142857142857,consensus_summary,5.0,0.08928571428571429,mmlu-high-school-psychology,4.0,0.07142857142857142,mmlu-human-aging,4.0,0.07142857142857142,mmlu-professional-law,3.0,0.05357142857142857
3956,18,hellaswag,0.7777777777777778,hellaswag,14,0.7777777777777778,mmlu-high-school-world-history,3.0,0.16666666666666666,mmlu-high-school-mathematics,1.0,0.05555555555555555,,,,,,
3958,192,hellaswag,0.265625,hellaswag,51,0.265625,winogrande,21.0,0.109375,mmlu-high-school-mathematics,12.0,0.0625,mbpp,11.0,0.057291666666666664,consensus_summary,10.0,0.052083333333333336
3959,1,mmlu-high-school-mathematics,1.0,mmlu-high-school-mathematics,1,1.0,,,,,,,,,,,,
3961,2302,hellaswag,0.1633362293657689,hellaswag,376,0.1633362293657689,mmlu-professional-law,228.0,0.09904430929626412,winogrande,167.0,0.07254561251086013,mmlu-marketing,163.0,0.07080799304952215,mmlu-professional-accounting,148.0,0.06429192006950478
3962,21,mmlu-high-school-us-history,0.2857142857142857,mmlu-high-school-us-history,6,0.2857142857142857,mmlu-high-school-world-history,6.0,0.2857142857142857,mmlu-high-school-european-history,4.0,0.19047619047619047,mmlu-professional-law,2.0,0.09523809523809523,mmlu-philosophy,1.0,0.047619047619047616
3965,2,abstract2title,0.5,abstract2title,1,0.5,hellaswag,1.0,0.5,,,,,,,,,
3966,1,hellaswag,1.0,hellaswag,1,1.0,,,,,,,,,,,,
3968,1359,hellaswag,0.481972038263429,hellaswag,655,0.481972038263429,mmlu-professional-psychology,161.0,0.11846946284032377,mmlu-high-school-psychology,95.0,0.06990434142752024,mmlu-professional-law,54.0,0.039735099337748346,consensus_summary,45.0,0.033112582781456956
3969,12,consensus_summary,0.4166666666666667,consensus_summary,5,0.4166666666666667,mmlu-econometrics,3.0,0.25,hellaswag,2.0,0.16666666666666666,arc-challenge,1.0,0.08333333333333333,mmlu-philosophy,1.0,0.08333333333333333
3970,72,mbpp,0.16666666666666666,mbpp,12,0.16666666666666666,chinese_idioms,8.0,0.1111111111111111,arc-challenge,6.0,0.08333333333333333,chinese_homonym,6.0,0.08333333333333333,hellaswag,6.0,0.08333333333333333
3971,14,hellaswag,0.21428571428571427,hellaswag,3,0.21428571428571427,mmlu-management,3.0,0.21428571428571427,mmlu-professional-psychology,3.0,0.21428571428571427,mmlu-public-relations,2.0,0.14285714285714285,abstract2title,1.0,0.07142857142857142
3973,32,arc-challenge,0.21875,arc-challenge,7,0.21875,mmlu-miscellaneous,7.0,0.21875,mmlu-high-school-geography,4.0,0.125,winogrande,3.0,0.09375,mmlu-astronomy,2.0,0.0625
3975,7264,grade-school-math,0.8204845814977973,grade-school-math,5960,0.8204845814977973,hellaswag,944.0,0.1299559471365639,arc-challenge,45.0,0.006194933920704845,mmlu-elementary-mathematics,32.0,0.004405286343612335,mmlu-high-school-mathematics,28.0,0.003854625550660793
3976,1334,mmlu-moral-scenarios,0.18815592203898052,mmlu-moral-scenarios,251,0.18815592203898052,mmlu-professional-law,121.0,0.09070464767616192,mmlu-prehistory,82.0,0.06146926536731634,mmlu-international-law,68.0,0.050974512743628186,arc-challenge,67.0,0.05022488755622189
3978,4,mmlu-econometrics,0.75,mmlu-econometrics,3,0.75,mmlu-human-aging,1.0,0.25,,,,,,,,,
3980,18,winogrande,0.3333333333333333,winogrande,6,0.3333333333333333,mmlu-human-aging,3.0,0.16666666666666666,hellaswag,2.0,0.1111111111111111,mmlu-elementary-mathematics,2.0,0.1111111111111111,mmlu-high-school-psychology,2.0,0.1111111111111111
3981,3,mmlu-high-school-european-history,0.6666666666666666,mmlu-high-school-european-history,2,0.6666666666666666,consensus_summary,1.0,0.3333333333333333,,,,,,,,,
3982,1,abstract2title,1.0,abstract2title,1,1.0,,,,,,,,,,,,
3983,9,hellaswag,0.2222222222222222,hellaswag,2,0.2222222222222222,mmlu-high-school-european-history,2.0,0.2222222222222222,mmlu-elementary-mathematics,1.0,0.1111111111111111,mmlu-high-school-mathematics,1.0,0.1111111111111111,mmlu-miscellaneous,1.0,0.1111111111111111
3984,43,arc-challenge,0.18604651162790697,arc-challenge,8,0.18604651162790697,hellaswag,7.0,0.16279069767441862,mmlu-elementary-mathematics,6.0,0.13953488372093023,mmlu-high-school-physics,6.0,0.13953488372093023,mmlu-miscellaneous,5.0,0.11627906976744186
3985,591,hellaswag,0.7935702199661591,hellaswag,469,0.7935702199661591,mmlu-professional-law,21.0,0.03553299492385787,mmlu-marketing,12.0,0.02030456852791878,mmlu-miscellaneous,10.0,0.01692047377326565,arc-challenge,8.0,0.01353637901861252
3986,1833,hellaswag,0.601745771958538,hellaswag,1103,0.601745771958538,arc-challenge,81.0,0.044189852700491,mmlu-professional-law,51.0,0.027823240589198037,mmlu-high-school-psychology,46.0,0.025095471903982543,mmlu-nutrition,43.0,0.023458810692853247
3987,3,hellaswag,0.6666666666666666,hellaswag,2,0.6666666666666666,mmlu-clinical-knowledge,1.0,0.3333333333333333,,,,,,,,,
3988,1,mmlu-professional-law,1.0,mmlu-professional-law,1,1.0,,,,,,,,,,,,
3989,785,hellaswag,0.267515923566879,hellaswag,210,0.267515923566879,abstract2title,122.0,0.1554140127388535,arc-challenge,51.0,0.06496815286624204,mmlu-high-school-chemistry,32.0,0.04076433121019108,winogrande,28.0,0.035668789808917196
3990,1,hellaswag,1.0,hellaswag,1,1.0,,,,,,,,,,,,
3991,3,hellaswag,1.0,hellaswag,3,1.0,,,,,,,,,,,,
3993,54,mmlu-professional-law,0.25925925925925924,mmlu-professional-law,14,0.25925925925925924,abstract2title,8.0,0.14814814814814814,mmlu-virology,8.0,0.14814814814814814,mmlu-high-school-biology,6.0,0.1111111111111111,arc-challenge,5.0,0.09259259259259259
3994,624,mbpp,0.34935897435897434,mbpp,218,0.34935897435897434,arc-challenge,54.0,0.08653846153846154,hellaswag,31.0,0.049679487179487176,mmlu-miscellaneous,30.0,0.04807692307692308,mmlu-high-school-government-and-politics,19.0,0.030448717948717948
3995,509,hellaswag,0.1787819253438114,hellaswag,91,0.1787819253438114,mmlu-high-school-statistics,43.0,0.08447937131630648,mmlu-global-facts,32.0,0.06286836935166994,mmlu-nutrition,30.0,0.05893909626719057,mmlu-professional-law,30.0,0.05893909626719057
3996,231,hellaswag,0.18181818181818182,hellaswag,42,0.18181818181818182,mmlu-high-school-chemistry,35.0,0.15151515151515152,arc-challenge,21.0,0.09090909090909091,mmlu-college-chemistry,12.0,0.05194805194805195,mmlu-high-school-physics,9.0,0.03896103896103896
3998,50,bias_detection,0.86,bias_detection,43,0.86,consensus_summary,2.0,0.04,hellaswag,2.0,0.04,mmlu-professional-law,2.0,0.04,mmlu-security-studies,1.0,0.02
3999,255,hellaswag,0.4745098039215686,hellaswag,121,0.4745098039215686,mmlu-high-school-chemistry,19.0,0.07450980392156863,mmlu-nutrition,13.0,0.050980392156862744,mmlu-college-medicine,12.0,0.047058823529411764,mmlu-high-school-psychology,12.0,0.047058823529411764
4000,19,hellaswag,0.6842105263157895,hellaswag,13,0.6842105263157895,consensus_summary,3.0,0.15789473684210525,mmlu-high-school-mathematics,2.0,0.10526315789473684,mmlu-moral-disputes,1.0,0.05263157894736842,,,
4001,44,hellaswag,0.7272727272727273,hellaswag,32,0.7272727272727273,mbpp,3.0,0.06818181818181818,mmlu-sociology,3.0,0.06818181818181818,consensus_summary,1.0,0.022727272727272728,mmlu-high-school-mathematics,1.0,0.022727272727272728
4002,173,hellaswag,0.24855491329479767,hellaswag,43,0.24855491329479767,mmlu-high-school-us-history,31.0,0.1791907514450867,abstract2title,25.0,0.14450867052023122,mmlu-high-school-world-history,21.0,0.12138728323699421,mmlu-high-school-european-history,14.0,0.08092485549132948
4003,2,consensus_summary,1.0,consensus_summary,2,1.0,,,,,,,,,,,,
4005,18,mmlu-marketing,0.2777777777777778,mmlu-marketing,5,0.2777777777777778,mmlu-econometrics,3.0,0.16666666666666666,mmlu-professional-psychology,2.0,0.1111111111111111,winogrande,2.0,0.1111111111111111,hellaswag,1.0,0.05555555555555555
4007,35,winogrande,0.2571428571428571,winogrande,9,0.2571428571428571,hellaswag,6.0,0.17142857142857143,consensus_summary,4.0,0.11428571428571428,mmlu-college-mathematics,2.0,0.05714285714285714,mmlu-high-school-mathematics,2.0,0.05714285714285714
4008,345,chinese_zodiac,0.8231884057971014,chinese_zodiac,284,0.8231884057971014,hellaswag,32.0,0.0927536231884058,mbpp,16.0,0.0463768115942029,mmlu-high-school-world-history,3.0,0.008695652173913044,mtbench-reference,2.0,0.005797101449275362
4009,21,mmlu-professional-law,0.38095238095238093,mmlu-professional-law,8,0.38095238095238093,hellaswag,7.0,0.3333333333333333,mmlu-high-school-us-history,3.0,0.14285714285714285,mmlu-philosophy,2.0,0.09523809523809523,mmlu-high-school-government-and-politics,1.0,0.047619047619047616
4010,3,mmlu-high-school-european-history,1.0,mmlu-high-school-european-history,3,1.0,,,,,,,,,,,,
4011,41,mmlu-high-school-world-history,0.4634146341463415,mmlu-high-school-world-history,19,0.4634146341463415,mmlu-high-school-us-history,8.0,0.1951219512195122,mmlu-high-school-european-history,6.0,0.14634146341463414,abstract2title,2.0,0.04878048780487805,consensus_summary,2.0,0.04878048780487805
4013,445,hellaswag,0.2202247191011236,hellaswag,98,0.2202247191011236,mmlu-high-school-macroeconomics,32.0,0.07191011235955057,mmlu-conceptual-physics,29.0,0.0651685393258427,arc-challenge,25.0,0.056179775280898875,mmlu-electrical-engineering,23.0,0.051685393258426963
4014,79,winogrande,0.379746835443038,winogrande,30,0.379746835443038,hellaswag,23.0,0.2911392405063291,arc-challenge,8.0,0.10126582278481013,mmlu-high-school-geography,3.0,0.0379746835443038,mmlu-miscellaneous,3.0,0.0379746835443038
4015,1,mmlu-high-school-government-and-politics,1.0,mmlu-high-school-government-and-politics,1,1.0,,,,,,,,,,,,
4016,2159,hellaswag,0.7823066234367763,hellaswag,1689,0.7823066234367763,mmlu-professional-law,110.0,0.05094951366373321,winogrande,98.0,0.04539138490041686,arc-challenge,33.0,0.015284854099119963,mmlu-miscellaneous,24.0,0.0111162575266327
4017,13,mmlu-professional-law,0.5384615384615384,mmlu-professional-law,7,0.5384615384615384,consensus_summary,2.0,0.15384615384615385,hellaswag,1.0,0.07692307692307693,mmlu-college-medicine,1.0,0.07692307692307693,mmlu-high-school-chemistry,1.0,0.07692307692307693
4018,10,mbpp,0.5,mbpp,5,0.5,mmlu-high-school-world-history,2.0,0.2,abstract2title,1.0,0.1,hellaswag,1.0,0.1,mtbench-reference,1.0,0.1
4019,365,mmlu-logical-fallacies,0.14246575342465753,mmlu-logical-fallacies,52,0.14246575342465753,mmlu-moral-disputes,37.0,0.10136986301369863,mmlu-philosophy,30.0,0.0821917808219178,mmlu-professional-law,28.0,0.07671232876712329,mmlu-jurisprudence,25.0,0.0684931506849315
4020,1620,hellaswag,0.3228395061728395,hellaswag,523,0.3228395061728395,winogrande,143.0,0.0882716049382716,mmlu-philosophy,109.0,0.06728395061728396,mmlu-prehistory,85.0,0.05246913580246913,mmlu-world-religions,83.0,0.05123456790123457
4021,2489,hellaswag,0.45922057051024506,hellaswag,1143,0.45922057051024506,mbpp,183.0,0.07352350341502611,arc-challenge,139.0,0.05584572117316191,winogrande,119.0,0.047810365608678185,mmlu-professional-law,96.0,0.038569706709521895
4022,1,mmlu-high-school-geography,1.0,mmlu-high-school-geography,1,1.0,,,,,,,,,,,,
4023,479,hellaswag,0.3235908141962422,hellaswag,155,0.3235908141962422,chinese_zodiac,84.0,0.17536534446764093,mbpp,62.0,0.12943632567849686,mmlu-elementary-mathematics,23.0,0.04801670146137787,mmlu-high-school-mathematics,14.0,0.029227557411273485
4024,1145,hellaswag,0.6960698689956332,hellaswag,797,0.6960698689956332,mmlu-security-studies,64.0,0.05589519650655022,mmlu-professional-law,49.0,0.04279475982532751,mmlu-high-school-world-history,28.0,0.02445414847161572,winogrande,24.0,0.02096069868995633
4026,526,mmlu-professional-law,0.39543726235741444,mmlu-professional-law,208,0.39543726235741444,arc-challenge,43.0,0.0817490494296578,hellaswag,36.0,0.06844106463878327,mmlu-high-school-psychology,27.0,0.051330798479087454,mmlu-professional-psychology,18.0,0.034220532319391636
4027,17,consensus_summary,0.17647058823529413,consensus_summary,3,0.17647058823529413,winogrande,3.0,0.17647058823529413,hellaswag,2.0,0.11764705882352941,mbpp,2.0,0.11764705882352941,mmlu-miscellaneous,2.0,0.11764705882352941
4029,265,mmlu-high-school-statistics,0.2037735849056604,mmlu-high-school-statistics,54,0.2037735849056604,mmlu-econometrics,22.0,0.0830188679245283,mmlu-global-facts,21.0,0.07924528301886792,mbpp,18.0,0.06792452830188679,hellaswag,16.0,0.06037735849056604
4030,15,hellaswag,0.9333333333333333,hellaswag,14,0.9333333333333333,mmlu-jurisprudence,1.0,0.06666666666666667,,,,,,,,,
4034,1282,hellaswag,0.5616224648985959,hellaswag,720,0.5616224648985959,arc-challenge,95.0,0.07410296411856475,winogrande,63.0,0.04914196567862714,mbpp,27.0,0.02106084243369735,mmlu-human-aging,24.0,0.0187207488299532
4035,9,mmlu-high-school-world-history,0.5555555555555556,mmlu-high-school-world-history,5,0.5555555555555556,mmlu-high-school-psychology,1.0,0.1111111111111111,mmlu-high-school-us-history,1.0,0.1111111111111111,mmlu-professional-law,1.0,0.1111111111111111,mmlu-professional-medicine,1.0,0.1111111111111111
4036,36,abstract2title,0.8055555555555556,abstract2title,29,0.8055555555555556,consensus_summary,5.0,0.1388888888888889,hellaswag,2.0,0.05555555555555555,,,,,,
4037,1,hellaswag,1.0,hellaswag,1,1.0,,,,,,,,,,,,
4038,1617,hellaswag,0.7922077922077922,hellaswag,1281,0.7922077922077922,mmlu-professional-law,46.0,0.02844774273345702,mbpp,34.0,0.021026592455163882,mmlu-high-school-world-history,33.0,0.02040816326530612,arc-challenge,23.0,0.01422387136672851
4039,1397,hellaswag,0.10522548317823908,hellaswag,147,0.10522548317823908,arc-challenge,126.0,0.0901932712956335,mmlu-elementary-mathematics,96.0,0.06871868289191124,mmlu-high-school-physics,88.0,0.06299212598425197,mmlu-high-school-mathematics,85.0,0.06084466714387974
4040,1280,hellaswag,0.18984375,hellaswag,243,0.18984375,mmlu-professional-law,84.0,0.065625,arc-challenge,76.0,0.059375,mmlu-professional-psychology,66.0,0.0515625,mmlu-high-school-psychology,49.0,0.03828125
4042,1123,hellaswag,0.3633125556544969,hellaswag,408,0.3633125556544969,mbpp,77.0,0.06856634016028496,mmlu-professional-law,70.0,0.06233303650934995,winogrande,63.0,0.05609973285841496,mmlu-high-school-macroeconomics,46.0,0.04096170970614425
4043,173,hellaswag,0.5433526011560693,hellaswag,94,0.5433526011560693,mmlu-professional-law,15.0,0.08670520231213873,mmlu-elementary-mathematics,6.0,0.03468208092485549,mmlu-miscellaneous,6.0,0.03468208092485549,mmlu-philosophy,6.0,0.03468208092485549
4044,350,hellaswag,0.25142857142857145,hellaswag,88,0.25142857142857145,mbpp,58.0,0.1657142857142857,arc-challenge,31.0,0.08857142857142856,winogrande,24.0,0.06857142857142857,mmlu-high-school-mathematics,23.0,0.06571428571428571
4045,165,mbpp,0.45454545454545453,mbpp,75,0.45454545454545453,Chinese_character_riddles,21.0,0.12727272727272726,chinese_homonym,14.0,0.08484848484848485,chinese_idioms,9.0,0.05454545454545454,chinese_shi_jing,7.0,0.04242424242424243
4046,6,hellaswag,0.5,hellaswag,3,0.5,mmlu-nutrition,1.0,0.16666666666666666,mmlu-professional-law,1.0,0.16666666666666666,mmlu-professional-medicine,1.0,0.16666666666666666,,,
4047,63,hellaswag,0.2698412698412698,hellaswag,17,0.2698412698412698,winogrande,12.0,0.19047619047619047,mbpp,10.0,0.15873015873015872,chinese_idioms,7.0,0.1111111111111111,chinese_hard_translations,6.0,0.09523809523809523
4048,1039,hellaswag,0.3012512030798845,hellaswag,313,0.3012512030798845,mmlu-professional-law,67.0,0.06448508180943215,mmlu-miscellaneous,55.0,0.05293551491819057,arc-challenge,48.0,0.04619826756496631,consensus_summary,36.0,0.03464870067372473
4049,96,mmlu-high-school-statistics,0.13541666666666666,mmlu-high-school-statistics,13,0.13541666666666666,mmlu-nutrition,13.0,0.13541666666666666,mmlu-high-school-european-history,12.0,0.125,consensus_summary,7.0,0.07291666666666667,mmlu-high-school-us-history,6.0,0.0625
4050,4,mmlu-high-school-us-history,1.0,mmlu-high-school-us-history,4,1.0,,,,,,,,,,,,
4051,267,hellaswag,0.49063670411985016,hellaswag,131,0.49063670411985016,mmlu-miscellaneous,17.0,0.06367041198501873,mmlu-machine-learning,15.0,0.056179775280898875,mbpp,12.0,0.0449438202247191,mmlu-high-school-psychology,10.0,0.03745318352059925
4052,87,arc-challenge,0.26436781609195403,arc-challenge,23,0.26436781609195403,mmlu-astronomy,11.0,0.12643678160919541,mmlu-high-school-statistics,10.0,0.11494252873563218,mmlu-high-school-psychology,5.0,0.05747126436781609,mmlu-miscellaneous,5.0,0.05747126436781609
4054,16,winogrande,0.3125,winogrande,5,0.3125,mmlu-philosophy,3.0,0.1875,mmlu-professional-law,3.0,0.1875,hellaswag,2.0,0.125,mmlu-econometrics,1.0,0.0625
4055,3,mmlu-high-school-us-history,1.0,mmlu-high-school-us-history,3,1.0,,,,,,,,,,,,
4057,6,consensus_summary,0.5,consensus_summary,3,0.5,mmlu-high-school-us-history,2.0,0.3333333333333333,mmlu-philosophy,1.0,0.16666666666666666,,,,,,
4058,178,hellaswag,0.19662921348314608,hellaswag,35,0.19662921348314608,mmlu-high-school-european-history,32.0,0.1797752808988764,mmlu-high-school-world-history,32.0,0.1797752808988764,mmlu-security-studies,18.0,0.10112359550561797,mmlu-high-school-us-history,17.0,0.09550561797752809
4059,55,abstract2title,0.34545454545454546,abstract2title,19,0.34545454545454546,mmlu-computer-security,12.0,0.21818181818181817,hellaswag,6.0,0.10909090909090909,mbpp,5.0,0.09090909090909091,mmlu-professional-law,5.0,0.09090909090909091
4060,2,abstract2title,0.5,abstract2title,1,0.5,hellaswag,1.0,0.5,,,,,,,,,
4062,124,hellaswag,0.3709677419354839,hellaswag,46,0.3709677419354839,mbpp,10.0,0.08064516129032258,mmlu-miscellaneous,10.0,0.08064516129032258,mmlu-professional-law,8.0,0.06451612903225806,mmlu-high-school-world-history,7.0,0.056451612903225805
4065,1727,hellaswag,0.2692530399536769,hellaswag,465,0.2692530399536769,mmlu-professional-law,187.0,0.10828025477707007,mmlu-high-school-psychology,161.0,0.09322524609148813,mmlu-professional-psychology,103.0,0.059640995946728434,mmlu-high-school-world-history,48.0,0.027793862188766647
4066,785,mmlu-professional-law,0.21146496815286625,mmlu-professional-law,166,0.21146496815286625,mmlu-moral-scenarios,145.0,0.18471337579617833,hellaswag,106.0,0.13503184713375796,winogrande,78.0,0.09936305732484077,abstract2title,54.0,0.06878980891719745
4069,2792,mmlu-professional-law,0.20558739255014327,mmlu-professional-law,574,0.20558739255014327,hellaswag,412.0,0.14756446991404013,arc-challenge,203.0,0.07270773638968481,winogrande,139.0,0.04978510028653295,mmlu-miscellaneous,122.0,0.04369627507163324
4070,57,winogrande,0.40350877192982454,winogrande,23,0.40350877192982454,hellaswag,20.0,0.3508771929824561,mmlu-high-school-world-history,4.0,0.07017543859649122,mmlu-miscellaneous,4.0,0.07017543859649122,mmlu-college-medicine,2.0,0.03508771929824561
4072,89,arc-challenge,0.23595505617977527,arc-challenge,21,0.23595505617977527,mmlu-marketing,16.0,0.1797752808988764,mmlu-high-school-psychology,12.0,0.1348314606741573,hellaswag,4.0,0.0449438202247191,mmlu-high-school-chemistry,4.0,0.0449438202247191
4076,195,hellaswag,0.26153846153846155,hellaswag,51,0.26153846153846155,mmlu-high-school-psychology,31.0,0.15897435897435896,mmlu-professional-psychology,23.0,0.11794871794871795,mmlu-world-religions,14.0,0.07179487179487179,mmlu-machine-learning,11.0,0.05641025641025641
4077,110,hellaswag,0.4636363636363636,hellaswag,51,0.4636363636363636,winogrande,21.0,0.19090909090909092,arc-challenge,12.0,0.10909090909090909,mmlu-high-school-us-history,6.0,0.05454545454545454,consensus_summary,5.0,0.045454545454545456
4079,1,abstract2title,1.0,abstract2title,1,1.0,,,,,,,,,,,,
4080,9,hellaswag,0.2222222222222222,hellaswag,2,0.2222222222222222,mmlu-high-school-computer-science,2.0,0.2222222222222222,mmlu-computer-security,1.0,0.1111111111111111,mmlu-elementary-mathematics,1.0,0.1111111111111111,mmlu-moral-disputes,1.0,0.1111111111111111
4081,50,hellaswag,0.38,hellaswag,19,0.38,consensus_summary,5.0,0.1,mmlu-security-studies,5.0,0.1,mmlu-high-school-macroeconomics,3.0,0.06,mmlu-us-foreign-policy,3.0,0.06
4083,1176,hellaswag,0.3715986394557823,hellaswag,437,0.3715986394557823,chinese_zodiac,284.0,0.24149659863945577,mmlu-professional-law,151.0,0.1284013605442177,mmlu-moral-scenarios,42.0,0.03571428571428571,arc-challenge,28.0,0.023809523809523808
4084,7,hellaswag,0.2857142857142857,hellaswag,2,0.2857142857142857,mmlu-professional-law,2.0,0.2857142857142857,abstract2title,1.0,0.14285714285714285,mmlu-econometrics,1.0,0.14285714285714285,mmlu-miscellaneous,1.0,0.14285714285714285
4085,1737,hellaswag,0.2118595279217041,hellaswag,368,0.2118595279217041,mmlu-elementary-mathematics,202.0,0.11629245826137018,winogrande,122.0,0.07023603914795624,mmlu-high-school-mathematics,96.0,0.055267702936096716,mmlu-high-school-statistics,91.0,0.05238917674150835
4087,8,mmlu-high-school-european-history,0.375,mmlu-high-school-european-history,3,0.375,mmlu-elementary-mathematics,2.0,0.25,consensus_summary,1.0,0.125,hellaswag,1.0,0.125,mmlu-econometrics,1.0,0.125
4088,1793,mmlu-professional-law,0.24818739542665924,mmlu-professional-law,445,0.24818739542665924,hellaswag,212.0,0.11823759063022866,mmlu-professional-accounting,180.0,0.1003904071388734,arc-challenge,123.0,0.06860011154489683,mmlu-high-school-macroeconomics,101.0,0.05633017289459007
4089,12,hellaswag,0.9166666666666666,hellaswag,11,0.9166666666666666,mmlu-professional-law,1.0,0.08333333333333333,,,,,,,,,
4090,431,hellaswag,0.20185614849187936,hellaswag,87,0.20185614849187936,arc-challenge,82.0,0.1902552204176334,mmlu-high-school-biology,57.0,0.13225058004640372,mmlu-high-school-macroeconomics,39.0,0.09048723897911833,mmlu-prehistory,22.0,0.05104408352668213
4092,86,winogrande,0.3372093023255814,winogrande,29,0.3372093023255814,hellaswag,22.0,0.2558139534883721,abstract2title,20.0,0.23255813953488372,mmlu-high-school-world-history,3.0,0.03488372093023256,mmlu-miscellaneous,3.0,0.03488372093023256
4093,416,hellaswag,0.8317307692307693,hellaswag,346,0.8317307692307693,winogrande,16.0,0.038461538461538464,consensus_summary,14.0,0.03365384615384615,mmlu-miscellaneous,5.0,0.01201923076923077,mmlu-moral-disputes,4.0,0.009615384615384616
4094,1127,hellaswag,0.4605146406388642,hellaswag,519,0.4605146406388642,abstract2title,59.0,0.05235137533274179,consensus_summary,46.0,0.04081632653061224,mmlu-moral-disputes,45.0,0.03992901508429459,mmlu-miscellaneous,34.0,0.030168589174800354
